# Blender 4.4.0
# www.blender.org
mtllib Untitled.mtl
o Mesh_lod0
v -0.425598 1.836748 -0.117682
v -0.390119 1.831635 -0.158397
v -0.373244 1.851050 -0.150847
v -0.348350 1.807531 -0.194601
v -0.418173 1.812875 -0.175524
v -0.473793 1.789731 -0.160854
v -0.381614 1.781119 -0.213223
v -0.433860 1.766818 -0.207523
v -0.328667 1.749019 -0.221001
v -0.369302 1.703731 -0.236836
v -0.410937 1.728182 -0.232884
v -0.454326 1.733064 -0.216010
v -0.412800 1.679319 -0.235671
v -0.452031 1.699810 -0.224041
v -0.486348 1.714688 -0.199010
v -0.476682 1.794268 -0.115706
v -0.488103 1.779159 -0.145602
v -0.468069 1.646027 -0.214617
v -0.513240 1.715957 -0.143854
v -0.499605 1.682933 -0.185860
v -0.510324 1.637184 -0.158979
v -0.490884 1.636954 -0.173066
v -0.506679 1.614618 -0.137697
v -0.485295 1.651985 -0.180540
v -0.500550 1.626497 -0.139699
v -0.520800 1.666633 -0.218670
v -0.535110 1.670477 -0.185759
v -0.540915 1.681972 -0.218214
v -0.547206 1.655907 -0.168886
v -0.553605 1.684317 -0.183884
v -0.614356 1.705500 -0.195057
v -0.638791 1.706999 -0.184011
v -0.567456 1.671284 -0.168531
v -0.574746 1.665710 -0.152012
v -0.556872 1.651140 -0.153279
v -0.564081 1.631033 -0.148414
v -0.583171 1.635800 -0.142688
v -0.589786 1.355850 -0.202506
v -0.585142 1.376763 -0.187735
v -0.595834 1.380608 -0.201467
v -0.614113 1.378647 -0.200175
v -0.596428 1.393063 -0.167821
v -0.562110 1.305219 -0.168303
v -0.571182 1.327439 -0.132453
v -0.627964 1.372842 -0.167821
v -0.592000 1.344778 -0.130603
v -0.605284 1.381069 -0.154571
v -0.628774 1.351429 -0.151885
v -0.642733 1.339203 -0.146311
v -0.625507 1.309063 -0.137824
v -0.583279 1.311639 -0.120950
v -0.554658 1.279615 -0.137368
v -0.554199 1.281152 -0.261158
v -0.577798 1.271695 -0.128956
v -0.643678 1.310678 -0.141650
v -0.640519 1.274386 -0.156420
v -0.562569 1.246091 -0.146185
v -0.542049 1.234712 -0.219253
v -0.547314 1.246245 -0.164959
v -0.556737 1.227100 -0.177145
v -0.585385 1.382261 -0.209955
v -0.554199 1.281152 -0.261158
v -0.589786 1.355850 -0.202506
v -0.614113 1.378647 -0.200175
v -0.568725 1.318712 -0.270456
v -0.589084 1.380492 -0.248947
v -0.599911 1.391795 -0.230907
v -0.580255 1.313253 -0.281047
v -0.606202 1.377494 -0.252772
v -0.625291 1.374226 -0.231972
v -0.639142 1.355158 -0.252417
v -0.650266 1.366422 -0.232656
v -0.645757 1.373649 -0.206813
v -0.664360 1.375610 -0.236253
v -0.662632 1.328477 -0.244285
v -0.622267 1.324248 -0.266327
v -0.641680 1.310332 -0.266149
v -0.560949 1.252396 -0.261032
v -0.620269 1.291379 -0.263996
v -0.637279 1.275424 -0.250720
v -0.562218 1.229483 -0.226702
v -0.557925 1.223640 -0.205420
v -0.661930 1.324556 -0.160626
v -0.663442 1.292071 -0.172610
v -0.639709 1.262161 -0.183200
v -0.638656 1.262046 -0.224269
v -0.662740 1.295338 -0.237292
v -0.657529 1.276616 -0.206357
v -0.748628 1.356772 -0.199846
v -0.713257 1.343855 -0.231237
v -0.747008 1.382261 -0.242537
v -0.758159 1.385490 -0.221128
v -0.750140 1.425434 -0.220317
v -0.760832 1.389565 -0.195209
v -0.753056 1.421935 -0.196603
v -0.761507 1.578326 -0.214388
v -0.759320 1.580287 -0.187026
v -0.772604 1.644758 -0.206940
v -0.760022 1.642644 -0.162121
v -0.748843 1.575866 -0.168303
v -0.740582 1.427740 -0.174358
v -0.744659 1.385490 -0.160043
v -0.713797 1.344662 -0.175169
v -0.705697 1.395755 -0.146185
v -0.651589 1.362347 -0.170634
v -0.690442 1.359925 -0.165035
v -0.645757 1.373649 -0.206813
v -0.660553 1.375841 -0.171901
v -0.708829 1.431585 -0.159461
v -0.666790 1.405289 -0.158878
v -0.648079 1.405981 -0.196806
v -0.665305 1.443003 -0.202379
v -0.677401 1.437159 -0.173877
v -0.676213 1.482216 -0.178412
v -0.719737 1.568907 -0.154089
v -0.699757 1.488598 -0.160398
v -0.680560 1.570522 -0.157814
v -0.737423 1.637530 -0.146666
v -0.700000 1.555490 -0.150036
v -0.689281 1.609504 -0.152696
v -0.663793 1.592282 -0.198427
v -0.717982 1.620884 -0.143626
v -0.672622 1.614041 -0.160145
v -0.672757 1.648602 -0.145501
v -0.617488 1.589014 -0.127335
v -0.597589 1.619615 -0.129539
v -0.667627 1.668017 -0.153431
v -0.639817 1.688853 -0.167593
v -0.749870 1.664749 -0.159106
v -0.714175 1.669209 -0.153177
v -0.681370 1.692121 -0.144209
v -0.666250 1.704808 -0.155508
v -0.691846 1.715611 -0.161082
v -0.667411 1.733526 -0.199846
v -0.762695 1.673629 -0.196350
v -0.724301 1.706884 -0.186241
v -0.696949 1.733295 -0.206940
v -0.760373 1.670592 -0.229742
v -0.609226 1.696312 -0.231490
v -0.666358 1.725721 -0.246388
v -0.589786 1.672784 -0.250923
v -0.705454 1.714688 -0.238229
v -0.676726 1.707460 -0.267442
v -0.759320 1.639876 -0.250568
v -0.718846 1.687008 -0.252139
v -0.745820 1.662212 -0.258017
v -0.744092 1.589936 -0.253026
v -0.745495 1.636146 -0.265921
v -0.722221 1.651140 -0.270228
v -0.754055 1.539690 -0.226246
v -0.737072 1.429509 -0.237520
v -0.720358 1.390872 -0.257434
v -0.739097 1.528387 -0.243829
v -0.714175 1.589590 -0.264173
v -0.708019 1.518507 -0.253228
v -0.694276 1.360732 -0.242410
v -0.704050 1.436582 -0.247072
v -0.691144 1.402252 -0.259993
v -0.683800 1.686393 -0.273015
v -0.683935 1.640221 -0.259511
v -0.678805 1.442887 -0.230426
v -0.696733 1.532808 -0.253482
v -0.673108 1.607390 -0.240788
v -0.668464 1.404020 -0.248364
v -0.654370 1.408787 -0.224497
v -0.665305 1.443003 -0.202379
v -0.648079 1.405981 -0.196806
v 0.606862 0.824896 -0.019025
v 0.593146 0.773689 -0.030882
v 0.609994 0.805943 -0.006686
v 0.595549 0.871798 -0.006788
v 0.593362 0.795333 -0.014008
v 0.587557 0.868185 0.003575
v 0.583804 0.871798 -0.017961
v 0.605566 0.830701 -0.025637
v 0.590473 0.830701 -0.012716
v 0.572977 0.869915 -0.006914
v 0.601624 0.880064 -0.030299
v 0.618958 0.843849 -0.041244
v 0.600922 0.724826 -0.072990
v 0.646876 0.834892 -0.038103
v 0.640126 0.772651 -0.064857
v 0.628597 0.724941 -0.073345
v 0.654112 0.734014 -0.052063
v 0.668881 0.735898 -0.045070
v 0.650278 0.675502 -0.052291
v 0.665749 0.829663 -0.029362
v 0.674011 0.721789 -0.030173
v 0.645823 0.649437 -0.037419
v 0.686620 0.703067 -0.016669
v 0.682003 0.825358 -0.007244
v 0.668881 0.823858 -0.019025
v 0.651925 0.865839 -0.031921
v 0.649657 0.877142 -0.016795
v 0.605458 0.929734 -0.024244
v 0.562041 0.923813 -0.024041
v 0.510417 0.975482 -0.022850
v 0.498294 0.942536 -0.014591
v 0.497943 0.905898 -0.048668
v 0.514818 0.965679 -0.053557
v 0.507636 0.914010 -0.087533
v 0.468027 0.859688 -0.113983
v 0.491058 0.904937 -0.139902
v 0.514953 0.955684 -0.099187
v 0.488520 0.960220 -0.157713
v 0.512604 0.977097 -0.102126
v 0.520272 1.013734 -0.061259
v 0.503586 1.008621 -0.140484
v 0.511659 1.043990 -0.108840
v 0.520731 1.031842 -0.035417
v 0.522837 0.995935 -0.022141
v 0.503397 1.087740 -0.067061
v 0.521244 1.030150 -0.010157
v 0.563445 0.980134 -0.005850
v 0.457092 1.196998 -0.059739
v 0.448479 1.185965 0.011834
v 0.518058 1.036686 0.031495
v 0.651061 0.898671 -0.004685
v 0.593011 0.961835 -0.004938
v 0.569412 0.981633 0.024983
v 0.596035 0.964641 0.019967
v 0.646525 0.909974 0.014621
v 0.668746 0.864802 0.007527
v 0.655030 0.860611 0.017180
v 0.637480 0.883639 0.008211
v 0.659215 0.855959 -0.001898
v 0.685972 0.805597 0.004031
v 0.644770 0.897864 -0.001315
v 0.691156 0.745778 -0.008080
v 0.677467 0.854575 0.010770
v 0.696556 0.697608 0.023919
v 0.694477 0.772651 0.022754
v 0.671257 0.859804 0.027416
v 0.626734 0.920546 0.036384
v 0.671338 0.829894 0.034864
v 0.680329 0.715061 0.041376
v 0.614422 0.910550 0.027188
v 0.621199 0.917278 0.018117
v 0.652924 0.835469 0.024629
v 0.642340 0.891674 0.019511
v 0.664831 0.812671 0.022754
v 0.675145 0.726941 0.029164
v 0.667720 0.685959 0.038006
v 0.657460 0.827472 0.034180
v 0.679951 0.734014 0.039399
v 0.670501 0.832816 0.028809
v 0.660268 0.868185 0.024173
v 0.641989 0.895634 0.045227
v 0.538686 0.995012 0.041502
v 0.667720 0.842350 0.044872
v 0.611263 0.921238 0.059415
v 0.637804 0.883178 0.065014
v 0.578458 0.930310 0.058959
v 0.624007 0.871914 0.062911
v 0.641071 0.811633 0.071880
v 0.647119 0.833277 0.062202
v 0.625357 0.871106 0.048470
v 0.629083 0.829433 0.049888
v 0.632620 0.831547 0.068384
v 0.654247 0.817092 0.076744
v 0.616528 0.818130 0.068840
v 0.614287 0.727748 0.094099
v 0.643312 0.718675 0.090375
v 0.682867 0.765885 0.045328
v 0.656461 0.695839 0.087461
v 0.667396 0.768691 0.073501
v 0.669583 0.710409 0.068257
v 0.681895 0.695147 0.049888
v 0.665263 0.638826 0.041502
v 0.660187 0.633829 0.059769
v 0.641341 0.638250 0.074312
v 0.616744 0.622795 0.095265
v 0.606646 0.592424 0.073375
v 0.598114 0.592193 0.083154
v 0.410436 0.465020 0.091996
v 0.509472 0.541870 0.089792
v 0.596494 0.626255 0.093288
v 0.590797 0.645016 0.102587
v 0.374471 0.459984 0.089894
v 0.514575 0.559939 0.088044
v 0.473616 0.538871 0.094555
v 0.462789 0.551058 0.097824
v 0.373769 0.464059 0.098406
v 0.356435 0.403778 0.086752
v 0.362888 0.487125 0.102359
v 0.513414 0.606687 0.096430
v 0.583588 0.673272 0.098634
v 0.534123 0.647669 0.074312
v 0.603595 0.758811 0.066990
v 0.581833 0.698184 0.075250
v 0.604891 0.811518 0.048596
v 0.607915 0.811749 0.055690
v 0.175264 2.117122 0.068612
v 0.174805 2.179132 0.048723
v 0.161899 2.144341 0.036258
v 0.172483 2.149761 0.065698
v 0.155851 2.109587 0.069878
v 0.158173 2.118544 0.086169
v 0.162115 2.196163 0.075478
v 0.139651 2.157296 0.083864
v 0.121858 2.153682 0.066509
v 0.138490 2.139843 0.048951
v 0.126745 2.159180 0.051155
v 0.114406 2.181978 0.088044
v 0.075795 2.158373 0.064431
v 0.098287 2.150184 0.042313
v 0.144214 2.080831 0.040920
v 0.137680 2.074564 0.051510
v 0.096964 2.107050 0.057565
v 0.057165 2.134383 0.084446
v 0.080791 2.092133 0.071753
v 0.129202 2.050613 0.068612
v 0.104173 2.033967 0.063139
v 0.064158 2.057341 0.069321
v 0.092536 2.019089 0.064076
v 0.041910 2.053189 0.082445
v 0.025170 2.039772 0.084902
v 0.081952 1.988949 0.064304
v 0.101743 1.996023 0.044163
v -0.009390 2.072950 0.092452
v 0.093130 1.946699 0.036739
v 0.072744 1.973225 0.073501
v -0.021135 2.005365 0.089083
v 0.018420 2.013592 0.081406
v 0.067992 1.961730 0.063367
v 0.083815 1.937280 0.033826
v 0.088243 1.916789 0.035903
v 0.031677 1.976262 0.082572
v 0.068208 1.939971 0.071626
v 0.052737 1.927054 0.067674
v 0.010401 1.984067 0.077226
v 0.015288 1.928784 0.064076
v 0.155608 1.482677 -0.036684
v 0.142000 1.480909 -0.026930
v 0.158038 1.477795 -0.021685
v 0.174805 1.524543 0.001016
v 0.150424 1.503514 -0.005850
v 0.151288 1.526773 -0.012387
v 0.172240 1.534461 -0.007953
v 0.152125 1.526196 0.008211
v 0.156769 1.556221 -0.000403
v 0.119185 1.586361 -0.029944
v 0.086245 1.585515 -0.012159
v 0.120697 1.583901 -0.014490
v 0.163411 1.613234 -0.002607
v 0.161062 1.619962 -0.028424
v 0.134899 1.631149 -0.031110
v 0.137923 1.663826 -0.026220
v 0.178072 1.655215 -0.001543
v 0.167839 1.657675 -0.027259
v 0.125017 1.713073 -0.042967
v 0.158335 1.690930 -0.025536
v 0.109006 1.739831 -0.022394
v 0.159739 1.692582 -0.003190
v 0.131524 1.674437 0.002511
v 0.121291 1.644297 0.004740
v 0.075795 1.896798 0.031849
v 0.057273 1.892262 0.049306
v 0.088243 1.707230 -0.008992
v 0.077415 1.864890 0.023109
v 0.098017 1.770893 0.018472
v 0.088351 1.851050 0.045328
v 0.106279 1.824062 0.005880
v 0.115000 1.779736 0.002739
v 0.110275 1.812759 0.028581
v 0.077172 1.831866 0.049888
v 0.031326 1.877576 0.054297
v -0.030693 1.950428 0.077910
v 0.069369 1.811029 0.038361
v -0.010092 1.919480 0.064304
v 0.028086 1.869541 0.046975
v 0.024819 1.838940 0.046848
v 0.070422 1.778467 0.034636
v 0.074850 1.744713 0.018345
v -0.005313 1.847667 0.044061
v 0.028896 1.782504 0.040109
v 0.053196 1.708652 0.020448
v 0.073581 1.678858 0.002055
v 0.108250 1.641144 0.009022
v 0.094048 1.636031 0.000762
v 0.070557 1.656407 0.001117
v -0.501711 2.178018 -0.101619
v -0.479706 2.211887 -0.107801
v -0.476331 2.184784 -0.057864
v -0.511485 2.158027 -0.118163
v -0.513699 2.172674 -0.075903
v -0.482487 2.174519 -0.045779
v -0.519504 2.139266 -0.088597
v -0.503466 2.161371 -0.059967
v -0.456108 2.171597 -0.042156
v -0.477384 2.151030 -0.042283
v -0.501117 2.146609 -0.077525
v -0.500901 2.120198 -0.118620
v -0.504033 2.120736 -0.087077
v -0.505896 2.130847 -0.063109
v -0.492045 2.115777 -0.059258
v -0.501819 2.158257 -0.126068
v -0.510081 2.104705 -0.104077
v -0.486942 2.182977 -0.138736
v -0.502494 2.165100 -0.148642
v -0.498093 2.086674 -0.128855
v -0.493800 2.121005 -0.144563
v -0.442716 2.186283 -0.160955
v -0.493206 2.140804 -0.165161
v -0.472740 2.173327 -0.176562
v -0.484134 2.095286 -0.154672
v -0.472929 2.117122 -0.161082
v -0.471228 2.143572 -0.166428
v -0.439341 2.171521 -0.178310
v -0.466908 2.132884 -0.176664
v -0.444471 2.152183 -0.168759
v -0.429324 2.141150 -0.176436
v -0.452031 2.116468 -0.171444
v -0.406886 2.178940 -0.156775
v -0.410612 2.124042 -0.156091
v -0.469095 2.075487 -0.148288
v -0.432483 2.100168 -0.161082
v -0.496473 2.079101 -0.089179
v -0.483081 2.069682 -0.111982
v -0.443175 2.073757 -0.132579
v -0.472929 2.096439 -0.057054
v -0.461562 2.074795 -0.083352
v -0.411180 2.112970 -0.135721
v -0.448872 2.091902 -0.109195
v -0.436209 2.114969 -0.057636
v -0.444336 2.123119 -0.043220
v -0.451086 2.143418 -0.044132
v -0.421413 2.119928 -0.038913
v -0.387446 2.132308 -0.018189
v -0.426273 2.234684 -0.054495
v -0.399650 2.190820 -0.031465
v -0.416877 2.209657 -0.038103
v -0.410370 2.166254 -0.029944
v -0.387338 2.241412 -0.021356
v -0.366143 2.189205 0.000306
v -0.348350 2.153221 0.005779
v -0.352778 2.206082 0.016825
v -0.330665 2.256790 0.030684
v -0.299561 2.188859 0.061290
v -0.320081 2.158257 0.039045
v -0.278636 2.157142 0.059313
v -0.249799 2.196586 0.077327
v -0.252446 2.154644 0.061974
v -0.274235 2.132961 0.039298
v -0.324266 2.136844 0.010770
v -0.327047 2.118045 -0.017505
v -0.288896 2.114969 -0.029362
v -0.373595 2.089557 -0.043448
v -0.401162 2.108780 -0.025055
v -0.361607 2.084214 -0.059030
v -0.394655 2.062147 -0.074637
v -0.408263 2.078178 -0.049504
v -0.427353 2.101706 -0.040763
v -0.412935 2.037466 -0.074383
v -0.439449 2.071181 -0.045653
v -0.460509 2.052190 -0.061943
v -0.467151 2.079908 -0.058675
v -0.369869 2.124734 -0.144918
v -0.385475 2.121120 -0.117910
v -0.417822 2.126464 -0.049377
v -0.367088 2.129117 -0.088242
v -0.381857 2.137190 -0.069037
v -0.382802 2.134845 -0.120013
v -0.450519 2.110433 -0.076613
v -0.411423 2.120313 -0.090801
v -0.428865 2.110779 -0.130249
v -0.472389 2.078947 -0.089053
v -0.445389 2.087597 -0.123839
v -0.424329 2.099476 -0.147021
v -0.479706 2.052574 -0.093233
v -0.461454 2.081445 -0.129083
v -0.454704 2.065030 -0.149909
v -0.436911 2.032083 -0.081249
v -0.459672 2.040387 -0.117809
v -0.413987 2.028854 -0.108713
v -0.396518 2.038388 -0.098832
v -0.437721 2.047576 -0.145830
v -0.404214 2.065607 -0.144791
v -0.414798 2.081330 -0.155838
v -0.390227 2.099207 -0.145729
v -0.343814 2.127540 -0.136405
v -0.383261 2.080754 -0.130046
v -0.358367 2.110663 -0.141194
v -0.386501 2.063416 -0.106281
v -0.343436 2.096439 -0.111982
v -0.346487 2.086213 -0.092194
v -0.277016 2.113316 -0.061715
v -0.299939 2.111547 -0.090928
v -0.292487 2.157642 -0.131414
v -0.281444 2.136498 -0.115123
v -0.277826 2.125195 -0.063565
v -0.260384 2.120889 -0.076613
v -0.218020 2.138228 -0.113147
v -0.217561 2.132884 -0.091384
v -0.194746 2.149761 -0.105926
v -0.226741 2.140804 -0.096501
v -0.195232 2.146378 -0.090091
v -0.215806 2.154298 -0.084391
v -0.206842 2.158949 -0.102430
v -0.277718 2.115546 -0.010385
v -0.227929 2.114393 -0.105116
v -0.283658 2.130769 -0.021229
v -0.204061 2.099015 -0.118037
v -0.252122 2.050921 -0.131287
v -0.270617 2.126464 -0.025637
v -0.282848 2.112855 -0.025055
v -0.278771 2.118698 -0.064148
v -0.289598 2.121889 -0.032630
v -0.322862 2.069682 -0.034125
v -0.336362 2.007556 -0.110943
v -0.368816 1.998829 -0.051480
v -0.368249 1.981260 -0.092422
v -0.357530 2.001636 -0.068455
v -0.392333 1.939740 -0.063337
v -0.448764 1.831289 -0.089635
v -0.400703 1.883535 -0.111754
v -0.430026 1.862122 -0.079273
v -0.378725 1.935896 -0.113831
v -0.330314 1.982067 -0.127918
v -0.346136 1.901681 -0.140611
v -0.287735 1.990679 -0.142587
v -0.355910 1.875846 -0.143981
v -0.324023 1.838940 -0.174687
v -0.299372 1.867696 -0.164477
v -0.298184 1.807877 -0.204026
v -0.271913 1.841515 -0.172838
v -0.249665 1.906102 -0.158878
v -0.259331 1.975916 -0.153177
v -0.230251 1.847551 -0.175270
v -0.192532 1.862698 -0.168987
v -0.223501 2.041079 -0.138052
v -0.226633 1.976609 -0.151303
v -0.163345 2.019743 -0.118721
v -0.119227 2.139958 -0.084188
v -0.181948 2.182977 -0.120013
v -0.158323 2.209773 -0.093005
v -0.174280 1.866658 -0.159562
v -0.135535 1.969035 -0.112792
v -0.077808 2.226765 -0.054393
v -0.074892 2.022895 -0.066124
v -0.116905 1.915175 -0.105825
v -0.083290 1.923440 -0.082769
v -0.027885 1.994293 -0.024472
v -0.017895 2.130193 -0.013198
v -0.001479 1.980453 -0.004102
v 0.021552 2.037235 0.011936
v 0.023658 1.981606 0.026960
v 0.031218 2.001751 0.034054
v 0.043908 2.061186 0.038715
v 0.039507 2.143572 0.029747
v 0.023361 2.153682 0.011707
v -0.061176 2.121697 -0.047857
v -0.034770 2.210003 -0.014363
v -0.004044 2.267477 0.006362
v -0.079213 2.245872 -0.044614
v -0.043842 2.278319 -0.013882
v -0.056640 2.249716 -0.032503
v -0.058044 2.338907 -0.009346
v -0.097141 2.296926 -0.043322
v -0.110506 2.258289 -0.054267
v -0.098761 2.367702 -0.019481
v -0.120874 2.338445 -0.038432
v -0.160186 2.264017 -0.079172
v -0.181246 2.255752 -0.115579
v -0.136318 2.291005 -0.061259
v -0.155434 2.304153 -0.076968
v -0.182893 2.296926 -0.095108
v -0.211729 2.329180 -0.108485
v -0.237109 2.160564 -0.136076
v -0.207787 2.308113 -0.115807
v -0.199876 2.197932 -0.132934
v -0.246073 2.280664 -0.135594
v -0.282713 2.207350 -0.145374
v -0.367898 2.167676 -0.144209
v -0.335768 2.151953 -0.142587
v -0.315545 2.191512 -0.140611
v -0.348674 2.232493 -0.138964
v -0.385340 2.209196 -0.145247
v -0.396626 2.243142 -0.128044
v -0.470418 2.211541 -0.127563
v -0.413853 2.264017 -0.086722
v -0.394547 2.279549 -0.097312
v -0.410937 2.250293 -0.110588
v -0.350456 2.281240 -0.124421
v -0.317867 2.264017 -0.139901
v -0.319946 2.329411 -0.131186
v -0.283307 2.259096 -0.141650
v -0.249313 2.315571 -0.152468
v -0.215806 2.333678 -0.123509
v -0.288086 2.310535 -0.158523
v -0.305069 2.350248 -0.144335
v -0.286682 2.348018 -0.153861
v -0.297968 2.356745 -0.132681
v -0.263867 2.346403 -0.141194
v -0.252365 2.366740 -0.119658
v -0.367088 2.315686 -0.097464
v -0.358934 2.330680 -0.075802
v -0.327614 2.352516 -0.095564
v -0.267485 2.389422 -0.092422
v -0.390821 2.275166 -0.039496
v -0.302612 2.376390 -0.063008
v -0.388499 2.303922 -0.066605
v -0.354155 2.347903 -0.044487
v -0.369869 2.272168 0.000433
v -0.363362 2.326374 -0.002379
v -0.349403 2.355476 0.008794
v -0.359177 2.299732 0.031039
v -0.308201 2.282163 0.044061
v -0.359285 2.352439 0.021360
v -0.319460 2.308536 0.052675
v -0.337415 2.338830 0.045911
v -0.326831 2.344520 0.037879
v -0.261302 2.238029 0.071398
v -0.275153 2.313803 0.059060
v -0.267215 2.300309 0.053258
v -0.314708 2.361281 0.024629
v -0.257009 2.324951 0.039298
v -0.313196 2.377466 -0.025764
v -0.289112 2.391537 0.001827
v -0.239782 2.359090 0.029037
v -0.283874 2.380080 0.020448
v -0.219883 2.437516 0.038462
v -0.264326 2.381541 0.032432
v -0.231979 2.386654 0.037879
v -0.172633 2.467618 0.065926
v -0.233491 2.431557 0.018573
v -0.270266 2.396304 -0.036354
v -0.233275 2.410836 -0.007142
v -0.235354 2.400148 -0.027614
v -0.270968 2.411682 -0.056826
v -0.263651 2.405146 -0.099187
v -0.249205 2.383502 -0.122800
v -0.247694 2.421523 -0.059967
v -0.239081 2.406069 -0.104406
v -0.226390 2.355668 -0.104533
v -0.226984 2.378735 -0.105242
v -0.233491 2.406799 -0.090598
v -0.199066 2.356976 -0.084062
v -0.179275 2.382695 -0.053557
v -0.230467 2.415295 -0.058675
v -0.181732 2.387193 -0.066251
v -0.186025 2.394766 -0.081148
v -0.188347 2.412720 -0.082313
v -0.194530 2.435401 -0.075549
v -0.214888 2.407607 -0.047401
v -0.194746 2.432365 -0.059841
v -0.147982 2.415641 -0.074282
v -0.149494 2.478536 -0.060423
v -0.137506 2.471693 -0.076486
v -0.138208 2.444936 -0.079856
v -0.119578 2.454970 -0.068455
v -0.113881 2.520017 -0.054723
v -0.113071 2.489377 -0.067289
v -0.104809 2.491261 -0.050694
v -0.194287 2.412028 -0.072407
v -0.175171 2.421908 -0.051809
v -0.121090 2.495452 -0.035544
v -0.138667 2.456815 -0.031110
v -0.149494 2.478536 -0.060423
v -0.194746 2.432365 -0.059841
v -0.177655 2.385270 -0.029362
v -0.194989 2.397457 -0.055534
v -0.214888 2.407607 -0.047401
v -0.199633 2.409106 0.050699
v -0.166585 2.459045 0.060352
v -0.229090 2.410144 0.026377
v -0.172633 2.467618 0.065926
v -0.146119 2.494644 0.052777
v -0.164371 2.449549 0.022526
v -0.150898 2.514597 0.051738
v -0.185755 2.473923 0.048824
v -0.175684 2.474692 0.029873
v -0.219883 2.437516 0.038462
v -0.233491 2.431557 0.018573
v -0.219073 2.432134 0.014621
v -0.202792 2.423407 0.019967
v -0.233275 2.410836 -0.007142
v -0.220234 2.396881 0.013912
v -0.215806 2.386193 0.031368
v -0.210811 2.379081 0.019030
v -0.235354 2.400148 -0.027614
v -0.205222 2.388461 -0.002480
v -0.188131 2.380849 -0.004837
v -0.176845 2.359436 0.025794
v -0.165748 2.389230 0.004614
v -0.130756 2.380080 -0.023205
v -0.151573 2.421062 0.005779
v -0.151708 2.402224 -0.029944
v -0.131458 2.386539 -0.014692
v -0.117958 2.387116 -0.028779
v -0.076647 2.376851 -0.001315
v -0.090148 2.380619 -0.020646
v -0.102352 2.409798 -0.018670
v -0.116095 2.424676 -0.007598
v -0.114340 2.413758 0.004385
v -0.097357 2.408991 -0.004355
v -0.040467 2.341867 0.009149
v -0.017895 2.376390 0.004385
v -0.054777 2.397342 -0.010740
v -0.060123 2.409106 0.009503
v -0.098653 2.409683 0.022526
v -0.020460 2.389076 0.014393
v -0.127624 2.368740 0.030203
v -0.101191 2.381964 0.022881
v -0.083856 2.396419 0.020676
v -0.041628 2.381657 0.027998
v -0.033015 2.359551 0.035802
v -0.012306 2.368047 0.058376
v -0.022431 2.349902 0.059313
v 0.001545 2.327066 0.065014
v 0.007404 2.351171 0.051611
v -0.003936 2.356745 0.034510
v -0.006825 2.337907 0.045455
v 0.070071 2.303807 0.042313
v 0.099745 2.287122 0.057312
v 0.081844 2.317878 0.055817
v 0.101608 2.284354 0.071626
v 0.053196 2.298694 0.046037
v 0.046473 2.303922 0.019384
v 0.084274 2.267477 0.030456
v 0.047418 2.291351 0.054525
v 0.039588 2.303692 0.061974
v 0.013425 2.308997 0.047786
v 0.073338 2.311035 0.071880
v 0.033432 2.320569 0.059896
v 0.032973 2.342213 0.012873
v 0.054600 2.329065 0.056400
v 0.003759 2.372468 -0.008181
v 0.052737 2.341867 -0.000656
v 0.051819 2.322414 -0.006914
v 0.026898 2.357398 -0.017175
v -0.006717 2.356130 -0.015174
v 0.020175 2.338907 -0.021812
v 0.007593 2.318339 -0.012159
v 0.011211 2.296118 0.007172
v -0.018921 2.333832 0.003448
v 0.010968 2.278395 0.029873
v 0.036915 2.190704 0.035092
v 0.014046 2.290429 0.023109
v 0.046473 2.178671 0.016445
v 0.071232 2.268554 0.006362
v 0.053196 2.261672 0.003803
v 0.099394 2.206197 -0.006205
v 0.069720 2.211080 -0.007244
v 0.056922 2.194779 -0.003545
v 0.108493 2.225381 0.016369
v 0.105928 2.226188 0.040920
v 0.158740 2.215501 0.046975
v 0.116269 2.178364 0.004031
v 0.138841 2.197816 0.011606
v 0.155149 2.188013 0.031723
v 0.086947 2.157142 0.026377
v 0.126745 2.159180 0.051155
v 0.161899 2.144341 0.036258
v 0.050064 2.155682 0.024173
v 0.050064 2.118698 0.012062
v 0.098287 2.150184 0.042313
v 0.105118 2.134230 0.017307
v 0.144214 2.080831 0.040920
v 0.138733 2.072604 0.017763
v 0.081708 2.085867 0.005652
v 0.061134 2.067260 0.021943
v 0.078469 2.020358 0.035447
v 0.059838 2.014784 0.022652
v 0.074283 1.963576 0.006362
v 0.109519 1.983721 0.005779
v 0.145132 2.038119 0.000078
v 0.113245 2.032698 0.015432
v 0.139327 1.982644 0.017180
v 0.165382 1.984643 -0.006332
v 0.165625 2.001366 -0.011804
v 0.183985 2.010362 0.000433
v 0.172348 2.044078 0.001928
v 0.173185 2.053305 0.034408
v 0.189061 2.024433 0.020676
v 0.181150 1.958809 0.011606
v 0.176425 2.030661 0.037423
v 0.177586 1.999406 0.038817
v 0.181312 1.939740 0.002739
v 0.166192 1.942739 0.004031
v 0.152692 1.977531 0.004740
v 0.158389 1.980799 0.032888
v 0.173536 1.950197 0.021842
v 0.137680 2.074564 0.051510
v 0.129202 2.050613 0.068612
v 0.138031 2.018282 0.057667
v 0.104173 2.033967 0.063139
v 0.092536 2.019089 0.064076
v 0.101743 1.996023 0.044163
v 0.143377 1.983490 0.038006
v 0.146752 1.951927 0.007046
v 0.123370 1.954503 0.029620
v 0.142216 1.951466 0.023919
v 0.130822 1.940548 0.007882
v 0.140137 1.899566 0.004614
v 0.144322 1.899451 0.015786
v 0.132577 1.873847 0.026250
v 0.108007 1.914713 -0.006560
v 0.128149 1.848282 0.009275
v 0.071826 1.938549 0.009022
v 0.099745 1.897836 0.001244
v 0.069261 1.925170 -0.002024
v 0.093130 1.946699 0.036739
v 0.092077 1.888302 -0.006332
v 0.083815 1.937280 0.033826
v 0.125584 1.848743 0.022171
v 0.107899 1.875846 0.031951
v 0.103471 1.862352 0.013912
v 0.088243 1.916789 0.035903
v 0.075795 1.896798 0.031849
v 0.077415 1.864890 0.023109
v 0.072987 1.872578 0.002055
v 0.041451 1.920403 0.002865
v 0.071016 1.858969 0.011125
v 0.028815 1.896452 0.002511
v 0.010050 1.920980 0.016597
v -0.001587 1.888187 0.005779
v -0.046272 1.889917 -0.050416
v -0.015087 1.886649 -0.021229
v -0.009633 1.826984 -0.031110
v 0.003516 1.861430 0.004842
v 0.027735 1.850012 -0.008890
v 0.072177 1.797651 -0.003874
v 0.036456 1.821371 -0.006560
v 0.106279 1.824062 0.005880
v 0.092536 1.817411 -0.002379
v 0.073689 1.766242 -0.017606
v 0.100690 1.747481 -0.048110
v 0.115000 1.779736 0.002739
v 0.109006 1.739831 -0.022394
v 0.125017 1.713073 -0.042967
v 0.099745 1.695966 -0.041700
v 0.077766 1.720724 -0.042283
v 0.076876 1.698849 -0.036101
v 0.043422 1.773200 -0.025764
v 0.058569 1.725606 -0.027614
v 0.016908 1.781004 -0.021812
v 0.042747 1.698157 -0.050188
v 0.044772 1.727490 -0.020900
v 0.070665 1.680011 -0.038331
v 0.061944 1.659751 -0.028323
v 0.067398 1.653715 -0.011323
v 0.055761 1.697465 0.006235
v 0.058785 1.657099 -0.011905
v 0.091969 1.639299 -0.016567
v 0.070557 1.656407 0.001117
v 0.108007 1.642067 -0.023433
v 0.123019 1.648026 -0.017733
v 0.137923 1.663826 -0.026220
v 0.094048 1.636031 0.000762
v 0.075660 1.622191 -0.026448
v 0.073095 1.590667 -0.035544
v 0.134899 1.631149 -0.031110
v 0.057624 1.594588 -0.017961
v 0.104281 1.571445 -0.035290
v 0.079036 1.559911 -0.028678
v 0.073230 1.580287 -0.007953
v 0.081844 1.554683 -0.014110
v 0.086245 1.585515 -0.012159
v 0.138625 1.526657 -0.006914
v 0.152125 1.526196 0.008211
v 0.119185 1.586361 -0.029944
v 0.151288 1.526773 -0.012387
v 0.150424 1.503514 -0.005850
v 0.142000 1.480909 -0.026930
v 0.283022 0.475477 0.036841
v 0.267416 0.430459 0.031368
v 0.256130 0.444414 0.007400
v 0.266255 0.392053 0.024401
v 0.279539 0.394936 0.035802
v 0.266849 0.482820 0.010441
v 0.280700 0.494315 -0.003646
v 0.263825 0.437878 -0.006205
v 0.258236 0.385748 0.007046
v 0.309320 0.322238 0.026605
v 0.310022 0.304785 0.009503
v 0.389483 0.263688 0.020778
v 0.403334 0.261612 0.002992
v 0.294416 0.338885 -0.004685
v 0.328409 0.302170 -0.002379
v 0.264986 0.394821 -0.004457
v 0.321308 0.297519 -0.018543
v 0.274058 0.357492 -0.015402
v 0.257642 0.444068 -0.021558
v 0.259046 0.401241 -0.024827
v 0.278486 0.371908 -0.039141
v 0.264284 0.433573 -0.031465
v 0.274301 0.432996 -0.050416
v 0.285344 0.501888 -0.031921
v 0.277433 0.477437 -0.044285
v 0.271277 0.485357 -0.016111
v 0.299303 0.499082 -0.050770
v 0.297683 0.521648 -0.020292
v 0.365642 0.565321 -0.038559
v 0.383435 0.585889 -0.022622
v 0.398798 0.601843 -0.016795
v 0.384596 0.586119 -0.001315
v 0.290339 0.516420 0.007046
v 0.289772 0.504233 0.024401
v 0.386567 0.596499 0.012062
v 0.352952 0.556440 0.035675
v 0.496080 0.662124 0.000762
v 0.518760 0.663738 -0.035544
v 0.523215 0.684460 -0.013198
v 0.527373 0.675271 0.035320
v 0.511092 0.678039 0.014748
v 0.540171 0.699568 0.004487
v 0.544032 0.673042 0.064178
v 0.551457 0.726210 0.017991
v 0.547164 0.701759 0.055107
v 0.589636 0.797909 0.046620
v 0.558909 0.716561 0.038133
v 0.514575 0.667813 0.053714
v 0.411489 0.601728 0.053131
v 0.420912 0.597307 0.063848
v 0.332459 0.540524 0.057084
v 0.287450 0.495237 0.052675
v 0.311183 0.508770 0.067319
v 0.271385 0.455332 0.047431
v 0.282212 0.468019 0.063266
v 0.269765 0.412890 0.052321
v 0.278378 0.410314 0.060935
v 0.282320 0.369832 0.051611
v 0.310373 0.337923 0.032660
v 0.385892 0.280449 0.033243
v 0.458604 0.259228 0.023235
v 0.436842 0.275682 0.034991
v 0.322577 0.310244 0.046493
v 0.330758 0.313973 0.054651
v 0.381005 0.278373 0.049179
v 0.415080 0.268224 0.038715
v 0.413811 0.278681 0.049635
v 0.298790 0.476746 0.063595
v 0.351197 0.532374 0.065698
v 0.340964 0.520572 0.074439
v 0.325844 0.333848 0.051155
v 0.291635 0.403932 0.055336
v 0.298250 0.460330 0.074185
v 0.337346 0.494430 0.077099
v 0.338993 0.489663 0.087689
v 0.317690 0.456293 0.071626
v 0.301760 0.387401 0.066990
v 0.315611 0.402740 0.063950
v 0.317933 0.421232 0.081634
v 0.335024 0.435226 0.094783
v 0.347606 0.377752 0.086169
v 0.336536 0.328620 0.062328
v 0.347714 0.352840 0.071170
v 0.351197 0.346074 0.058604
v 0.412758 0.315472 0.050927
v 0.413703 0.295327 0.058959
v 0.461871 0.283602 0.049179
v 0.523215 0.281756 0.027416
v 0.502857 0.293943 0.031849
v 0.479664 0.296711 0.046164
v 0.431496 0.314895 0.067319
v 0.515493 0.313165 0.043124
v 0.460926 0.314549 0.065115
v 0.398555 0.359798 0.074667
v 0.382517 0.427998 0.087588
v 0.366803 0.403317 0.077682
v 0.400202 0.365065 0.067446
v 0.467217 0.328735 0.058477
v 0.401714 0.388670 0.072792
v 0.412650 0.458946 0.068485
v 0.394829 0.404047 0.060580
v 0.390644 0.429959 0.067446
v 0.405899 0.415312 0.046392
v 0.416241 0.445913 0.051865
v 0.630811 0.590041 0.054170
v 0.565767 0.536911 0.055462
v 0.622009 0.579046 0.041857
v 0.542385 0.520457 0.037651
v 0.618013 0.584043 0.034408
v 0.659431 0.641402 0.033927
v 0.664966 0.645593 0.043706
v 0.635617 0.592078 0.040919
v 0.678439 0.633252 0.024502
v 0.675037 0.638480 -0.006686
v 0.654544 0.591694 0.018345
v 0.613936 0.552173 0.016724
v 0.658297 0.610685 -0.013071
v 0.641233 0.583544 0.004259
v 0.612208 0.596384 -0.038787
v 0.624763 0.570780 -0.010385
v 0.567549 0.526108 -0.009473
v 0.559368 0.513998 0.014849
v 0.549081 0.516997 0.002739
v 0.405791 0.447297 0.038006
v 0.423936 0.448143 0.011707
v 0.413001 0.446721 0.001826
v 0.405197 0.414850 0.008692
v 0.398447 0.406354 0.033826
v 0.421965 0.385594 0.038133
v 0.437301 0.362028 0.025439
v 0.479205 0.347727 0.028936
v 0.469539 0.347150 0.055690
v 0.521082 0.324891 0.041730
v 0.490869 0.327582 0.032888
v 0.525159 0.326775 -0.000732
v 0.488277 0.342460 0.006716
v 0.495621 0.327121 -0.008409
v 0.459549 0.345497 -0.030527
v 0.450450 0.346881 -0.015174
v 0.454419 0.356223 -0.002709
v 0.421830 0.386363 -0.007826
v 0.411138 0.416234 -0.016669
v 0.427419 0.446605 -0.015402
v 0.405548 0.387170 -0.033441
v 0.410787 0.441723 -0.023788
v 0.387863 0.427422 -0.047401
v 0.414162 0.444645 -0.033238
v 0.554157 0.531452 -0.026803
v 0.417294 0.462790 -0.047071
v 0.624196 0.617913 -0.050542
v 0.538578 0.550751 -0.057535
v 0.600247 0.622680 -0.061487
v 0.404252 0.459292 -0.069848
v 0.522486 0.563091 -0.059613
v 0.394019 0.481743 -0.074865
v 0.397178 0.476630 -0.067771
v 0.369233 0.438955 -0.063920
v 0.385406 0.424730 -0.064148
v 0.399365 0.392399 -0.052164
v 0.358892 0.426730 -0.071723
v 0.376469 0.393091 -0.057408
v 0.430713 0.380520 -0.046818
v 0.414621 0.387978 -0.069620
v 0.438948 0.369717 -0.058093
v 0.529587 0.296865 0.014494
v 0.460926 0.326083 -0.041472
v 0.528885 0.313396 -0.003773
v 0.502587 0.319201 -0.026930
v 0.490950 0.304977 -0.018771
v 0.521244 0.294751 -0.007826
v 0.470835 0.259689 0.010542
v 0.517518 0.276836 0.006716
v 0.445806 0.266148 -0.005293
v 0.494433 0.276605 -0.000732
v 0.450342 0.275682 0.004487
v 0.272789 0.372946 -0.048794
v 0.302219 0.341191 -0.042156
v 0.326546 0.307437 -0.026575
v 0.399257 0.258229 -0.008181
v 0.478962 0.267647 0.013101
v 0.405089 0.266494 -0.021229
v 0.336671 0.303746 -0.034480
v 0.494433 0.276605 -0.000732
v 0.485361 0.262304 -0.001112
v 0.473508 0.264034 -0.015275
v 0.414621 0.283333 -0.026372
v 0.521244 0.294751 -0.007826
v 0.381572 0.302901 -0.036101
v 0.466299 0.289176 -0.023433
v 0.467217 0.281756 -0.012970
v 0.488034 0.287408 -0.014591
v 0.490950 0.304977 -0.018771
v 0.467568 0.284409 -0.033542
v 0.487683 0.294405 -0.030527
v 0.458145 0.306976 -0.046945
v 0.424638 0.314895 -0.037976
v 0.436626 0.306168 -0.022977
v 0.460926 0.326083 -0.041472
v 0.438948 0.369717 -0.058093
v 0.414621 0.387978 -0.069620
v 0.425205 0.341653 -0.053228
v 0.355517 0.338885 -0.040535
v 0.336077 0.330042 -0.046945
v 0.335969 0.339115 -0.069164
v 0.290933 0.365872 -0.067289
v 0.272897 0.426268 -0.064274
v 0.401930 0.359798 -0.066707
v 0.289070 0.395090 -0.072078
v 0.368072 0.366680 -0.079628
v 0.325034 0.355877 -0.072762
v 0.356894 0.384479 -0.073117
v 0.325142 0.380520 -0.056699
v 0.376469 0.393091 -0.057408
v 0.336671 0.411467 -0.076613
v 0.314423 0.426614 -0.064730
v 0.358892 0.426730 -0.071723
v 0.358541 0.481974 -0.081857
v 0.302570 0.474093 -0.074637
v 0.325142 0.476284 -0.081148
v 0.355274 0.541332 -0.047071
v 0.309887 0.484665 -0.062400
v 0.350630 0.507347 -0.060550
v 0.364130 0.515728 -0.076714
v 0.366101 0.602766 -0.045526
v 0.369125 0.608801 -0.062526
v 0.381923 0.601382 -0.072534
v 0.401930 0.647092 -0.067669
v 0.391805 0.645247 -0.052164
v 0.396692 0.636289 -0.032275
v 0.427662 0.649091 -0.025409
v 0.407763 0.607994 -0.024371
v 0.396935 0.574509 -0.028095
v 0.396341 0.560285 -0.051809
v 0.513306 0.626255 -0.048110
v 0.399716 0.544561 -0.052645
v 0.440919 0.672811 -0.037976
v 0.419049 0.601113 -0.046109
v 0.463383 0.653166 -0.029818
v 0.494919 0.668044 -0.034480
v 0.462438 0.631522 -0.042410
v 0.513306 0.626255 -0.048110
v 0.535986 0.647092 -0.033694
v 0.551565 0.664661 -0.038204
v 0.438948 0.678501 -0.055078
v 0.485712 0.680269 -0.043448
v 0.545193 0.675502 -0.052645
v 0.481986 0.680961 -0.070102
v 0.443025 0.667583 -0.073471
v 0.550890 0.669889 -0.075093
v 0.558369 0.659432 -0.085810
v 0.447318 0.646169 -0.084974
v 0.409382 0.627985 -0.082313
v 0.393911 0.596615 -0.077652
v 0.409032 0.578469 -0.062400
v 0.446103 0.618951 -0.064958
v 0.541683 0.638019 -0.087203
v 0.532017 0.621988 -0.067213
v 0.513306 0.626255 -0.048110
v 0.462438 0.631522 -0.042410
v 0.419049 0.601113 -0.046109
v 0.394829 0.532566 -0.064148
v 0.399716 0.544561 -0.052645
v 0.124315 0.188875 0.816801
v -0.047433 0.188875 0.816801
v -0.215347 0.188875 0.781078
v -0.372191 0.188875 0.711252
v -0.511134 0.188875 0.610391
v -0.626101 0.188875 0.482724
v -0.711934 0.188875 0.334003
v -0.782945 0.188875 -0.000048
v -0.765044 0.188875 0.170740
v 0.702874 0.188875 0.482724
v 0.449073 0.188875 0.711252
v 0.292202 0.188875 0.781078
v -0.511134 0.188875 -0.610361
v -0.765044 0.188875 -0.170862
v -0.711934 0.188875 -0.334100
v 0.587989 0.188875 0.610391
v -0.626101 0.188875 -0.482846
v 0.702874 0.188875 -0.482846
v -0.372191 0.188875 -0.711374
v -0.215347 0.188875 -0.781225
v 0.124315 0.188875 -0.816948
v -0.047433 0.188875 -0.816948
v 0.449073 0.188875 -0.711374
v 0.292202 0.188875 -0.781225
v 0.587989 0.188875 -0.610462
v 0.841817 0.188875 0.170740
v 0.788735 0.188875 0.334003
v 0.841817 0.188875 -0.170862
v 0.788735 0.188875 -0.334100
v 0.859691 0.188875 -0.000048
v 0.853184 0.000614 -0.173193
v 0.853184 0.177265 -0.173193
v 0.799427 0.177265 -0.338888
v 0.841817 0.188875 -0.170862
v 0.799427 0.000614 -0.338888
v 0.788735 0.188875 -0.334100
v 0.712378 0.177265 -0.489687
v 0.712378 0.000614 -0.489687
v 0.702874 0.188875 -0.482846
v 0.595819 0.177265 -0.619102
v 0.595819 0.000614 -0.619102
v 0.587989 0.188875 -0.610462
v 0.454878 0.177265 -0.721509
v 0.454878 0.000614 -0.721509
v 0.449073 0.188875 -0.711374
v 0.295820 0.177265 -0.792347
v 0.295820 0.000614 -0.792347
v 0.292202 0.188875 -0.781225
v 0.125476 0.177265 -0.828577
v 0.125476 0.000614 -0.828577
v 0.124315 0.188875 -0.816948
v -0.048729 0.177265 -0.828577
v -0.048729 0.000614 -0.828577
v -0.047433 0.188875 -0.816948
v -0.219073 0.177265 -0.792347
v -0.219073 0.000614 -0.792347
v -0.215347 0.188875 -0.781225
v -0.378131 0.177265 -0.721509
v -0.378131 0.000614 -0.721509
v -0.372191 0.188875 -0.711374
v -0.519045 0.177265 -0.619101
v -0.519045 0.000614 -0.619101
v -0.511134 0.188875 -0.610361
v -0.635524 0.177265 -0.489687
v -0.635524 0.000614 -0.489687
v -0.626101 0.188875 -0.482846
v -0.722572 0.177265 -0.338888
v -0.722572 0.000614 -0.338888
v -0.711934 0.188875 -0.334100
v -0.776438 0.177265 -0.173193
v -0.776438 0.000614 -0.173193
v -0.765044 0.188875 -0.170862
v -0.794582 0.177265 -0.000048
v -0.794582 0.000614 -0.000048
v -0.782945 0.188875 -0.000048
v -0.776438 0.177265 0.173096
v -0.776438 0.000614 0.173096
v -0.765044 0.188875 0.170740
v -0.722572 0.177265 0.338792
v -0.722572 0.000614 0.338792
v -0.711934 0.188875 0.334003
v -0.635524 0.177265 0.489590
v -0.635524 0.000614 0.489590
v -0.626101 0.188875 0.482724
v -0.519045 0.177265 0.618980
v -0.519045 0.000614 0.618980
v -0.511134 0.188875 0.610391
v -0.378131 0.177265 0.721387
v -0.378131 0.000614 0.721387
v -0.372191 0.188875 0.711252
v -0.219073 0.177265 0.792251
v -0.219073 0.000614 0.792251
v -0.215347 0.188875 0.781078
v -0.048729 0.177265 0.828430
v -0.048729 0.000614 0.828430
v -0.047433 0.188875 0.816801
v 0.125476 0.177265 0.828430
v 0.125476 0.000614 0.828430
v 0.124315 0.188875 0.816801
v 0.295820 0.177265 0.792251
v 0.295820 0.000614 0.792251
v 0.292202 0.188875 0.781078
v 0.454878 0.177265 0.721387
v 0.454878 0.000614 0.721387
v 0.449073 0.188875 0.711252
v 0.595819 0.177265 0.618980
v 0.595819 0.000614 0.618980
v 0.587989 0.188875 0.610391
v 0.712378 0.177265 0.489590
v 0.712378 0.000614 0.489590
v 0.702874 0.188875 0.482724
v 0.799427 0.177265 0.338792
v 0.799427 0.000614 0.338792
v 0.788735 0.188875 0.334003
v 0.853184 0.177265 0.173197
v 0.853184 0.000614 0.173197
v 0.841817 0.188875 0.170740
v 0.871436 0.177265 -0.000048
v 0.871436 0.000614 -0.000048
v 0.859691 0.188875 -0.000048
v 0.853184 0.177265 -0.173193
v 0.853184 0.000614 -0.173193
v 0.841817 0.188875 -0.170862
v -0.202198 1.124415 -0.015630
v -0.293891 1.195268 0.012290
v -0.244426 1.158592 0.013810
v -0.289247 1.221871 0.064178
v -0.216049 1.131950 0.006944
v -0.235705 1.155940 0.038133
v -0.250150 1.187464 0.071044
v -0.190561 1.126722 0.051029
v -0.304475 1.277654 0.109681
v -0.250366 1.237749 0.117256
v -0.186970 1.152672 0.090248
v -0.130864 1.158592 0.137601
v -0.105403 1.122878 0.112138
v -0.005448 1.122378 0.173451
v -0.117256 1.092968 0.045809
v -0.046056 1.090315 0.102941
v -0.109345 1.078897 0.000180
v -0.026508 1.072362 0.100737
v -0.018246 1.051218 0.078974
v -0.055128 1.058791 0.047203
v -0.032556 1.044413 -0.000504
v -0.069789 1.069594 -0.043448
v -0.005772 1.050756 -0.091966
v -0.024159 1.071478 -0.103595
v 0.025521 1.036186 -0.139699
v 0.036564 1.025152 -0.089534
v 0.054951 1.015964 -0.041954
v 0.095344 0.990476 -0.032959
v 0.047040 1.007929 -0.107117
v 0.049821 0.986631 -0.116973
v 0.033648 0.980480 -0.156775
v 0.019689 0.904822 -0.150948
v 0.041235 0.936154 -0.109195
v 0.040290 0.885177 -0.114997
v 0.097423 0.994320 -0.014008
v 0.018096 0.830586 -0.128044
v 0.089269 0.848270 -0.095919
v 0.179800 0.962796 -0.002835
v 0.126421 0.933117 -0.037748
v 0.141757 0.823051 -0.080920
v 0.051468 0.791604 -0.122673
v 0.178180 0.830356 -0.067771
v 0.156661 0.755889 -0.094753
v -0.002640 0.832701 -0.193081
v -0.000885 0.815362 -0.165972
v 0.025521 0.786260 -0.139699
v 0.129067 0.711563 -0.135138
v 0.004731 0.793833 -0.191232
v 0.015288 0.785337 -0.160956
v 0.081357 0.725749 -0.159917
v 0.075795 0.718444 -0.187609
v 0.184471 0.701683 -0.105698
v 0.131983 0.669659 -0.168658
v 0.155365 0.645247 -0.157941
v 0.076011 0.719482 -0.210538
v 0.134656 0.660009 -0.200403
v 0.143161 0.641979 -0.189484
v 0.176317 0.607417 -0.192144
v 0.153394 0.637327 -0.212514
v 0.216817 0.586465 -0.227183
v 0.283265 0.533605 -0.187507
v 0.242062 0.580622 -0.248110
v 0.305945 0.535988 -0.219152
v 0.304892 0.517112 -0.222521
v 0.322577 0.546445 -0.227639
v 0.252755 0.600459 -0.270001
v 0.203830 0.615106 -0.251835
v 0.149668 0.667237 -0.230426
v 0.199132 0.638942 -0.260677
v 0.222271 0.646977 -0.273015
v 0.183661 0.680269 -0.254292
v 0.012237 0.797678 -0.220013
v 0.063807 0.754505 -0.239750
v 0.034836 0.793026 -0.248364
v 0.020175 0.821859 -0.238382
v 0.108709 0.734014 -0.256851
v 0.055464 0.805482 -0.268176
v 0.078117 0.771613 -0.255103
v 0.097882 0.794871 -0.264401
v 0.197269 0.739473 -0.275346
v 0.093940 0.827818 -0.259182
v 0.179935 0.784761 -0.276284
v 0.398690 0.495353 -0.174003
v 0.269765 0.394475 -0.186671
v 0.385055 0.493046 -0.140712
v 0.204235 0.359337 -0.175397
v 0.293255 0.396705 -0.202861
v 0.232531 0.342344 -0.208333
v 0.293039 0.398550 -0.221128
v 0.244385 0.345843 -0.225790
v 0.209284 0.307668 -0.199846
v 0.235663 0.356915 -0.259284
v 0.223432 0.306053 -0.226246
v 0.213199 0.324199 -0.272433
v 0.216358 0.305361 -0.252899
v 0.203317 0.288599 -0.223687
v 0.175399 0.295827 -0.198199
v 0.168055 0.284986 -0.222395
v 0.180043 0.288253 -0.256725
v 0.185227 0.306515 -0.280692
v 0.150613 0.291983 -0.237419
v 0.150262 0.316779 -0.283961
v 0.198997 0.341076 -0.288369
v 0.170512 0.347265 -0.298731
v 0.137221 0.343190 -0.290700
v 0.144673 0.379943 -0.283378
v 0.173104 0.391707 -0.272914
v 0.208204 0.373331 -0.281883
v 0.290474 0.415773 -0.248592
v 0.285344 0.439878 -0.255686
v 0.388214 0.490816 -0.203672
v 0.368072 0.498390 -0.225435
v 0.232531 0.690841 -0.266504
v 0.254402 0.465481 -0.235797
v 0.338804 0.497006 -0.236836
v 0.267551 0.659086 -0.275346
v 0.289070 0.615760 -0.268632
v 0.375281 0.521917 -0.235544
v 0.343421 0.518957 -0.243398
v 0.342584 0.584043 -0.237647
v 0.312803 0.629754 -0.256953
v 0.251945 0.700529 -0.261969
v 0.299897 0.676771 -0.248237
v 0.349118 0.604034 -0.234860
v 0.395072 0.531798 -0.220773
v 0.393101 0.593808 -0.204710
v 0.409031 0.546214 -0.196603
v 0.431442 0.560054 -0.192727
v 0.433116 0.537141 -0.185633
v 0.449532 0.556440 -0.158523
v 0.433359 0.542946 -0.132580
v 0.445212 0.576355 -0.162830
v 0.425097 0.583121 -0.185861
v 0.349334 0.653397 -0.224143
v 0.325952 0.691072 -0.229387
v 0.447075 0.571703 -0.144918
v 0.375416 0.659548 -0.167720
v 0.241468 0.731477 -0.263363
v 0.275462 0.726095 -0.243474
v 0.221812 0.766730 -0.270102
v 0.269981 0.759618 -0.256674
v 0.307106 0.743202 -0.219025
v 0.339911 0.698415 -0.189002
v 0.451044 0.849347 -0.082542
v 0.318284 0.753236 -0.170735
v 0.324224 0.764500 -0.221356
v 0.410328 0.804521 -0.145830
v 0.432306 0.829317 -0.164097
v 0.399716 0.816054 -0.206813
v 0.387971 0.823512 -0.230426
v 0.441027 0.857228 -0.194829
v 0.448830 0.892866 -0.213806
v 0.268604 0.833854 -0.282668
v 0.399149 0.875066 -0.250087
v 0.361106 0.826857 -0.249631
v 0.330272 0.885869 -0.282212
v 0.276731 0.889713 -0.292575
v 0.333296 0.953838 -0.278361
v 0.384245 0.904937 -0.262552
v 0.422073 0.901939 -0.241954
v 0.455229 0.966256 -0.204482
v 0.421020 0.946957 -0.241954
v 0.402983 0.956260 -0.251024
v 0.483039 1.011159 -0.175524
v 0.456282 1.057253 -0.201467
v 0.487224 1.061521 -0.157941
v 0.470349 1.146636 -0.108029
v 0.467811 1.104040 -0.167720
v 0.373769 1.092161 -0.246489
v 0.407411 1.081242 -0.231972
v 0.442782 1.106731 -0.198554
v 0.443835 1.154171 -0.159562
v 0.394019 1.125453 -0.224143
v 0.436140 1.186657 -0.153634
v 0.388565 1.164974 -0.208789
v 0.393911 1.195922 -0.199010
v 0.323387 1.062020 -0.267543
v 0.350171 1.104617 -0.247654
v 0.360971 1.189578 -0.216948
v 0.392750 1.243439 -0.162628
v 0.335159 1.234251 -0.213451
v 0.343529 1.175892 -0.237064
v 0.319310 1.194922 -0.241143
v 0.289070 1.073092 -0.272661
v 0.307349 0.971869 -0.281630
v 0.266741 1.112728 -0.263591
v 0.239848 0.962334 -0.279197
v 0.234556 0.905668 -0.291105
v 0.195406 0.841081 -0.284315
v 0.139084 0.846656 -0.272787
v 0.102904 0.913203 -0.262324
v 0.040641 0.833162 -0.247781
v 0.056004 0.889367 -0.244969
v 0.023199 0.919738 -0.197160
v 0.038130 0.933117 -0.214845
v 0.204127 0.973829 -0.269874
v 0.055545 0.927658 -0.235797
v 0.097774 0.942074 -0.253710
v 0.062052 0.981749 -0.205876
v 0.050415 1.033649 -0.168404
v 0.109168 0.989092 -0.235443
v 0.117214 1.026190 -0.229742
v 0.094048 1.062136 -0.197743
v 0.226456 1.151403 -0.246616
v 0.199699 1.099042 -0.250568
v 0.153637 1.120802 -0.234860
v 0.290474 1.216912 -0.240560
v 0.238930 1.229022 -0.236507
v 0.181150 1.229483 -0.216010
v 0.234853 1.265890 -0.219253
v 0.264392 1.292993 -0.199491
v 0.181555 1.282190 -0.206459
v 0.190519 1.311754 -0.189002
v 0.411948 1.258547 -0.103013
v 0.218194 1.331284 -0.171445
v 0.288827 1.304526 -0.187381
v 0.336887 1.293570 -0.171090
v 0.243682 1.353735 -0.144665
v 0.288962 1.334667 -0.148972
v 0.355517 1.296492 -0.147350
v 0.336779 1.321980 -0.127462
v 0.408681 1.260662 0.009605
v 0.431739 1.239940 -0.049022
v 0.365642 1.311639 -0.082998
v 0.405197 1.275540 -0.048794
v 0.384839 1.290456 0.032077
v 0.363428 1.310793 0.005424
v 0.371690 1.303835 -0.039369
v 0.325142 1.342356 -0.060195
v 0.286154 1.356196 0.007172
v 0.251027 1.374572 -0.094652
v 0.264527 1.378186 -0.056116
v 0.245680 1.395293 0.000306
v 0.212848 1.419129 -0.008764
v 0.191221 1.382722 -0.136760
v 0.194704 1.406096 -0.092422
v 0.101851 1.463801 -0.119658
v 0.116971 1.473143 -0.072407
v 0.127096 1.481370 -0.012260
v 0.102904 1.506397 -0.025283
v 0.083706 1.503014 -0.089534
v 0.067641 1.495133 -0.128956
v 0.076011 1.561795 -0.014236
v 0.061242 1.575405 -0.063818
v 0.059730 1.619846 -0.055432
v 0.030516 1.616232 -0.102683
v 0.014586 1.712112 -0.074079
v -0.044058 1.825676 -0.059841
v -0.014277 1.775314 -0.064502
v -0.000885 1.700617 -0.120241
v -0.083856 1.830943 -0.103823
v -0.028938 1.738869 -0.126980
v -0.084909 1.888994 -0.095691
v -0.061284 1.698388 -0.187963
v -0.104215 1.833596 -0.114667
v -0.138667 1.864544 -0.134556
v -0.153085 1.819064 -0.178310
v -0.186619 1.826638 -0.187153
v -0.124114 1.784503 -0.171825
v -0.237001 1.817565 -0.198098
v -0.178465 1.774161 -0.203317
v -0.413151 1.620654 -0.248110
v -0.239674 1.767510 -0.214490
v -0.328208 1.679550 -0.252772
v -0.313088 1.643028 -0.260449
v -0.268538 1.682203 -0.258245
v -0.279473 1.735063 -0.234378
v -0.206032 1.736793 -0.233568
v -0.107239 1.751671 -0.181807
v -0.152518 1.725991 -0.227639
v -0.181948 1.678858 -0.253127
v -0.113503 1.712843 -0.218088
v -0.112963 1.680127 -0.232529
v -0.001830 1.624037 -0.159233
v -0.063039 1.664403 -0.206585
v -0.050700 1.622653 -0.215909
v -0.011712 1.592166 -0.175042
v 0.040884 1.563064 -0.118265
v 0.019122 1.523620 -0.170507
v -0.211270 1.631379 -0.264300
v -0.044301 1.542112 -0.231718
v -0.158809 1.642874 -0.254520
v -0.076647 1.629995 -0.233238
v -0.111208 1.647295 -0.240560
v -0.092362 1.589014 -0.254166
v -0.018111 1.491173 -0.225536
v 0.010401 1.443695 -0.221812
v 0.042855 1.476488 -0.173066
v 0.074607 1.458457 -0.156218
v 0.122209 1.410748 -0.165516
v 0.158173 1.358848 -0.184112
v 0.060540 1.426010 -0.199390
v 0.116161 1.362577 -0.207168
v 0.109762 1.317559 -0.223813
v 0.077064 1.395063 -0.214262
v 0.065778 1.351544 -0.237520
v 0.034701 1.403674 -0.226828
v -0.022188 1.435544 -0.241498
v -0.007068 1.378532 -0.244158
v 0.033324 1.320250 -0.246388
v 0.125827 1.231444 -0.216365
v -0.005664 1.317790 -0.248693
v 0.041100 1.245515 -0.232985
v 0.094048 1.205571 -0.213907
v 0.149209 1.175123 -0.219380
v 0.122209 1.138832 -0.210183
v 0.024360 1.081319 -0.151429
v 0.062754 1.097389 -0.184366
v 0.050766 1.170126 -0.201797
v 0.009105 1.235635 -0.229641
v 0.009807 1.140101 -0.183656
v -0.022080 1.182582 -0.198326
v -0.053832 1.148366 -0.164959
v -0.043248 1.102041 -0.124193
v -0.065010 1.083049 -0.077424
v -0.188806 1.128490 -0.054495
v -0.278177 1.186311 -0.031566
v -0.153436 1.129413 -0.086392
v -0.095143 1.142330 -0.137469
v -0.248288 1.181889 -0.074865
v -0.195340 1.172240 -0.101619
v -0.115501 1.232559 -0.187026
v -0.117364 1.172240 -0.148972
v -0.142393 1.180736 -0.134100
v -0.235354 1.204226 -0.107218
v -0.168097 1.204456 -0.131186
v -0.044193 1.258547 -0.227639
v -0.068736 1.327093 -0.245324
v -0.135994 1.289649 -0.208207
v -0.154840 1.323595 -0.221711
v -0.174388 1.300221 -0.200885
v -0.124465 1.381915 -0.247528
v -0.174739 1.336858 -0.214946
v -0.055479 1.388527 -0.248465
v -0.061392 1.469760 -0.253482
v -0.110614 1.530156 -0.266960
v -0.088528 1.424472 -0.252772
v -0.140503 1.411824 -0.246844
v -0.098059 1.470683 -0.263996
v -0.185107 1.530963 -0.278133
v -0.239540 1.561219 -0.288749
v -0.195691 1.493019 -0.273243
v -0.240242 1.507435 -0.288141
v -0.254552 1.477064 -0.284999
v -0.235354 1.446962 -0.251252
v -0.176494 1.422973 -0.247300
v -0.284009 1.398523 -0.214389
v -0.222907 1.340126 -0.203925
v -0.339494 1.379800 -0.247426
v -0.323321 1.368997 -0.180059
v -0.201388 1.280653 -0.181325
v -0.214645 1.232251 -0.142004
v -0.298319 1.340933 -0.170735
v -0.295646 1.253319 -0.107446
v -0.382208 1.346661 -0.107902
v -0.325886 1.244015 -0.057636
v -0.336254 1.239248 -0.025764
v -0.318083 1.258432 -0.090598
v -0.374189 1.297414 -0.054393
v -0.395789 1.355850 -0.114667
v -0.418524 1.364922 -0.080565
v -0.408857 1.349429 -0.061817
v -0.386042 1.305219 -0.023433
v -0.357530 1.262738 0.014621
v -0.416309 1.352928 0.032534
v -0.325778 1.264852 0.079658
v -0.347405 1.263583 0.045911
v -0.414312 1.358272 0.067902
v -0.397220 1.353735 0.093871
v -0.358475 1.354427 0.137499
v -0.461562 1.398061 -0.010385
v -0.418173 1.337819 0.134358
v -0.429810 1.367114 0.065014
v -0.445389 1.352582 0.116192
v -0.473199 1.425434 0.085029
v -0.465531 1.377724 0.110973
v -0.460401 1.405635 0.087233
v -0.476682 1.405981 0.119815
v -0.451788 1.362462 0.151586
v -0.468906 1.397946 0.143301
v -0.451788 1.409710 0.199977
v -0.500658 1.431354 0.144365
v -0.568266 1.493941 0.157287
v -0.549771 1.488136 0.204158
v -0.649024 1.596472 0.212316
v -0.549312 1.490596 0.232559
v -0.661012 1.624152 0.230583
v -0.683125 1.622883 0.217307
v -0.707668 1.679781 0.231394
v -0.721384 1.665249 0.236511
v -0.747925 1.671631 0.229291
v -0.722302 1.702578 0.205095
v -0.682855 1.683394 0.237576
v -0.684151 1.710959 0.224300
v -0.639142 1.665825 0.235903
v -0.629584 1.693505 0.210796
v -0.690442 1.727836 0.176592
v -0.614707 1.700963 0.166813
v -0.648079 1.700271 0.155184
v -0.502170 1.637876 0.137018
v -0.585250 1.664634 0.130861
v -0.650617 1.685932 0.142972
v -0.511026 1.599240 0.106767
v -0.626344 1.648602 0.120981
v -0.557331 1.608813 0.101320
v -0.679507 1.650332 0.125034
v -0.676483 1.667209 0.135169
v -0.680560 1.692236 0.126326
v -0.687769 1.711190 0.139932
v -0.720115 1.684894 0.134713
v -0.751625 1.686047 0.194277
v -0.727810 1.701079 0.156704
v -0.757457 1.682933 0.160175
v -0.787265 1.624152 0.172412
v -0.748628 1.672323 0.130051
v -0.743957 1.653254 0.125617
v -0.768392 1.627304 0.136207
v -0.816074 1.545380 0.143200
v -0.721141 1.631495 0.125516
v -0.753407 1.607159 0.130051
v -0.678697 1.625305 0.134459
v -0.707182 1.610773 0.142972
v -0.820664 1.469068 0.128531
v -0.753056 1.558066 0.131799
v -0.722086 1.571676 0.174971
v -0.789695 1.466492 0.148901
v -0.781406 1.460802 0.173451
v -0.781325 1.417399 0.164963
v -0.830762 1.435660 0.114697
v -0.801791 1.423319 0.126098
v -0.810647 1.395178 0.140869
v -0.844154 1.396216 0.131900
v -0.874637 1.447885 0.122374
v -0.851147 1.481255 0.140996
v -0.862973 1.486291 0.163570
v -0.774683 1.636377 0.192073
v -0.889758 1.459149 0.159846
v -0.886139 1.459495 0.183889
v -0.860327 1.484176 0.184472
v -0.764207 1.631495 0.217307
v -0.796445 1.576788 0.206033
v -0.867428 1.456151 0.210340
v -0.847070 1.479294 0.201371
v -0.819719 1.470567 0.209402
v -0.897804 1.437159 0.164026
v -0.841724 1.432046 0.224046
v -0.882062 1.441926 0.202536
v -0.872180 1.407519 0.135523
v -0.880334 1.397600 0.194277
v -0.889865 1.397369 0.160758
v -0.854738 1.327901 0.140641
v -0.860678 1.312792 0.172868
v -0.837512 1.351774 0.130735
v -0.800414 1.386221 0.174262
v -0.810404 1.378301 0.138893
v -0.824147 1.347123 0.114697
v -0.785969 1.372111 0.131900
v -0.848231 1.293570 0.131799
v -0.836702 1.308025 0.113988
v -0.809243 1.327901 0.109580
v -0.821096 1.298837 0.113887
v -0.850796 1.280422 0.159846
v -0.795878 1.240479 0.116445
v -0.778625 1.296607 0.096658
v -0.766070 1.336166 0.105855
v -0.781217 1.240978 0.114925
v -0.761291 1.306257 0.103398
v -0.754406 1.367806 0.123641
v -0.769094 1.372842 0.171019
v -0.751301 1.379108 0.149483
v -0.745712 1.359310 0.133319
v -0.742471 1.356657 0.162050
v -0.755917 1.359579 0.180545
v -0.759671 1.336858 0.174388
v -0.769337 1.272041 0.117586
v -0.762236 1.300105 0.147963
v -0.765152 1.296031 0.197773
v -0.798308 1.217604 0.139121
v -0.778409 1.224832 0.139248
v -0.775979 1.237864 0.227669
v -0.787481 1.207224 0.187740
v -0.805166 1.210261 0.181482
v -0.850175 1.285689 0.194277
v -0.802709 1.230637 0.223261
v -0.844802 1.299067 0.217991
v -0.775979 1.237864 0.227669
v -0.787481 1.257625 0.245835
v -0.760940 1.307218 0.241756
v -0.765152 1.296031 0.197773
v -0.745820 1.343163 0.188703
v -0.759671 1.336858 0.174388
v -0.743012 1.369805 0.207857
v -0.753272 1.362808 0.166813
v -0.769094 1.372842 0.171019
v -0.756269 1.381453 0.202435
v -0.759563 1.364000 0.230583
v -0.784673 1.376533 0.210542
v -0.778625 1.310562 0.252574
v -0.809027 1.337435 0.234662
v -0.836594 1.319289 0.229037
v -0.853010 1.328708 0.204867
v -0.850904 1.396562 0.207654
v -0.822284 1.344547 0.233851
v -0.836135 1.353966 0.213329
v -0.812618 1.397254 0.202891
v -0.813887 1.375725 0.205805
v -0.800414 1.386221 0.174262
v -0.745712 1.599624 0.223362
v -0.804680 1.427163 0.216496
v -0.788426 1.419590 0.196810
v -0.781325 1.417399 0.164963
v -0.781406 1.460802 0.173451
v -0.795041 1.461610 0.196152
v -0.716173 1.633571 0.231622
v -0.743849 1.559219 0.206742
v -0.712420 1.603661 0.207071
v -0.722086 1.571676 0.174971
v -0.663442 1.597741 0.178797
v -0.690550 1.606583 0.178999
v -0.671704 1.606237 0.154601
v -0.694843 1.606237 0.156349
v -0.536838 1.467876 0.127492
v -0.707182 1.610773 0.142972
v -0.678697 1.625305 0.134459
v -0.635767 1.582286 0.119460
v -0.506949 1.456381 0.100256
v -0.476007 1.430893 0.044163
v -0.488805 1.489635 0.077327
v -0.562326 1.526773 0.097241
v -0.633553 1.601816 0.108997
v -0.501711 1.523390 0.074312
v -0.679507 1.650332 0.125034
v -0.554550 1.576904 0.087689
v -0.557331 1.608813 0.101320
v -0.504141 1.554914 0.082217
v -0.511026 1.599240 0.106767
v -0.521853 1.655791 0.069194
v -0.512889 1.508396 0.046620
v -0.517992 1.573328 0.043935
v -0.542049 1.670246 0.024274
v -0.529629 1.539459 -0.010512
v -0.527415 1.589821 -0.010056
v -0.537783 1.651985 -0.043904
v -0.511917 1.572368 -0.065338
v -0.494043 1.446463 0.009377
v -0.522771 1.504437 -0.003545
v -0.493206 1.448462 -0.032731
v -0.507408 1.495940 -0.062881
v -0.510891 1.535615 -0.071014
v -0.474333 1.435083 -0.062653
v -0.463317 1.416937 -0.089281
v -0.498444 1.533500 -0.094297
v -0.487725 1.497901 -0.095564
v -0.471795 1.428894 -0.111982
v -0.531384 1.503245 -0.119785
v -0.407102 1.336166 -0.155508
v -0.548610 1.494056 -0.143271
v -0.466800 1.406673 -0.131870
v -0.436776 1.353389 -0.125942
v -0.455622 1.373880 -0.130122
v -0.465045 1.401098 -0.151657
v -0.442473 1.353274 -0.162020
v -0.515454 1.449038 -0.167492
v -0.441906 1.412862 -0.222648
v -0.366035 1.362462 -0.228805
v -0.426894 1.346777 -0.185050
v -0.426651 1.370266 -0.205800
v -0.376970 1.378993 -0.250087
v -0.417470 1.394947 -0.237647
v -0.370004 1.406558 -0.271267
v -0.293540 1.426587 -0.271166
v -0.342653 1.409133 -0.275701
v -0.327398 1.459495 -0.290624
v -0.335282 1.591590 -0.277221
v -0.333446 1.499669 -0.300479
v -0.296456 1.570522 -0.283023
v -0.367196 1.532347 -0.284999
v -0.390227 1.484753 -0.282440
v -0.377672 1.576327 -0.272205
v -0.388958 1.540497 -0.289712
v -0.435264 1.615886 -0.264883
v -0.474711 1.641490 -0.242410
v -0.461346 1.603930 -0.271267
v -0.524526 1.636146 -0.270000
v -0.511134 1.625920 -0.268024
v -0.622726 1.667555 -0.268379
v -0.531033 1.612273 -0.276638
v -0.471903 1.584016 -0.284417
v -0.416877 1.538767 -0.287558
v -0.460050 1.544457 -0.292093
v -0.436668 1.495940 -0.286519
v -0.418389 1.455574 -0.276512
v -0.375215 1.437159 -0.275042
v -0.408615 1.415515 -0.253026
v -0.451680 1.426126 -0.258599
v -0.521961 1.574482 -0.282922
v -0.449223 1.463686 -0.280059
v -0.634012 1.649640 -0.270380
v -0.661552 1.632533 -0.265693
v -0.602125 1.622191 -0.277449
v -0.545235 1.532578 -0.279881
v -0.492396 1.451960 -0.249808
v -0.481218 1.457188 -0.269190
v -0.549771 1.517930 -0.271166
v -0.644596 1.595434 -0.247300
v -0.663793 1.592282 -0.198427
v -0.555360 1.511856 -0.254292
v -0.582901 1.519891 -0.176562
v -0.601666 1.533616 -0.182846
v -0.591298 1.546879 -0.140712
v -0.615517 1.559566 -0.142815
v -0.594916 1.570407 -0.128374
v -0.672622 1.614041 -0.160145
v -0.617488 1.589014 -0.127335
v -0.538350 1.542573 -0.111171
v -0.597589 1.619615 -0.129539
v -0.539538 1.573328 -0.113527
v -0.509028 1.611004 -0.092549
v -0.501117 1.580056 -0.116314
v -0.583171 1.635800 -0.142688
v -0.564081 1.631033 -0.148414
v -0.506679 1.614618 -0.137697
v -0.520557 1.669439 -0.084974
v -0.510324 1.637184 -0.158979
v -0.514401 1.666748 -0.117099
v -0.513240 1.715957 -0.143854
v -0.511134 1.726452 -0.095817
v -0.534408 1.705961 -0.048794
v -0.488103 1.779159 -0.145602
v -0.476682 1.794268 -0.115706
v -0.519045 1.739369 -0.042055
v -0.536838 1.679550 -0.011449
v -0.525309 1.722607 -0.010867
v -0.519963 1.700963 0.075604
v -0.530439 1.725991 0.026250
v -0.490884 1.780312 -0.015858
v -0.487725 1.787540 -0.050897
v -0.512754 1.736793 0.074667
v -0.483918 1.797651 0.067218
v -0.493449 1.783695 0.012645
v -0.455406 1.823831 -0.030654
v -0.448764 1.831289 -0.089635
v -0.463776 1.823600 0.017535
v -0.430026 1.862122 -0.079273
v -0.436668 1.868157 -0.016440
v -0.451680 1.839901 0.042541
v -0.392333 1.939740 -0.063337
v -0.432591 1.873386 0.020322
v -0.400352 1.947160 -0.037520
v -0.368816 1.998829 -0.051480
v -0.375674 1.992678 -0.023306
v -0.322862 2.069682 -0.034125
v -0.231277 2.172443 0.063848
v -0.231628 2.172212 0.042896
v -0.240242 2.147185 0.049052
v -0.243508 2.178671 0.056982
v -0.251392 2.157411 0.038943
v -0.252446 2.154644 0.061974
v -0.250610 2.151607 0.055462
v -0.274235 2.132961 0.039298
v -0.245264 2.144994 0.041021
v -0.277367 2.134845 0.002992
v -0.265163 2.132653 -0.001442
v -0.277718 2.115546 -0.010385
v -0.270617 2.126464 -0.025637
v -0.283658 2.130769 -0.021229
v -0.270158 2.130847 0.031495
v -0.267701 2.120736 0.002283
v -0.281552 2.133576 -0.017961
v -0.280040 2.124734 -0.001442
v -0.282848 2.112855 -0.025055
v -0.216967 2.102975 0.072564
v -0.261302 2.113662 0.055234
v -0.289598 2.121889 -0.032630
v -0.322862 2.069682 -0.034125
v -0.325994 2.041733 0.013000
v -0.304016 2.054112 0.043023
v -0.297509 2.029892 0.061974
v -0.345677 1.981721 0.044872
v -0.375674 1.992678 -0.023306
v -0.432591 1.873386 0.020322
v -0.370922 1.942508 0.037879
v -0.304475 1.924593 0.094910
v -0.333932 1.937741 0.065825
v -0.392927 1.880729 0.069321
v -0.451680 1.839901 0.042541
v -0.407804 1.842899 0.103043
v -0.360230 1.866658 0.105500
v -0.338927 1.852818 0.123869
v -0.324482 1.893761 0.098052
v -0.315059 1.841400 0.125161
v -0.382802 1.826522 0.143301
v -0.346379 1.804032 0.170157
v -0.364280 1.813259 0.165875
v -0.420252 1.815220 0.157515
v -0.403268 1.783234 0.199395
v -0.481920 1.798343 0.127492
v -0.456216 1.819641 0.093390
v -0.483918 1.797651 0.067218
v -0.463776 1.781004 0.169600
v -0.502305 1.771124 0.111074
v -0.494340 1.764819 0.149027
v -0.461562 1.749826 0.195569
v -0.512754 1.736793 0.074667
v -0.516966 1.727951 0.120854
v -0.509163 1.701886 0.169498
v -0.519963 1.700963 0.075604
v -0.522177 1.686893 0.127593
v -0.521853 1.655791 0.069194
v -0.516615 1.628457 0.129696
v -0.510216 1.623806 0.118168
v -0.506841 1.641375 0.158781
v -0.474603 1.646372 0.189159
v -0.496581 1.654408 0.161239
v -0.479382 1.638953 0.196734
v -0.486348 1.706077 0.192883
v -0.540213 1.676282 0.193593
v -0.427245 1.624959 0.233268
v -0.459105 1.692467 0.211860
v -0.419334 1.730873 0.219055
v -0.430970 1.664518 0.224426
v -0.372191 1.744136 0.214723
v -0.373244 1.696427 0.229772
v -0.340898 1.754939 0.207426
v -0.393386 1.636723 0.240945
v -0.340682 1.676282 0.241275
v -0.327533 1.642528 0.251029
v -0.314492 1.681741 0.248267
v -0.290975 1.732372 0.229291
v -0.233032 1.678743 0.253385
v -0.199417 1.734448 0.229873
v -0.156703 1.673130 0.239982
v -0.238864 1.635339 0.259567
v -0.332960 1.591359 0.268054
v -0.530223 1.643835 0.236866
v -0.455973 1.632994 0.237677
v -0.394763 1.586823 0.256527
v -0.433185 1.603815 0.260732
v -0.381020 1.530386 0.277682
v -0.466692 1.601009 0.262785
v -0.528927 1.627074 0.253714
v -0.556278 1.627304 0.248622
v -0.497985 1.584939 0.274920
v -0.533949 1.570868 0.263849
v -0.487050 1.550608 0.280266
v -0.620053 1.615079 0.247000
v -0.495555 1.449038 0.237576
v -0.541968 1.496056 0.249889
v -0.554739 1.527118 0.258630
v -0.492747 1.508742 0.266534
v -0.480651 1.461610 0.259795
v -0.424221 1.457073 0.266889
v -0.448062 1.423550 0.243149
v -0.369302 1.497555 0.282471
v -0.247127 1.588437 0.271551
v -0.268538 1.554222 0.285511
v -0.346487 1.501053 0.288855
v -0.382802 1.439389 0.267548
v -0.421899 1.412862 0.237778
v -0.438072 1.362001 0.181356
v -0.433293 1.343932 0.155184
v -0.407696 1.345931 0.178341
v -0.401027 1.397946 0.243276
v -0.362903 1.417860 0.268282
v -0.383369 1.375379 0.232331
v -0.349160 1.393871 0.252448
v -0.376160 1.360732 0.209529
v -0.365684 1.349660 0.160530
v -0.323672 1.379339 0.182876
v -0.326696 1.392372 0.239982
v -0.283523 1.325479 0.164735
v -0.285737 1.405173 0.209402
v -0.213808 1.275886 0.165875
v -0.105862 1.193769 0.177504
v -0.231979 1.333014 0.191236
v -0.158458 1.257855 0.186929
v -0.033123 1.201996 0.214723
v -0.083289 1.257625 0.224756
v -0.135751 1.319289 0.225820
v -0.170770 1.414477 0.241756
v -0.308309 1.437390 0.271627
v -0.246073 1.450768 0.245582
v -0.282605 1.500477 0.283991
v -0.241402 1.490366 0.271880
v -0.206518 1.499439 0.269904
v -0.230467 1.521314 0.277682
v -0.221044 1.558181 0.272818
v -0.167638 1.528503 0.271196
v -0.172633 1.617193 0.253512
v -0.186376 1.568177 0.259668
v -0.096790 1.606467 0.248141
v -0.164371 1.495133 0.266180
v -0.117256 1.507320 0.266636
v -0.108886 1.429970 0.254196
v -0.097357 1.372227 0.250598
v -0.069897 1.495133 0.253968
v -0.073029 1.446962 0.254094
v -0.061284 1.393986 0.252701
v -0.024510 1.430085 0.242111
v -0.099112 1.319520 0.241275
v -0.043032 1.309294 0.253613
v -0.043950 1.267889 0.243149
v -0.007986 1.358618 0.252321
v 0.013884 1.312331 0.257692
v 0.011913 1.257855 0.248267
v 0.018771 1.205110 0.228252
v 0.016449 1.167204 0.208237
v 0.054384 1.238749 0.238842
v 0.077523 1.190616 0.227897
v 0.035646 1.124300 0.195087
v 0.031110 1.085779 0.165647
v 0.004002 1.051794 0.132382
v 0.066696 1.097158 0.197545
v 0.044826 1.030612 0.176694
v 0.083005 1.063328 0.204259
v 0.119644 1.145906 0.226504
v 0.410679 0.829202 0.215204
v 0.405791 0.810134 0.179734
v 0.327005 0.771497 0.234763
v 0.307565 0.751814 0.195797
v 0.384839 0.819783 0.239552
v 0.290825 0.743664 0.238488
v 0.340964 0.799293 0.257109
v 0.364292 0.837929 0.270487
v 0.262421 0.756120 0.265952
v 0.234718 0.750776 0.274414
v 0.246248 0.722135 0.268054
v 0.241252 0.687112 0.282724
v 0.211120 0.719713 0.282597
v 0.173995 0.729016 0.281558
v 0.178531 0.773573 0.284447
v 0.294767 0.877719 0.304234
v 0.236581 0.841773 0.301574
v 0.148399 0.828279 0.289108
v 0.197161 0.872144 0.302840
v 0.273248 0.946957 0.313203
v 0.151423 0.893673 0.292959
v 0.175858 0.972561 0.288754
v 0.225079 0.960451 0.305399
v 0.270224 1.029227 0.295392
v 0.187009 1.022923 0.276542
v 0.190627 1.134988 0.259668
v 0.125233 1.031265 0.247102
v 0.132793 1.102310 0.242921
v 0.033324 1.024576 0.088272
v 0.089620 1.030381 0.227543
v 0.023550 1.024230 0.150294
v 0.092077 0.993974 0.245455
v 0.054249 0.995473 0.217307
v 0.065886 0.946034 0.255716
v 0.022605 0.933578 0.215584
v 0.019500 0.968832 0.172615
v 0.065319 0.895403 0.267345
v 0.027492 0.881333 0.244087
v -0.006366 0.834546 0.208338
v 0.008538 0.841543 0.233851
v 0.094750 0.792680 0.272108
v 0.054600 0.843849 0.264913
v 0.039588 0.803829 0.269676
v 0.010617 0.805213 0.240134
v 0.100690 0.733207 0.265141
v 0.063213 0.768922 0.257895
v 0.030516 0.779532 0.244771
v 0.091834 0.721443 0.252802
v 0.189574 0.682576 0.273400
v 0.157471 0.672580 0.256400
v 0.203884 0.644439 0.282597
v 0.225997 0.667698 0.286904
v 0.260099 0.657933 0.288298
v 0.244168 0.634521 0.290274
v 0.236473 0.597999 0.280849
v 0.276974 0.598806 0.280849
v 0.297683 0.620681 0.276542
v 0.309536 0.540294 0.241984
v 0.170377 0.637442 0.258984
v 0.137815 0.666429 0.237905
v 0.063456 0.722981 0.220347
v 0.295577 0.535873 0.236410
v 0.225781 0.582621 0.260732
v 0.149317 0.631061 0.224654
v 0.125341 0.658971 0.206463
v 0.275975 0.533297 0.208135
v 0.178990 0.601266 0.213583
v 0.151693 0.621603 0.199521
v 0.285101 0.534835 0.175300
v 0.213658 0.589387 0.181685
v 0.266039 0.612992 0.139475
v 0.177937 0.620450 0.170309
v 0.133144 0.665737 0.166458
v 0.191437 0.689111 0.119232
v 0.060189 0.725057 0.191008
v -0.002289 0.797447 0.208591
v 0.024468 0.765308 0.199040
v -0.008094 0.798600 0.181938
v 0.043773 0.759964 0.154018
v 0.102067 0.694916 0.174616
v 0.126988 0.707142 0.145176
v -0.007986 0.846310 0.177758
v 0.022848 0.804406 0.132964
v 0.011076 0.789182 0.155310
v 0.010860 0.832239 0.136461
v 0.013776 0.899478 0.149027
v 0.032028 0.881333 0.123311
v 0.027249 0.987169 0.143073
v 0.042612 0.944266 0.102004
v 0.042963 1.009659 0.103752
v 0.071826 0.986862 0.067218
v 0.060081 1.013158 0.060453
v 0.084382 0.997588 0.017636
v 0.094291 0.987093 0.038943
v 0.244628 0.938230 0.008211
v 0.198079 0.957644 0.009149
v 0.120697 0.919162 0.053841
v 0.074040 0.844926 0.110492
v 0.159739 0.830356 0.081051
v 0.145726 0.752160 0.111657
v 0.147913 0.776610 0.099800
v 0.208096 0.751699 0.101320
v 0.237742 0.689803 0.106666
v 0.297224 0.625909 0.134814
v 0.289070 0.676655 0.129240
v 0.271277 0.702605 0.123539
v 0.249515 0.757311 0.102815
v 0.228562 0.884254 0.040109
v 0.264041 0.795909 0.086879
v 0.272438 0.744740 0.117484
v 0.266498 0.921930 0.004031
v 0.287099 0.773458 0.113050
v 0.290744 0.826742 0.054069
v 0.347714 0.818976 0.066407
v 0.307700 0.911934 0.001598
v 0.336887 0.847002 0.039045
v 0.408923 0.883793 0.026732
v 0.332594 0.909012 0.015660
v 0.436491 0.900977 0.012746
v 0.257534 0.927273 0.011251
v 0.331649 0.914125 0.004968
v 0.217627 0.905783 -0.016339
v 0.269630 0.879103 -0.008992
v 0.269063 0.793603 -0.074155
v 0.300707 0.841197 -0.024371
v 0.394019 0.896941 0.005196
v 0.341558 0.851769 -0.015275
v 0.340397 0.823858 -0.036456
v 0.449289 0.887714 -0.009701
v 0.478746 0.914241 0.015204
v 0.397286 0.848270 -0.033086
v 0.367856 0.804521 -0.070102
v 0.298493 0.769498 -0.100935
v 0.186901 0.779186 -0.084391
v 0.257642 0.771613 -0.083935
v 0.279404 0.746355 -0.101265
v 0.250703 0.679347 -0.095691
v 0.230776 0.743202 -0.091384
v 0.288827 0.696339 -0.114439
v 0.249515 0.626640 -0.121533
v 0.267902 0.556556 -0.162476
v 0.306053 0.663162 -0.115351
v 0.302327 0.623372 -0.117226
v 0.286856 0.591502 -0.127234
v 0.294200 0.529337 -0.157941
v 0.284777 0.515728 -0.194956
v 0.288476 0.511422 -0.164477
v 0.152800 0.401587 -0.251733
v 0.240091 0.470018 -0.211931
v 0.241603 0.462444 -0.183783
v 0.150262 0.402394 -0.232656
v 0.117322 0.392399 -0.251252
v 0.158038 0.391246 -0.202151
v 0.111031 0.377752 -0.216466
v 0.127204 0.373792 -0.280109
v 0.064374 0.372715 -0.220900
v 0.072285 0.375176 -0.286747
v 0.053196 0.383441 -0.258017
v 0.014046 0.380289 -0.247781
v 0.018879 0.379020 -0.293892
v 0.100339 0.355146 -0.295615
v 0.120805 0.329927 -0.292093
v 0.055761 0.362720 -0.313527
v 0.131875 0.303362 -0.272787
v 0.095452 0.334463 -0.316365
v 0.119995 0.302439 -0.296400
v 0.126988 0.292559 -0.242663
v 0.113245 0.275798 -0.279881
v 0.089755 0.301171 -0.311424
v 0.092779 0.255038 -0.293512
v 0.054141 0.335155 -0.322369
v 0.048201 0.272607 -0.335620
v 0.020742 0.358184 -0.313046
v 0.038130 0.259997 -0.329590
v -0.009390 0.270569 -0.335417
v 0.011076 0.339923 -0.309550
v -0.029289 0.259382 -0.308739
v -0.031395 0.273914 -0.322015
v -0.008580 0.340384 -0.292676
v -0.008337 0.371793 -0.277221
v -0.049998 0.276490 -0.293157
v -0.017409 0.347265 -0.266504
v -0.002073 0.369371 -0.235797
v 0.025386 0.358645 -0.204128
v 0.181312 0.317356 -0.179704
v -0.008337 0.344805 -0.232656
v 0.146995 0.304861 -0.191916
v -0.048378 0.280449 -0.232757
v -0.054993 0.277681 -0.258371
v -0.049296 0.260535 -0.254748
v 0.122560 0.309206 -0.217277
v -0.028830 0.260997 -0.217986
v 0.054492 0.255307 -0.260094
v 0.107791 0.288253 -0.211804
v 0.088243 0.273837 -0.236507
v 0.077172 0.255038 -0.219506
v 0.087756 0.283217 -0.205800
v 0.098125 0.311628 -0.192955
v 0.043908 0.316279 -0.193791
v 0.064158 0.265456 -0.199491
v 0.019500 0.263880 -0.192853
v -0.048378 0.280449 -0.232757
v -0.021027 0.280680 -0.205293
v 0.011913 0.287216 -0.192499
v 0.013290 0.336539 -0.210082
v -0.008337 0.344805 -0.232656
v 0.025386 0.358645 -0.204128
v 0.054600 0.335617 -0.189484
v 0.067398 0.353532 -0.199010
v 0.094642 0.340038 -0.204128
v 0.117430 0.342344 -0.197971
v 0.064374 0.372715 -0.220900
v 0.145132 0.330388 -0.181680
v 0.188764 0.360529 -0.172711
v 0.135115 0.354800 -0.185861
v 0.111031 0.377752 -0.216466
v 0.342935 0.498620 -0.127462
v 0.158038 0.391246 -0.202151
v 0.173293 0.363989 -0.178995
v 0.321443 0.505386 -0.132098
v 0.240307 0.431612 -0.163869
v 0.241603 0.462444 -0.183783
v 0.353060 0.527223 -0.112564
v 0.288476 0.511422 -0.164477
v 0.294200 0.529337 -0.157941
v 0.336428 0.561592 -0.119532
v 0.379142 0.542370 -0.117327
v 0.286856 0.591502 -0.127234
v 0.302327 0.623372 -0.117226
v 0.427770 0.563283 -0.123839
v 0.385190 0.626640 -0.131997
v 0.393101 0.574240 -0.116973
v 0.306053 0.663162 -0.115351
v 0.354572 0.664661 -0.142106
v 0.337022 0.705527 -0.168404
v 0.323171 0.694109 -0.136988
v 0.313154 0.734937 -0.148972
v 0.288827 0.696339 -0.114439
v 0.279404 0.746355 -0.101265
v 0.316070 0.757042 -0.131186
v 0.298493 0.769498 -0.100935
v 0.389024 0.799869 -0.100809
v 0.367856 0.804521 -0.070102
v 0.478260 0.902515 -0.012260
v 0.431739 0.845387 -0.057763
v 0.449289 0.887714 -0.009701
v 0.478746 0.914241 0.015204
v 0.491571 0.931233 0.009731
v 0.541683 0.910665 -0.009119
v 0.585100 0.808942 -0.016567
v 0.568576 0.865724 -0.010157
v 0.538794 0.907398 0.008692
v 0.568089 0.853153 0.008110
v 0.546570 0.907167 0.018801
v 0.557775 0.915548 0.013912
v 0.579970 0.860726 0.016445
v 0.586369 0.862495 0.003321
v 0.579160 0.810941 0.000534
v 0.587071 0.852346 0.014748
v 0.584263 0.822667 0.014621
v 0.597196 0.819783 0.005779
v 0.548784 0.913318 0.001472
v 0.585100 0.833969 -0.003646
v 0.566821 0.862379 0.004259
v 0.561474 0.868069 0.021842
v 0.617203 0.816054 0.038006
v 0.610507 0.859919 0.037423
v 0.615934 0.831278 0.052549
v 0.593740 0.860150 0.050344
v 0.594523 0.857459 0.036384
v 0.604891 0.811518 0.048596
v 0.607915 0.811749 0.055690
v 0.537957 0.908436 0.026605
v 0.616528 0.818130 0.068840
v 0.577513 0.912395 0.055234
v 0.632620 0.831547 0.068384
v 0.548784 0.913549 0.043250
v 0.583102 0.843503 0.035574
v 0.575434 0.807443 0.019029
v 0.589636 0.797909 0.046620
v 0.586477 0.795563 0.033927
v 0.558909 0.716561 0.038133
v 0.551457 0.726210 0.017991
v 0.553779 0.729708 -0.012032
v 0.564606 0.751929 0.004385
v 0.540171 0.699568 0.004487
v 0.605215 0.760887 -0.034834
v 0.592525 0.760195 -0.049757
v 0.592066 0.725633 -0.048110
v 0.555804 0.700875 -0.031693
v 0.582076 0.699222 -0.042156
v 0.523215 0.684460 -0.013198
v 0.518760 0.663738 -0.035544
v 0.579970 0.699222 -0.055660
v 0.513306 0.626255 -0.048110
v 0.551565 0.664661 -0.038204
v 0.593011 0.692379 -0.075447
v 0.545193 0.675502 -0.052645
v 0.550890 0.669889 -0.075093
v 0.558369 0.659432 -0.085810
v 0.604675 0.662931 -0.074383
v 0.594631 0.645708 -0.068810
v 0.495027 0.574048 -0.071951
v 0.541683 0.638019 -0.087203
v 0.358541 0.481974 -0.081857
v 0.532017 0.621988 -0.067213
v 0.513306 0.626255 -0.048110
v 0.394829 0.532566 -0.064148
v 0.399716 0.544561 -0.052645
v 0.284642 0.250886 0.590122
v 0.378089 0.242774 0.655058
v 0.236230 0.273260 0.648546
v 0.115567 0.281756 0.571982
v 0.220543 0.261612 0.658554
v 0.186199 0.288484 0.651561
v 0.077632 0.300017 0.606768
v -0.040224 0.311397 0.646444
v -0.051159 0.287869 0.653867
v -0.211405 0.317356 0.649940
v -0.099328 0.321431 0.461062
v -0.220234 0.332003 0.490984
v -0.023241 0.299325 0.496709
v -0.316571 0.348419 0.412798
v -0.202792 0.337577 0.364406
v -0.047568 0.287331 0.398609
v -0.183919 0.330734 0.332128
v -0.102487 0.309436 0.424198
v -0.238729 0.340153 0.285359
v -0.153679 0.310090 0.342288
v -0.127138 0.295712 0.320170
v -0.234544 0.324660 0.261999
v -0.176143 0.300940 0.271424
v -0.110506 0.294174 0.244087
v -0.024753 0.283717 0.330431
v -0.034635 0.290829 0.348217
v 0.020985 0.279950 0.409554
v 0.026142 0.272760 0.395088
v 0.144889 0.271492 0.515889
v 0.110572 0.278258 0.481812
v 0.094642 0.268954 0.435726
v 0.131416 0.264649 0.479937
v 0.268388 0.250886 0.522881
v 0.191572 0.255038 0.476567
v 0.107440 0.264649 0.401523
v 0.173995 0.273491 0.303195
v -0.034635 0.294059 0.157388
v 0.230668 0.252654 0.433598
v 0.114190 0.281949 0.200661
v 0.337697 0.263111 0.224046
v 0.357380 0.242274 0.482724
v 0.457902 0.226358 0.462455
v 0.469188 0.237622 0.366256
v 0.479772 0.223206 0.552321
v 0.440001 0.225205 0.614799
v 0.536553 0.210519 0.535321
v 0.416133 0.229395 0.645861
v 0.505152 0.175727 0.567903
v 0.592066 0.030985 0.460403
v 0.550755 0.036790 0.531850
v 0.490869 0.139782 0.591769
v 0.497133 0.040634 0.572438
v 0.420210 0.047516 0.621665
v 0.369827 0.237276 0.666813
v 0.206341 0.252270 0.713938
v 0.319445 0.055435 0.671348
v 0.262421 0.063585 0.692073
v 0.244277 0.241352 0.709403
v 0.169567 0.065431 0.714647
v 0.118024 0.253654 0.730812
v 0.019932 0.264533 0.731622
v 0.083221 0.076964 0.723261
v 0.009564 0.083230 0.723819
v -0.294485 0.300709 0.654374
v -0.136696 0.281257 0.709175
v -0.044544 0.267532 0.726276
v -0.131458 0.130709 0.706591
v -0.077916 0.122905 0.717434
v -0.129244 0.097416 0.721513
v -0.230467 0.283025 0.682167
v -0.206032 0.103375 0.684599
v -0.400919 0.347265 0.468536
v -0.299561 0.321315 0.653208
v -0.272480 0.107450 0.659339
v -0.345569 0.272299 0.627264
v -0.322754 0.295827 0.662734
v -0.361148 0.116485 0.614445
v -0.425625 0.229972 0.597926
v -0.430377 0.210635 0.573477
v -0.427596 0.121175 0.572438
v -0.497742 0.127518 0.516015
v -0.516264 0.129325 0.525313
v -0.395357 0.310090 0.617713
v -0.454434 0.312320 0.572793
v -0.419199 0.328735 0.583510
v -0.477033 0.341999 0.514495
v -0.193369 0.309090 0.200332
v -0.500901 0.334233 0.514622
v -0.545316 0.346074 0.437703
v -0.224878 0.326429 0.204867
v -0.239539 0.339923 0.239425
v -0.334391 0.349803 0.295620
v -0.313790 0.342690 0.368713
v -0.471687 0.343306 0.376694
v 0.034350 0.292905 0.061289
v -0.031395 0.300594 0.074185
v -0.440394 0.351686 0.273628
v -0.231763 0.313973 0.104107
v -0.398732 0.355992 0.253866
v -0.309956 0.340845 0.203018
v -0.278636 0.334463 0.210340
v -0.261194 0.322238 0.145885
v -0.299021 0.345728 0.142972
v -0.354641 0.357261 0.184852
v -0.389984 0.361451 0.152625
v -0.438747 0.358991 0.174743
v -0.371381 0.351302 0.092123
v -0.537324 0.364104 0.163798
v -0.469824 0.362259 0.091996
v -0.309011 0.332118 0.121082
v -0.307391 0.318855 0.056856
v -0.366629 0.338538 0.071525
v -0.361499 0.323507 0.033471
v -0.481002 0.352148 0.034510
v -0.402215 0.325967 0.044416
v -0.369518 0.325621 -0.032731
v -0.472632 0.334117 0.032761
v -0.484377 0.338154 -0.093132
v -0.527199 0.341422 -0.005394
v -0.532896 0.345382 -0.036101
v -0.537162 0.357492 0.001016
v -0.557088 0.355492 0.069650
v -0.492288 0.349457 -0.090091
v -0.544182 0.360413 -0.039243
v -0.602800 0.364219 -0.035290
v -0.599560 0.360413 0.210796
v -0.602476 0.363412 0.145987
v -0.607363 0.359798 0.010187
v -0.621916 0.353416 0.245024
v -0.679021 0.358530 0.145176
v -0.642031 0.344920 0.285359
v -0.601531 0.344690 0.335549
v -0.536838 0.350841 0.346012
v -0.563946 0.342844 0.414191
v -0.509271 0.315241 0.523109
v -0.571290 0.299902 0.451080
v -0.612250 0.330965 0.361721
v -0.548961 0.129402 0.490300
v -0.619702 0.138590 0.390350
v -0.657367 0.142127 0.300155
v -0.653803 0.328389 0.287006
v -0.697759 0.340269 0.166458
v -0.687418 0.144203 0.234181
v -0.690550 0.354454 0.040464
v -0.714958 0.342229 -0.032858
v -0.694411 0.358068 -0.049605
v -0.556872 0.351148 -0.095691
v -0.625048 0.361682 -0.082415
v -0.724193 0.223091 0.073273
v -0.697651 0.364335 -0.085455
v -0.726622 0.146548 0.041730
v -0.724301 0.277912 -0.025992
v -0.723490 0.335963 -0.078817
v -0.729079 0.147817 -0.083276
v -0.722221 0.230433 -0.079400
v -0.714310 0.184108 -0.189585
v -0.713257 0.324430 -0.126398
v -0.702079 0.348419 -0.119430
v -0.698002 0.342460 -0.177018
v -0.679966 0.359452 -0.119430
v -0.612952 0.352378 -0.124675
v -0.528819 0.336078 -0.103595
v -0.669274 0.354916 -0.172027
v -0.603421 0.338654 -0.133390
v -0.458889 0.332349 -0.139800
v -0.235597 0.311282 -0.039952
v -0.169258 0.311743 0.024502
v -0.452139 0.337116 -0.121533
v -0.156325 0.310897 -0.093005
v -0.331583 0.324660 -0.107801
v -0.371165 0.335963 -0.130046
v -0.318326 0.322699 -0.169823
v -0.073623 0.301978 -0.113248
v -0.114691 0.311474 -0.076410
v 0.031920 0.294520 -0.068227
v 0.041586 0.298826 -0.099871
v 0.286964 0.265456 0.181584
v 0.247301 0.273606 0.127720
v 0.158740 0.284601 -0.117226
v 0.367262 0.251501 0.187740
v 0.350981 0.258921 0.057894
v 0.275219 0.272607 -0.061487
v -0.023808 0.295827 -0.130046
v 0.098935 0.289407 -0.153633
v 0.148615 0.285562 -0.221812
v -0.079564 0.303977 -0.188774
v -0.151087 0.317356 -0.215073
v 0.437652 0.251693 -0.158650
v 0.359459 0.263572 -0.161310
v 0.181312 0.286177 -0.136405
v 0.086839 0.295481 -0.228222
v 0.152233 0.282333 -0.248034
v 0.202561 0.282218 -0.207041
v 0.283373 0.269185 -0.188546
v 0.372743 0.262073 -0.205648
v 0.553941 0.238468 -0.246261
v 0.340397 0.262188 -0.232985
v 0.436275 0.259036 -0.256269
v 0.266498 0.267032 -0.287685
v 0.357137 0.262650 -0.261766
v 0.163978 0.282679 -0.393563
v 0.308861 0.266148 -0.417556
v 0.395882 0.254730 -0.295235
v 0.397394 0.258459 -0.408232
v 0.494217 0.240660 -0.286874
v 0.326411 0.253077 -0.435747
v 0.543114 0.239814 -0.415909
v 0.594982 0.229011 -0.308638
v 0.697906 0.217862 -0.380768
v 0.706114 0.211673 -0.284771
v 0.691156 0.212864 -0.208789
v 0.761843 0.196218 -0.214034
v 0.345500 0.262304 -0.051809
v 0.589852 0.232740 -0.142106
v 0.461061 0.245888 -0.128273
v 0.779528 0.200178 -0.167011
v 0.609400 0.228088 -0.078361
v 0.636670 0.226935 -0.065212
v 0.740891 0.206098 -0.070102
v 0.790814 0.194334 -0.011120
v 0.786575 0.199255 0.013000
v 0.399500 0.250540 0.059415
v 0.580888 0.227627 0.111784
v 0.507933 0.235777 0.178340
v 0.638857 0.205291 0.434333
v 0.505611 0.245081 0.241274
v 0.609751 0.218323 0.375681
v 0.612208 0.214710 0.254449
v 0.528777 0.239276 0.264558
v 0.696664 0.205752 0.266306
v 0.632728 0.221130 0.305855
v 0.713431 0.204368 0.326453
v 0.656785 0.027486 0.385916
v 0.721963 0.197371 0.291794
v 0.670258 0.019567 0.360200
v 0.757415 0.198794 0.211961
v 0.737002 0.205983 0.094910
v 0.787790 0.194603 0.084674
v 0.719020 0.016799 0.270157
v 0.747533 0.016184 0.200560
v 0.766730 0.014223 0.136562
v 0.763733 0.122636 0.171247
v 0.767675 0.007149 0.103169
v 0.778826 0.016645 0.026731
v 0.776207 0.015338 -0.121533
v 0.779069 0.112217 -0.138381
v 0.766028 0.117792 -0.187381
v 0.783713 0.013416 -0.159461
v 0.781742 0.091035 -0.172129
v 0.754769 0.107566 -0.247882
v 0.737002 0.199486 -0.304204
v 0.746237 0.019336 -0.252418
v 0.679573 0.213902 -0.423358
v 0.710785 0.204022 -0.373801
v 0.731818 0.022027 -0.303621
v 0.710326 0.021681 -0.355053
v 0.698446 0.112679 -0.383910
v 0.621415 0.204138 -0.459841
v 0.544248 0.220399 -0.461412
v 0.660646 0.023873 -0.380566
v 0.646768 0.121406 -0.415326
v 0.619552 0.029485 -0.450872
v 0.546219 0.209481 -0.549555
v 0.597412 0.210865 -0.493664
v 0.581725 0.087306 -0.506079
v 0.436275 0.227858 -0.519507
v 0.539280 0.140705 -0.559512
v 0.486522 0.220130 -0.607472
v 0.321308 0.242428 -0.506611
v 0.218680 0.273106 -0.522522
v 0.237742 0.257998 -0.527285
v 0.236122 0.255191 -0.567822
v 0.192139 0.280449 -0.575473
v 0.176317 0.285908 -0.524726
v 0.091644 0.286408 -0.299213
v 0.095209 0.289637 -0.389154
v 0.007242 0.296288 -0.547553
v -0.199633 0.314549 -0.364249
v -0.125518 0.304977 -0.273826
v -0.236731 0.316779 -0.223687
v -0.394655 0.325737 -0.167011
v -0.282605 0.323161 -0.298427
v -0.376268 0.327236 -0.288850
v -0.486240 0.333387 -0.214845
v -0.489021 0.335501 -0.294095
v -0.524742 0.342690 -0.304913
v -0.574098 0.339231 -0.194703
v -0.645055 0.345036 -0.161310
v -0.653209 0.341191 -0.252139
v -0.342410 0.327582 -0.473421
v -0.312737 0.324199 -0.392169
v -0.491478 0.338269 -0.378437
v -0.624346 0.345382 -0.331668
v -0.529629 0.330042 -0.477728
v -0.612952 0.327813 -0.385075
v -0.646702 0.328851 -0.326905
v -0.669274 0.317932 -0.271166
v -0.688552 0.284870 -0.226474
v -0.690793 0.219938 -0.237875
v -0.684043 0.273837 -0.264097
v -0.666709 0.276836 -0.310943
v -0.670786 0.209827 -0.309499
v -0.703699 0.146433 -0.245906
v -0.631096 0.249617 -0.374612
v -0.674836 0.143742 -0.321888
v -0.632851 0.138744 -0.380768
v -0.589678 0.244389 -0.440459
v -0.615166 0.185261 -0.400910
v -0.539754 0.316548 -0.483074
v -0.557574 0.249040 -0.451176
v -0.615166 0.136168 -0.388090
v -0.560463 0.159581 -0.446996
v -0.504735 0.310820 -0.509144
v -0.426543 0.327582 -0.479248
v -0.484269 0.318278 -0.514465
v -0.284468 0.315818 -0.511450
v 0.042045 0.283333 -0.571065
v -0.203818 0.299402 -0.538357
v -0.357773 0.302901 -0.598377
v -0.221746 0.298364 -0.581073
v 0.189709 0.264995 -0.595742
v 0.018771 0.283025 -0.615377
v 0.389267 0.236815 -0.608410
v 0.230074 0.247887 -0.639218
v 0.408572 0.225666 -0.650974
v 0.173401 0.248464 -0.739294
v 0.129553 0.256460 -0.658651
v -0.097357 0.286024 -0.700074
v 0.034836 0.266263 -0.650974
v -0.407454 0.301171 -0.590979
v -0.073165 0.267647 -0.737901
v -0.304124 0.299325 -0.656598
v -0.225580 0.290329 -0.696401
v -0.128434 0.278027 -0.728957
v -0.211162 0.279642 -0.701797
v -0.332960 0.293828 -0.650746
v -0.229306 0.283140 -0.702659
v -0.348917 0.239506 -0.639573
v -0.463857 0.274990 -0.545070
v -0.416175 0.167577 -0.602608
v -0.524985 0.130709 -0.496679
v -0.468555 0.124789 -0.564427
v -0.380696 0.178649 -0.614820
v -0.304259 0.219938 -0.657054
v -0.444687 0.122559 -0.571141
v -0.406644 0.116292 -0.599086
v -0.335093 0.112679 -0.650898
v -0.263516 0.109411 -0.691030
v -0.219991 0.246849 -0.696604
v -0.137749 0.233201 -0.725436
v -0.193477 0.100453 -0.720470
v -0.119119 0.096955 -0.741980
v -0.057450 0.178418 -0.745223
v 0.082518 0.258575 -0.748111
v 0.009915 0.264533 -0.748035
v 0.000627 0.083692 -0.759765
v 0.031218 0.162464 -0.753381
v 0.107305 0.074581 -0.755357
v 0.173401 0.248464 -0.739294
v 0.172240 0.073004 -0.745324
v 0.258479 0.240890 -0.719482
v 0.231127 0.062817 -0.730123
v 0.312236 0.059011 -0.701620
v 0.344447 0.231587 -0.686697
v 0.408572 0.225666 -0.650974
v 0.397043 0.050168 -0.657055
v 0.486522 0.220130 -0.607472
v 0.388430 0.230779 -0.665542
v 0.466785 0.171652 -0.614668
v 0.460143 0.040058 -0.614440
v 0.539280 0.035060 -0.547072
v 0.539280 0.140705 -0.559512
v 0.584263 0.031677 -0.506788
v 0.581725 0.087306 -0.506079
v 0.619552 0.029485 -0.450872
v 0.014451 0.257191 0.203676
v -0.047217 0.253077 0.229037
v -0.062337 0.253077 0.282242
v -0.071868 0.272414 0.243377
v -0.032556 0.263688 0.207299
v -0.052671 0.276951 0.218371
v 0.013182 0.272607 0.191135
v -0.024645 0.281257 0.201143
v -0.030558 0.338885 0.253030
v -0.017193 0.337001 0.230456
v 0.013884 0.327582 0.208718
v -0.009390 0.369025 0.237778
v 0.020985 0.355877 0.208591
v 0.012021 0.377982 0.247684
v 0.050874 0.368756 0.237221
v 0.074851 0.345036 0.217788
v 0.046176 0.338654 0.201472
v 0.042153 0.313627 0.206261
v 0.069504 0.288945 0.213253
v 0.069855 0.261112 0.222450
v 0.091645 0.302747 0.209047
v 0.088459 0.285216 0.226732
v 0.048552 0.257306 0.267117
v 0.100555 0.321777 0.226504
v 0.113380 0.296519 0.245024
v 0.100231 0.271799 0.275376
v 0.076714 0.252654 0.290983
v 0.001896 0.257537 0.335295
v -0.070140 0.278566 0.286550
v -0.048594 0.260920 0.318320
v 0.118024 0.305246 0.283535
v 0.085570 0.264418 0.303550
v 0.047040 0.258113 0.329266
v -0.047676 0.274183 0.326453
v 0.005622 0.277912 0.341705
v 0.030975 0.272607 0.342288
v 0.062970 0.272760 0.327036
v 0.057165 0.315933 0.322273
v 0.084733 0.294174 0.309934
v 0.100447 0.310474 0.307274
v 0.033432 0.328159 0.322400
v 0.065778 0.340614 0.322273
v 0.089863 0.346766 0.297951
v -0.008229 0.333272 0.308414
v 0.065427 0.367141 0.291566
v 0.033324 0.358876 0.317864
v -0.035688 0.324199 0.286321
v -0.030558 0.338885 0.253030
v -0.022998 0.356684 0.281786
v -0.005664 0.367372 0.299927
v -0.015573 0.374369 0.264558
v 0.007242 0.376791 0.288855
v -0.009390 0.369025 0.237778
v 0.012021 0.377982 0.247684
v 0.038535 0.377021 0.270487
v 0.116512 0.375522 0.283864
v 0.291176 0.516651 0.235903
v 0.050874 0.368756 0.237221
v 0.274409 0.514459 0.206387
v 0.103930 0.378790 0.231292
v 0.109303 0.387978 0.257236
v 0.169567 0.410083 0.231292
v 0.166786 0.411352 0.245354
v 0.170269 0.396359 0.267117
v 0.309536 0.516535 0.243960
v 0.328085 0.496660 0.255919
v 0.206476 0.373061 0.280976
v 0.124531 0.342575 0.290730
v 0.151882 0.343998 0.298660
v 0.144322 0.298249 0.247811
v 0.135817 0.315933 0.279886
v 0.128149 0.304785 0.225237
v 0.178774 0.289022 0.231976
v 0.173536 0.291483 0.262126
v 0.159091 0.317817 0.290629
v 0.193138 0.340845 0.283763
v 0.186901 0.311628 0.277251
v 0.208420 0.310359 0.245126
v 0.333161 0.585312 0.257464
v 0.326195 0.530760 0.260251
v 0.215764 0.334809 0.238741
v 0.239146 0.368871 0.232103
v 0.227968 0.372485 0.259086
v 0.346661 0.495968 0.250370
v 0.343421 0.472670 0.244897
v 0.376928 0.487587 0.221158
v 0.347957 0.519918 0.261543
v 0.372500 0.523071 0.252448
v 0.293606 0.671888 0.263393
v 0.386351 0.562515 0.234409
v 0.395072 0.530837 0.221513
v 0.392642 0.582160 0.223134
v 0.335969 0.667467 0.243149
v 0.333296 0.698069 0.209301
v 0.403443 0.601612 0.210542
v 0.426717 0.552634 0.215685
v 0.339452 0.692840 0.184269
v 0.442782 0.570549 0.191135
v 0.393803 0.500619 0.195670
v 0.426609 0.533874 0.202283
v 0.438732 0.546906 0.176136
v 0.442782 0.573548 0.168561
v 0.430092 0.541216 0.158199
v 0.193192 0.315587 0.211378
v 0.376226 0.492123 0.162860
v 0.344582 0.462675 0.192883
v 0.204829 0.361567 0.206945
v 0.231019 0.384249 0.208009
v 0.227509 0.392860 0.188551
v 0.181312 0.349226 0.194986
v 0.108493 0.344459 0.211961
v 0.157012 0.313511 0.196481
v 0.143782 0.303477 0.205576
v 0.128257 0.344920 0.195898
v 0.176074 0.363297 0.192174
v 0.103930 0.378790 0.231292
v 0.120589 0.374945 0.213811
v 0.162412 0.392284 0.211961
v 0.169567 0.410083 0.231292
v 0.196216 0.422193 0.210542
v 0.221353 0.401818 0.183458
v 0.314774 0.473632 0.154373
v 0.323171 0.505040 0.147152
v 0.271034 0.472786 0.169600
v 0.286154 0.508770 0.174490
v 0.274409 0.514459 0.206387
v 0.285101 0.534835 0.175300
v 0.328760 0.560592 0.139247
v 0.348659 0.528184 0.133066
v 0.400418 0.532951 0.146215
v 0.421830 0.567743 0.145049
v 0.385757 0.568089 0.137727
v 0.321659 0.640364 0.134586
v 0.321875 0.684460 0.154474
v 0.266039 0.612992 0.139475
v 0.297224 0.625909 0.134814
v 0.289070 0.676655 0.129240
v 0.290933 0.721789 0.133420
v 0.308375 0.737628 0.176364
v 0.271277 0.702605 0.123539
v 0.272438 0.744740 0.117484
v 0.307916 0.758003 0.141806
v 0.365750 0.784876 0.154145
v 0.287099 0.773458 0.113050
v 0.441027 0.834315 0.141325
v 0.390428 0.806289 0.116445
v 0.347714 0.818976 0.066407
v 0.380762 0.818015 0.081178
v 0.438489 0.847117 0.084320
v 0.408923 0.883793 0.026732
v 0.436491 0.900977 0.012746
v 0.478746 0.914241 0.015204
v 0.489195 0.903092 0.063848
v 0.501426 0.943112 0.042186
v 0.491571 0.931233 0.009731
v 0.537957 0.908436 0.026605
v 0.548784 0.913549 0.043250
v 0.515061 0.989438 0.050218
v 0.577513 0.912395 0.055234
v 0.629083 0.829433 0.049888
v 0.632620 0.831547 0.068384
v 0.624007 0.871914 0.062911
v 0.578458 0.930310 0.058959
v 0.538686 0.995012 0.041502
v 0.516330 1.015503 0.084092
v 0.519705 1.017694 0.047887
v 0.518058 1.036686 0.031495
v 0.514467 1.042837 0.099901
v 0.508176 0.934847 0.091059
v 0.495486 0.904591 0.112012
v 0.506583 0.937307 0.127846
v 0.440568 0.839082 0.167041
v 0.491301 0.907744 0.147507
v 0.486198 0.987323 0.178797
v 0.477909 0.933463 0.194606
v 0.466785 0.888060 0.182648
v 0.425799 0.885869 0.240464
v 0.441162 0.888560 0.217079
v 0.387863 0.894365 0.273628
v 0.459549 0.951262 0.211505
v 0.408114 0.939614 0.260732
v 0.327464 0.948687 0.300864
v 0.331082 1.007237 0.289919
v 0.383192 0.947072 0.278873
v 0.456984 0.981518 0.221285
v 0.406008 1.011312 0.256527
v 0.440001 1.035379 0.228936
v 0.479556 1.042452 0.184852
v 0.446859 1.099811 0.205804
v 0.375767 1.138448 0.248039
v 0.352169 1.033495 0.273755
v 0.342584 1.104847 0.264102
v 0.242171 1.106116 0.273299
v 0.286046 1.118572 0.270841
v 0.311642 1.171394 0.260960
v 0.051117 1.289034 0.251181
v 0.113596 1.289034 0.233725
v 0.259748 1.176661 0.261644
v 0.136870 1.181198 0.234763
v 0.110005 1.225985 0.229037
v 0.165139 1.258086 0.223261
v 0.208771 1.214106 0.249635
v 0.224377 1.258201 0.239982
v 0.261719 1.241709 0.241401
v 0.335375 1.194807 0.243960
v 0.402173 1.140447 0.228607
v 0.363887 1.202611 0.224654
v 0.172834 1.294531 0.214875
v 0.314207 1.256356 0.214393
v 0.045420 1.348853 0.249635
v 0.269522 1.310908 0.202283
v 0.230776 1.329784 0.185080
v 0.034053 1.371650 0.241173
v 0.133144 1.351198 0.210213
v 0.183418 1.333398 0.187639
v 0.109303 1.392026 0.184269
v 0.092644 1.367690 0.215103
v 0.007404 1.450653 0.218599
v 0.029247 1.474988 0.186245
v -0.020784 1.489290 0.225338
v -0.069789 1.572713 0.237221
v -0.085260 1.658252 0.223362
v -0.054777 1.615194 0.216395
v -0.037443 1.587745 0.199521
v 0.026466 1.525504 0.159719
v 0.004812 1.636031 0.140160
v 0.025170 1.598894 0.116445
v 0.060432 1.502783 0.130735
v 0.078118 1.471374 0.141680
v 0.033648 1.643028 0.087588
v 0.056355 1.582402 0.070233
v 0.136627 1.389219 0.177758
v 0.080683 1.512471 0.083028
v 0.181663 1.387835 0.145885
v 0.104173 1.476141 0.094201
v 0.229615 1.359310 0.154246
v 0.184120 1.410633 0.105272
v 0.241603 1.368421 0.126326
v 0.291743 1.333014 0.166002
v 0.327356 1.286265 0.190907
v 0.381005 1.234789 0.189032
v 0.345851 1.297991 0.159947
v 0.317474 1.338281 0.122475
v 0.414729 1.182351 0.193010
v 0.332459 1.335474 0.091768
v 0.388916 1.273579 0.120626
v 0.421020 1.222948 0.134712
v 0.478044 1.077744 0.169144
v 0.451854 1.163052 0.147026
v 0.495621 1.093699 0.107020
v 0.479097 1.143484 0.086422
v 0.437895 1.219104 0.095265
v 0.448479 1.185965 0.011834
v 0.451962 1.199805 0.071170
v 0.417402 1.252973 0.069422
v 0.408681 1.260662 0.009605
v 0.272546 1.371996 0.071044
v 0.384839 1.290456 0.032077
v 0.363428 1.310793 0.005424
v 0.353654 1.315099 0.055108
v 0.274652 1.372727 0.035574
v 0.286154 1.356196 0.007172
v 0.245680 1.395293 0.000306
v 0.191437 1.433815 0.022526
v 0.212848 1.419129 -0.008764
v 0.127096 1.481370 -0.012260
v 0.122668 1.484176 0.022070
v 0.101743 1.508857 0.022754
v 0.102904 1.506397 -0.025283
v 0.078117 1.560757 0.021031
v 0.076011 1.561795 -0.014236
v 0.068451 1.653831 0.019866
v 0.055761 1.697465 0.006235
v 0.067398 1.653715 -0.011323
v -0.011496 1.709690 0.122146
v 0.050523 1.629726 0.070588
v 0.041694 1.703155 0.054424
v 0.031110 1.749134 0.036030
v -0.005313 1.783349 0.059060
v 0.007485 1.718994 0.081305
v -0.034878 1.782273 0.078974
v -0.044058 1.883650 0.072209
v -0.020784 1.829175 0.058148
v -0.062931 1.838940 0.078391
v -0.081183 1.907370 0.083965
v -0.095143 1.837902 0.105019
v -0.046407 1.740061 0.136917
v -0.073866 1.775891 0.130405
v -0.083289 1.697811 0.205095
v -0.133672 1.685124 0.231976
v -0.137749 1.719340 0.216167
v -0.105052 1.739139 0.184472
v -0.160780 1.775430 0.187740
v -0.063498 1.954618 0.081634
v -0.151357 1.813374 0.162860
v -0.132268 1.911445 0.104918
v -0.110398 1.893992 0.105374
v -0.129136 1.846859 0.122957
v -0.174739 1.864082 0.134358
v -0.191722 1.816719 0.178214
v -0.190210 1.880613 0.123995
v -0.210703 1.773431 0.200991
v -0.265730 1.764243 0.208819
v -0.317624 1.745520 0.213329
v -0.236164 1.822332 0.181128
v -0.307391 1.809991 0.181254
v -0.276098 1.812875 0.179734
v -0.236515 1.852587 0.145885
v -0.276557 1.845360 0.132483
v -0.268403 1.877346 0.119334
v -0.229441 2.013707 0.087689
v -0.224662 1.887610 0.122146
v -0.184162 1.930168 0.109579
v -0.225364 1.935665 0.105019
v -0.057450 2.099668 0.088982
v -0.113773 1.986489 0.095037
v -0.179383 1.985566 0.100256
v -0.189616 2.109664 0.084092
v -0.103864 2.095401 0.093871
v -0.144958 2.096324 0.092351
v -0.064902 2.154182 0.085358
v -0.005961 2.157411 0.091312
v 0.030975 2.197816 0.077099
v -0.014034 2.227226 0.078847
v -0.083640 2.203237 0.075351
v -0.143554 2.185822 0.083610
v 0.155149 2.188013 0.031723
v 0.158740 2.215501 0.046975
v -0.062796 2.305960 0.058021
v 0.139894 2.216769 0.066281
v -0.018354 2.299271 0.052903
v 0.009456 2.239451 0.072919
v 0.076956 2.180593 0.068155
v 0.054384 2.209311 0.082344
v 0.057759 2.222075 0.073020
v 0.105928 2.226188 0.040920
v 0.056868 2.247832 0.075351
v 0.008646 2.267862 0.067801
v 0.093481 2.224112 0.046493
v 0.050064 2.260865 0.067319
v 0.006432 2.292159 0.065825
v 0.067641 2.271706 0.070233
v 0.084274 2.267477 0.030456
v 0.047418 2.291351 0.054525
v -0.208840 2.207581 0.066053
v 0.013425 2.308997 0.047786
v -0.006825 2.337907 0.045455
v -0.033015 2.359551 0.035802
v 0.001545 2.327066 0.065014
v -0.101191 2.381964 0.022881
v -0.182299 2.272052 0.057565
v -0.082695 2.328604 0.051865
v -0.127624 2.368740 0.030203
v -0.176845 2.359436 0.025794
v -0.249799 2.196586 0.077327
v -0.213025 2.275397 0.048951
v -0.240484 2.277396 0.062911
v -0.261302 2.238029 0.071398
v -0.267215 2.300309 0.053258
v -0.217453 2.318647 0.039982
v -0.257009 2.324951 0.039298
v -0.210811 2.379081 0.019030
v -0.239782 2.359090 0.029037
v -0.215806 2.386193 0.031368
v -0.231979 2.386654 0.037879
v -0.199633 2.409106 0.050699
v -0.172633 2.467618 0.065926
vn -0.3267 -0.6683 0.6683
vn 0.5774 -0.5773 0.5774
vn -0.5774 0.5774 0.5773
vn 0.5773 -0.5774 0.5774
vn 0.5774 0.5774 0.5773
vn -0.3266 0.6683 0.6683
vn -0.5774 0.5773 0.5773
vn 0.5774 0.5773 0.5773
vn 0.5773 0.5774 0.5773
vn 0.5774 -0.5773 0.5773
vn 0.5773 -0.5774 0.5773
vn 0.5774 0.5773 0.5774
vn 0.5773 -0.5773 0.5774
vn -0.6005 0.5282 0.6004
vn 0.5773 0.5774 0.5774
vn 0.5774 0.5773 -0.5774
vn 0.3267 0.6683 0.6683
vn 0.5773 0.5773 0.5774
vn 0.5774 -0.5774 0.5773
vn -0.4356 0.6365 0.6365
vn 0.5773 0.5774 -0.5773
vn 0.5773 -0.5774 -0.5773
vn 0.5774 -0.5773 -0.5774
vn -0.5773 0.5774 0.5773
vn -0.5773 0.5774 0.5774
vn -0.5773 0.5773 0.5774
vn -0.5774 0.5773 0.5774
vn 0.5778 0.5776 0.5767
vn 0.5773 0.5774 -0.5774
vn -0.5773 -0.5774 0.5773
vn 0.5773 0.5773 -0.5774
vn 0.6365 0.6365 0.4355
vn 0.6365 0.6365 0.4356
vn 0.6924 -0.2030 0.6924
vn 0.6683 0.3267 0.6683
vn -0.5774 -0.5774 0.5773
vn 0.3266 0.6683 0.6683
vn 0.5773 -0.5774 -0.5774
vn 0.5773 -0.5773 -0.5774
vn -0.5773 -0.5774 0.5774
vn -0.7054 0.0689 0.7054
vn 0.5774 -0.5774 -0.5773
vn 0.5774 -0.5773 -0.5773
vn 0.6683 0.3266 -0.6683
vn -0.5774 -0.5774 -0.5773
vn -0.5774 -0.5773 -0.5773
vn 0.5774 0.5774 -0.5773
vn 0.6924 0.2030 -0.6923
vn -0.5774 0.5773 -0.5774
vn -0.5774 0.5773 -0.5773
vn -0.5773 0.5774 -0.5773
vn -0.5773 0.5773 -0.5774
vn -0.5773 0.5774 -0.5774
vn -0.6924 -0.2030 -0.6924
vn 0.5282 0.6004 -0.6004
vn -0.5773 -0.5774 -0.5773
vn -0.6365 0.4355 0.6365
vn -0.2030 -0.6924 0.6924
vn -0.5774 -0.5773 0.5773
vn -0.0690 -0.7054 0.7054
vn -0.6365 -0.4356 0.6365
vn -0.5774 -0.5773 0.5774
vn 0.5740 -0.5779 -0.5801
vn 0.5283 0.6004 -0.6004
vn -0.5773 -0.5773 0.5774
vn -0.5774 0.5774 -0.5773
vn -0.5777 0.5755 0.5788
vn -0.5773 -0.5773 -0.5774
vn 0.5774 0.5773 -0.5773
vn 0.6365 -0.4356 -0.6365
vn 0.6924 0.2030 -0.6924
vn 0.7054 0.0689 -0.7054
vn 0.7054 -0.0689 -0.7054
vn 0.6004 0.5283 -0.6004
vn -0.5774 -0.5773 -0.5774
vn -0.5283 0.6004 -0.6004
vn 0.5761 0.5769 -0.5790
vn 0.6924 0.6923 -0.2031
vn -0.5773 -0.5774 -0.5774
vn 0.5796 0.5771 0.5753
vn 0.7054 0.7054 0.0690
vn 0.6924 0.6924 -0.2031
vn 0.6004 0.6004 -0.5283
vn 0.6005 0.6004 -0.5282
vn 0.6366 0.6365 0.4355
vn -0.6683 -0.3267 0.6683
vn -0.2030 0.6923 0.6924
vn -0.7055 0.7054 0.0689
vn 0.3267 0.6683 -0.6683
vn -0.5282 -0.6004 0.6004
vn 0.6683 -0.3266 -0.6684
vn -0.5736 -0.5772 0.5812
vn 0.6924 -0.2030 -0.6923
vn -0.4356 0.6365 -0.6365
vn -0.0689 -0.7054 -0.7055
vn -0.4355 -0.6365 -0.6365
vn -0.5776 -0.5775 -0.5770
vn 0.6924 -0.2031 0.6923
vn -0.6004 -0.5282 0.6004
vn -0.6365 0.4356 0.6365
vn -0.6924 0.6924 -0.2030
vn 0.5774 -0.5692 -0.5853
vn -0.6924 0.6923 -0.2031
vn -0.6004 -0.5283 -0.6004
vn -0.0690 -0.7054 -0.7054
vn 0.5747 0.5783 -0.5791
vn 0.0689 0.7054 -0.7054
vn -0.7054 -0.7054 -0.0689
vn 0.3266 0.6683 -0.6683
vn -0.0689 0.7054 -0.7054
vn -0.5759 -0.5792 0.5769
vn 0.6924 0.2031 -0.6924
vn 0.6004 -0.5282 -0.6004
vn 0.2030 -0.6924 -0.6923
vn -0.2030 -0.6924 -0.6924
vn 0.6683 0.6683 -0.3266
vn -0.6684 0.3266 -0.6683
vn 0.6004 0.5282 -0.6004
vn 0.6004 -0.5283 -0.6004
vn 0.6684 0.3266 -0.6683
vn 0.5282 -0.6005 -0.6004
vn -0.6683 -0.6683 -0.3266
vn 0.6924 0.6924 -0.2030
vn 0.9906 -0.0968 -0.0968
vn 0.7054 -0.0689 -0.7055
vn 0.7054 0.7054 -0.0690
vn 0.7054 -0.0691 0.7054
vn 0.7055 -0.0689 0.7054
vn 0.6924 -0.2030 0.6923
vn -0.6924 -0.2030 0.6923
vn -0.6924 -0.2030 0.6924
vn -0.6923 -0.2030 0.6924
vn -0.9906 -0.0968 -0.0968
vn -0.6924 -0.2029 -0.6924
vn -0.7055 -0.0689 -0.7054
vn -0.7054 -0.0689 -0.7055
vn -0.7054 -0.0690 -0.7054
vn 0.7054 -0.0688 -0.7055
vn 0.7054 -0.0690 -0.7054
vn 0.6924 0.6923 -0.2030
vn 0.5785 -0.5781 -0.5754
vn -0.5776 0.5779 0.5766
vn 0.0689 -0.7054 -0.7054
vn -0.5774 -0.5794 -0.5752
vn -0.6004 0.5283 0.6004
vn -0.5283 -0.6004 -0.6004
vn 0.5797 0.5759 -0.5764
vn 0.7054 0.0689 0.7054
vn 0.7054 -0.7054 -0.0690
vn 0.0689 0.7054 -0.7055
vn -0.6683 0.6683 -0.3266
vn 0.7054 0.0690 -0.7054
vn 0.6005 0.5282 -0.6004
vn 0.2031 -0.6924 0.6924
vn -0.5282 0.6004 0.6004
vn 0.5283 -0.6004 0.6004
vn 0.6365 -0.4356 0.6365
vn -0.2031 -0.6924 0.6923
vn -0.7054 0.0690 0.7054
vn 0.7054 -0.7055 -0.0690
vn 0.6683 0.3266 -0.6684
vn -0.6004 -0.5282 -0.6004
vn 0.5761 0.5760 -0.5799
vn -0.2031 0.6924 -0.6924
vn -0.6683 0.3266 -0.6683
vt 0.156494 0.959808
vt 0.156494 0.970215
vt 0.146118 0.984207
vt 0.161377 0.962219
vt 0.159668 0.952820
vt 0.165771 0.960724
vt 0.171387 0.944702
vt 0.158813 0.942322
vt 0.177002 0.958710
vt 0.179077 0.934814
vt 0.159180 0.934448
vt 0.188721 0.936951
vt 0.170898 0.930908
vt 0.171753 0.919617
vt 0.182983 0.912048
vt 0.192627 0.919312
vt 0.193481 0.908630
vt 0.184692 0.906555
vt 0.206299 0.961700
vt 0.188110 0.966309
vt 0.192993 0.972504
vt 0.214844 0.959412
vt 0.225952 0.965027
vt 0.215820 0.923340
vt 0.222778 0.975311
vt 0.212280 0.976501
vt 0.228027 0.978607
vt 0.230591 0.972412
vt 0.238892 0.974213
vt 0.219360 0.901306
vt 0.233398 0.966309
vt 0.212769 0.895752
vt 0.246704 0.972214
vt 0.249634 0.981705
vt 0.260742 0.975906
vt 0.247070 0.967529
vt 0.260986 0.972702
vt 0.238403 0.962128
vt 0.251221 0.965729
vt 0.272705 0.962311
vt 0.244385 0.956604
vt 0.258057 0.963013
vt 0.268311 0.981110
vt 0.265625 0.988106
vt 0.260498 0.960022
vt 0.277100 0.972000
vt 0.259033 0.953918
vt 0.280029 0.959015
vt 0.241699 0.950500
vt 0.274414 0.983612
vt 0.228271 0.935730
vt 0.278564 0.990501
vt 0.274658 0.995903
vt 0.292969 0.990906
vt 0.234131 0.905212
vt 0.243286 0.929138
vt 0.258057 0.939911
vt 0.244995 0.911560
vt 0.278809 0.948425
vt 0.273682 0.923706
vt 0.256104 0.920227
vt 0.248291 0.877014
vt 0.264648 0.887939
vt 0.229248 0.875427
vt 0.258545 0.864380
vt 0.246338 0.859497
vt 0.283936 0.890503
vt 0.275635 0.868896
vt 0.256836 0.848633
vt 0.283936 0.908325
vt 0.246826 0.840698
vt 0.267334 0.852295
vt 0.250977 0.832153
vt 0.261963 0.837646
vt 0.226685 0.845825
vt 0.262939 0.820312
vt 0.206787 0.868896
vt 0.241577 0.826904
vt 0.256348 0.815308
vt 0.270996 0.827515
vt 0.266357 0.797607
vt 0.246582 0.810425
vt 0.259033 0.797241
vt 0.275391 0.809082
vt 0.254150 0.790405
vt 0.286621 0.819336
vt 0.272705 0.777100
vt 0.282471 0.833008
vt 0.276123 0.797119
vt 0.297363 0.809814
vt 0.297363 0.828247
vt 0.275146 0.850098
vt 0.291992 0.839966
vt 0.284668 0.868530
vt 0.290283 0.854736
vt 0.300781 0.860107
vt 0.289795 0.877747
vt 0.317383 0.829346
vt 0.292725 0.895508
vt 0.313721 0.816895
vt 0.318115 0.848145
vt 0.330078 0.821411
vt 0.318359 0.802368
vt 0.321289 0.808960
vt 0.331299 0.844238
vt 0.336914 0.811523
vt 0.345947 0.846313
vt 0.328369 0.862305
vt 0.309326 0.868042
vt 0.303711 0.879944
vt 0.321777 0.873901
vt 0.336182 0.869507
vt 0.321777 0.880310
vt 0.304688 0.893127
vt 0.351074 0.857910
vt 0.364014 0.864990
vt 0.370361 0.847656
vt 0.353760 0.873413
vt 0.377441 0.850586
vt 0.344482 0.877136
vt 0.371094 0.874512
vt 0.382324 0.865845
vt 0.387207 0.843750
vt 0.362793 0.833008
vt 0.389160 0.872192
vt 0.352051 0.809082
vt 0.377197 0.875916
vt 0.404785 0.860718
vt 0.384277 0.884216
vt 0.393555 0.888306
vt 0.399414 0.852905
vt 0.410400 0.847900
vt 0.416260 0.859375
vt 0.403320 0.833252
vt 0.416992 0.847412
vt 0.420410 0.855713
vt 0.413574 0.828491
vt 0.434326 0.849609
vt 0.437500 0.859009
vt 0.445068 0.860718
vt 0.439697 0.829346
vt 0.457764 0.847778
vt 0.454590 0.856323
vt 0.454590 0.865356
vt 0.476318 0.864502
vt 0.472900 0.877136
vt 0.473877 0.852417
vt 0.495361 0.856201
vt 0.482178 0.875000
vt 0.474121 0.843628
vt 0.498047 0.872192
vt 0.488770 0.885254
vt 0.457275 0.831055
vt 0.514648 0.878052
vt 0.512207 0.893738
vt 0.510254 0.870117
vt 0.532227 0.879517
vt 0.562988 0.900635
vt 0.510254 0.859009
vt 0.527832 0.862061
vt 0.563477 0.883728
vt 0.548340 0.878235
vt 0.552246 0.862671
vt 0.521973 0.846680
vt 0.544922 0.850220
vt 0.561035 0.859741
vt 0.506836 0.841309
vt 0.532227 0.837891
vt 0.488281 0.840820
vt 0.514160 0.831543
vt 0.474854 0.830811
vt 0.490479 0.831665
vt 0.496338 0.824219
vt 0.478271 0.819336
vt 0.459229 0.823120
vt 0.445068 0.818604
vt 0.467285 0.815430
vt 0.409668 0.815063
vt 0.458984 0.805908
vt 0.437988 0.806519
vt 0.400146 0.819702
vt 0.432617 0.801392
vt 0.375732 0.833862
vt 0.399170 0.800903
vt 0.388672 0.813721
vt 0.362305 0.809326
vt 0.385986 0.789917
vt 0.357666 0.796387
vt 0.344482 0.797241
vt 0.373779 0.779663
vt 0.400391 0.788574
vt 0.398682 0.776489
vt 0.435547 0.790405
vt 0.424561 0.777100
vt 0.447021 0.795776
vt 0.419678 0.765991
vt 0.467773 0.794800
vt 0.432373 0.774536
vt 0.436035 0.762085
vt 0.485596 0.800781
vt 0.448975 0.765869
vt 0.494385 0.808105
vt 0.459473 0.780151
vt 0.513672 0.822510
vt 0.476074 0.787109
vt 0.530762 0.829346
vt 0.517578 0.814209
vt 0.510742 0.801514
vt 0.495117 0.792236
vt 0.493164 0.770020
vt 0.513672 0.780518
vt 0.476807 0.769409
vt 0.481934 0.755859
vt 0.500977 0.760742
vt 0.527344 0.793213
vt 0.463867 0.758301
vt 0.528320 0.805054
vt 0.450684 0.752441
vt 0.536621 0.819336
vt 0.551758 0.798462
vt 0.555664 0.819824
vt 0.564941 0.833740
vt 0.561523 0.813599
vt 0.560547 0.844849
vt 0.575684 0.861938
vt 0.575195 0.848999
vt 0.580566 0.826416
vt 0.583008 0.850952
vt 0.583984 0.833740
vt 0.578125 0.812378
vt 0.588379 0.856934
vt 0.595703 0.828125
vt 0.575684 0.799438
vt 0.597168 0.806030
vt 0.599121 0.839844
vt 0.599121 0.846558
vt 0.611816 0.824585
vt 0.601074 0.856812
vt 0.616211 0.841309
vt 0.618164 0.832520
vt 0.597656 0.867920
vt 0.591309 0.875122
vt 0.616211 0.855103
vt 0.571777 0.888245
vt 0.625000 0.847046
vt 0.601562 0.876160
vt 0.620117 0.860474
vt 0.594727 0.884033
vt 0.607910 0.886841
vt 0.598633 0.897339
vt 0.570312 0.897522
vt 0.577148 0.902527
vt 0.581543 0.896729
vt 0.593750 0.918030
vt 0.599609 0.918945
vt 0.602539 0.911438
vt 0.621094 0.938202
vt 0.609375 0.933411
vt 0.618652 0.942505
vt 0.606934 0.909302
vt 0.610840 0.900208
vt 0.615234 0.897522
vt 0.625000 0.873901
vt 0.643066 0.868896
vt 0.628418 0.895630
vt 0.636719 0.890137
vt 0.653320 0.870728
vt 0.636719 0.860107
vt 0.653809 0.844482
vt 0.661133 0.853516
vt 0.639160 0.847412
vt 0.662109 0.851318
vt 0.649414 0.829102
vt 0.655762 0.834473
vt 0.663574 0.845703
vt 0.666992 0.852539
vt 0.672852 0.851318
vt 0.669434 0.830811
vt 0.672363 0.840576
vt 0.684082 0.848877
vt 0.687012 0.856567
vt 0.703613 0.829956
vt 0.708984 0.852417
vt 0.691895 0.865845
vt 0.724121 0.861694
vt 0.705078 0.836182
vt 0.705078 0.842041
vt 0.713379 0.836914
vt 0.717285 0.846069
vt 0.709961 0.832031
vt 0.724121 0.834351
vt 0.726562 0.848145
vt 0.731934 0.857544
vt 0.734375 0.865967
vt 0.776367 0.865723
vt 0.743164 0.852783
vt 0.768555 0.860718
vt 0.767578 0.848755
vt 0.735840 0.844238
vt 0.769043 0.845337
vt 0.784668 0.853149
vt 0.786133 0.849854
vt 0.782227 0.861938
vt 0.795898 0.867432
vt 0.798340 0.873657
vt 0.799316 0.860107
vt 0.805664 0.864258
vt 0.814453 0.871948
vt 0.817383 0.883545
vt 0.797852 0.850464
vt 0.802734 0.850464
vt 0.791992 0.843018
vt 0.809570 0.850708
vt 0.800781 0.841064
vt 0.812500 0.859985
vt 0.780273 0.843506
vt 0.771973 0.839722
vt 0.787109 0.834229
vt 0.736816 0.830688
vt 0.776367 0.831299
vt 0.721191 0.825317
vt 0.793457 0.835327
vt 0.708496 0.828491
vt 0.711426 0.823730
vt 0.704102 0.825317
vt 0.708008 0.820557
vt 0.726562 0.820068
vt 0.694824 0.821411
vt 0.715332 0.817505
vt 0.666016 0.824219
vt 0.700684 0.816650
vt 0.673340 0.814331
vt 0.645996 0.814819
vt 0.668457 0.804810
vt 0.707031 0.813965
vt 0.685547 0.799316
vt 0.719727 0.810913
vt 0.699219 0.804199
vt 0.669434 0.795044
vt 0.722168 0.806396
vt 0.657715 0.793701
vt 0.729004 0.810059
vt 0.720215 0.801758
vt 0.735840 0.815552
vt 0.731934 0.806641
vt 0.781250 0.823853
vt 0.789062 0.817993
vt 0.796875 0.823853
vt 0.728516 0.798340
vt 0.801270 0.830322
vt 0.718750 0.796021
vt 0.804688 0.836304
vt 0.808594 0.828125
vt 0.810547 0.821899
vt 0.815430 0.831665
vt 0.810059 0.842407
vt 0.818848 0.822144
vt 0.815918 0.848145
vt 0.819824 0.834106
vt 0.820312 0.811523
vt 0.830078 0.820068
vt 0.797852 0.807373
vt 0.731445 0.794312
vt 0.823242 0.804321
vt 0.796387 0.800537
vt 0.734375 0.785767
vt 0.795898 0.796875
vt 0.827637 0.797852
vt 0.725098 0.782715
vt 0.853027 0.811035
vt 0.850586 0.802124
vt 0.728516 0.774170
vt 0.868164 0.810547
vt 0.721191 0.792603
vt 0.840332 0.814941
vt 0.862305 0.817871
vt 0.873535 0.819702
vt 0.879883 0.816406
vt 0.884766 0.832153
vt 0.851074 0.821777
vt 0.864746 0.822388
vt 0.873047 0.826050
vt 0.864258 0.829590
vt 0.874512 0.835205
vt 0.872070 0.851318
vt 0.875977 0.863037
vt 0.865234 0.844360
vt 0.849609 0.827271
vt 0.864258 0.847168
vt 0.839844 0.823364
vt 0.853516 0.838135
vt 0.828125 0.830200
vt 0.841797 0.828491
vt 0.847168 0.837280
vt 0.831543 0.833618
vt 0.838867 0.836426
vt 0.831543 0.840210
vt 0.842285 0.839600
vt 0.852539 0.842163
vt 0.832520 0.843872
vt 0.824707 0.843262
vt 0.867676 0.854980
vt 0.836914 0.850830
vt 0.822266 0.855713
vt 0.844238 0.864380
vt 0.818848 0.860962
vt 0.830078 0.858154
vt 0.826172 0.862305
vt 0.825684 0.875122
vt 0.842773 0.867920
vt 0.830078 0.871216
vt 0.837891 0.878052
vt 0.831055 0.882324
vt 0.831055 0.892822
vt 0.841309 0.891113
vt 0.849609 0.884338
vt 0.857910 0.887817
vt 0.853516 0.870483
vt 0.864258 0.868042
vt 0.856934 0.867065
vt 0.863281 0.863403
vt 0.312256 0.152832
vt 0.311523 0.129883
vt 0.317871 0.143066
vt 0.318604 0.172363
vt 0.326904 0.151855
vt 0.323730 0.196777
vt 0.331787 0.189453
vt 0.342773 0.165527
vt 0.354980 0.175293
vt 0.349365 0.207031
vt 0.359863 0.212402
vt 0.343262 0.205566
vt 0.371582 0.184082
vt 0.399902 0.233887
vt 0.380615 0.222656
vt 0.386230 0.190918
vt 0.396240 0.194824
vt 0.406738 0.196289
vt 0.430176 0.244141
vt 0.425049 0.214844
vt 0.423340 0.196777
vt 0.437500 0.231445
vt 0.437500 0.208496
vt 0.439453 0.189941
vt 0.447266 0.218750
vt 0.424805 0.262695
vt 0.452881 0.207031
vt 0.449707 0.183594
vt 0.465332 0.199219
vt 0.459473 0.176758
vt 0.467041 0.204102
vt 0.474365 0.185547
vt 0.469238 0.168457
vt 0.481445 0.170898
vt 0.480469 0.160156
vt 0.486572 0.156250
vt 0.489990 0.155273
vt 0.481689 0.182617
vt 0.485596 0.166504
vt 0.502930 0.172363
vt 0.500488 0.145996
vt 0.510254 0.144043
vt 0.484131 0.190918
vt 0.496582 0.183105
vt 0.512207 0.171387
vt 0.469482 0.202637
vt 0.470215 0.204102
vt 0.481689 0.195312
vt 0.456055 0.213867
vt 0.457031 0.221191
vt 0.486084 0.211914
vt 0.492920 0.190430
vt 0.454590 0.246582
vt 0.511230 0.174316
vt 0.447510 0.263184
vt 0.463379 0.246582
vt 0.448486 0.283691
vt 0.452881 0.328125
vt 0.460693 0.323242
vt 0.464111 0.345215
vt 0.459717 0.278809
vt 0.464600 0.289551
vt 0.470947 0.253418
vt 0.465088 0.280273
vt 0.491943 0.216797
vt 0.501465 0.205078
vt 0.478027 0.249512
vt 0.514160 0.184570
vt 0.511230 0.197266
vt 0.518555 0.169434
vt 0.522949 0.203613
vt 0.517578 0.166992
vt 0.531738 0.176270
vt 0.516113 0.155273
vt 0.519043 0.133301
vt 0.532715 0.156738
vt 0.521484 0.140625
vt 0.521973 0.133301
vt 0.520020 0.152344
vt 0.529785 0.145508
vt 0.537109 0.134766
vt 0.531250 0.127930
vt 0.541504 0.151367
vt 0.546875 0.128418
vt 0.541016 0.120117
vt 0.541016 0.143066
vt 0.550781 0.118652
vt 0.547363 0.138184
vt 0.548828 0.145508
vt 0.552246 0.136230
vt 0.562500 0.139160
vt 0.552246 0.148926
vt 0.541016 0.155762
vt 0.543457 0.170410
vt 0.541992 0.194336
vt 0.559570 0.160156
vt 0.537109 0.208984
vt 0.564453 0.147949
vt 0.521973 0.222168
vt 0.563477 0.143555
vt 0.568848 0.153809
vt 0.556152 0.175293
vt 0.543945 0.176270
vt 0.561523 0.189453
vt 0.567383 0.177734
vt 0.548340 0.216309
vt 0.559570 0.202148
vt 0.536133 0.234863
vt 0.547852 0.229980
vt 0.523926 0.270020
vt 0.538574 0.269531
vt 0.506348 0.269043
vt 0.533203 0.280273
vt 0.476318 0.279785
vt 0.503418 0.281250
vt 0.475830 0.287598
vt 0.473877 0.291992
vt 0.498291 0.307129
vt 0.479248 0.309082
vt 0.493896 0.310547
vt 0.479980 0.333496
vt 0.478271 0.357422
vt 0.471436 0.369629
vt 0.479980 0.386719
vt 0.494873 0.354004
vt 0.491211 0.366211
vt 0.489014 0.403320
vt 0.498779 0.370117
vt 0.502441 0.390137
vt 0.503906 0.410645
vt 0.513184 0.396973
vt 0.515137 0.415527
vt 0.504395 0.352051
vt 0.509766 0.376465
vt 0.519531 0.381836
vt 0.532715 0.385742
vt 0.526855 0.417969
vt 0.538086 0.419434
vt 0.518066 0.378418
vt 0.541504 0.404297
vt 0.559082 0.425293
vt 0.549316 0.389160
vt 0.557129 0.410156
vt 0.553711 0.404297
vt 0.563477 0.406738
vt 0.568359 0.425293
vt 0.558594 0.390625
vt 0.586914 0.391113
vt 0.604980 0.389648
vt 0.599609 0.422363
vt 0.617188 0.421875
vt 0.624512 0.397949
vt 0.623535 0.417969
vt 0.627930 0.382812
vt 0.638184 0.413574
vt 0.653809 0.407715
vt 0.591309 0.389648
vt 0.642578 0.376465
vt 0.673828 0.396973
vt 0.605957 0.380371
vt 0.606445 0.352539
vt 0.637207 0.371582
vt 0.647949 0.373047
vt 0.679199 0.392090
vt 0.643555 0.359375
vt 0.666992 0.359375
vt 0.693848 0.376465
vt 0.656250 0.354492
vt 0.634766 0.340820
vt 0.633789 0.356934
vt 0.630371 0.336914
vt 0.618164 0.338867
vt 0.653320 0.329102
vt 0.625488 0.308105
vt 0.594727 0.320801
vt 0.686523 0.340332
vt 0.618652 0.313965
vt 0.574219 0.363770
vt 0.593750 0.312500
vt 0.575195 0.382812
vt 0.571289 0.358887
vt 0.559082 0.356445
vt 0.572754 0.312500
vt 0.559082 0.333496
vt 0.548340 0.375488
vt 0.552734 0.329590
vt 0.570312 0.300293
vt 0.535156 0.378906
vt 0.538086 0.351074
vt 0.527344 0.358887
vt 0.528320 0.340820
vt 0.551270 0.315918
vt 0.524414 0.323242
vt 0.533691 0.330078
vt 0.501953 0.323730
vt 0.530762 0.315918
vt 0.524902 0.300293
vt 0.536621 0.312988
vt 0.541016 0.289062
vt 0.542480 0.318359
vt 0.545410 0.302734
vt 0.555664 0.285156
vt 0.538574 0.279785
vt 0.559570 0.281250
vt 0.550781 0.241699
vt 0.560059 0.250488
vt 0.564453 0.242188
vt 0.553223 0.271484
vt 0.564453 0.261230
vt 0.606934 0.293457
vt 0.570801 0.259277
vt 0.617188 0.299805
vt 0.595215 0.257812
vt 0.620605 0.269043
vt 0.571777 0.234375
vt 0.598145 0.246094
vt 0.590820 0.223145
vt 0.569824 0.227539
vt 0.570312 0.198730
vt 0.580078 0.213379
vt 0.567383 0.192383
vt 0.570312 0.178711
vt 0.583496 0.190430
vt 0.574707 0.172363
vt 0.605469 0.209961
vt 0.597656 0.198242
vt 0.572754 0.165039
vt 0.570801 0.150879
vt 0.575684 0.169434
vt 0.570312 0.139648
vt 0.574707 0.159180
vt 0.576660 0.146973
vt 0.569824 0.135742
vt 0.583496 0.159180
vt 0.574707 0.135254
vt 0.567871 0.131836
vt 0.574219 0.128906
vt 0.567871 0.114258
vt 0.561523 0.102539
vt 0.578125 0.115723
vt 0.576660 0.086914
vt 0.580566 0.127930
vt 0.588379 0.100098
vt 0.617188 0.081543
vt 0.579590 0.133301
vt 0.608398 0.120117
vt 0.583496 0.148438
vt 0.591797 0.128906
vt 0.606445 0.125977
vt 0.589844 0.145508
vt 0.628906 0.121582
vt 0.633301 0.084961
vt 0.629395 0.125488
vt 0.643555 0.127930
vt 0.662109 0.130859
vt 0.656250 0.097168
vt 0.687500 0.109375
vt 0.639160 0.131836
vt 0.674316 0.144531
vt 0.696289 0.118164
vt 0.653809 0.137207
vt 0.671875 0.147949
vt 0.658203 0.140137
vt 0.642578 0.144043
vt 0.684082 0.154785
vt 0.649414 0.155762
vt 0.633301 0.165039
vt 0.624023 0.131348
vt 0.609375 0.139648
vt 0.619629 0.137207
vt 0.599609 0.151855
vt 0.614258 0.151367
vt 0.589844 0.158691
vt 0.604492 0.166504
vt 0.583984 0.162109
vt 0.595703 0.166992
vt 0.588379 0.162109
vt 0.593750 0.170410
vt 0.595703 0.182129
vt 0.594238 0.189453
vt 0.601074 0.186523
vt 0.604980 0.184570
vt 0.608398 0.195312
vt 0.612793 0.203613
vt 0.612793 0.195312
vt 0.617676 0.168945
vt 0.614258 0.178711
vt 0.630859 0.173828
vt 0.619629 0.184082
vt 0.623047 0.191895
vt 0.624023 0.197754
vt 0.623047 0.208008
vt 0.629395 0.203613
vt 0.638184 0.184570
vt 0.622070 0.214844
vt 0.650391 0.186523
vt 0.613281 0.243652
vt 0.657715 0.184570
vt 0.650879 0.207031
vt 0.636719 0.202637
vt 0.665527 0.167480
vt 0.632812 0.205566
vt 0.672363 0.152344
vt 0.634277 0.216309
vt 0.685059 0.162109
vt 0.628906 0.228516
vt 0.699219 0.183105
vt 0.692383 0.165527
vt 0.699707 0.150879
vt 0.701660 0.178223
vt 0.702148 0.145996
vt 0.700684 0.119629
vt 0.714844 0.138184
vt 0.725098 0.154785
vt 0.704590 0.169922
vt 0.738770 0.174805
vt 0.703613 0.183105
vt 0.710938 0.194824
vt 0.743652 0.190918
vt 0.700684 0.199219
vt 0.743164 0.209473
vt 0.750488 0.210449
vt 0.715820 0.212891
vt 0.745605 0.222168
vt 0.753418 0.242188
vt 0.719727 0.229980
vt 0.720703 0.242676
vt 0.706055 0.229492
vt 0.720703 0.260742
vt 0.752441 0.259277
vt 0.751465 0.279297
vt 0.716797 0.277344
vt 0.716797 0.284668
vt 0.745605 0.300293
vt 0.708008 0.307129
vt 0.741211 0.313965
vt 0.728027 0.335449
vt 0.706543 0.279785
vt 0.705566 0.308594
vt 0.704102 0.315918
vt 0.698730 0.320801
vt 0.706055 0.339355
vt 0.718262 0.353516
vt 0.707520 0.365234
vt 0.697266 0.338867
vt 0.688477 0.329102
vt 0.671387 0.326660
vt 0.692871 0.292969
vt 0.674316 0.308105
vt 0.664062 0.286133
vt 0.671387 0.278320
vt 0.680664 0.291016
vt 0.639648 0.277832
vt 0.657227 0.264648
vt 0.644531 0.242188
vt 0.656250 0.250000
vt 0.663574 0.261230
vt 0.671387 0.267578
vt 0.658691 0.248535
vt 0.678223 0.268555
vt 0.672363 0.263184
vt 0.674316 0.238281
vt 0.687988 0.262207
vt 0.647461 0.239746
vt 0.656738 0.236328
vt 0.642578 0.223633
vt 0.646484 0.217773
vt 0.661133 0.225098
vt 0.645508 0.211426
vt 0.667969 0.224121
vt 0.672363 0.201172
vt 0.694824 0.253906
vt 0.701660 0.231445
vt 0.702637 0.272949
vt 0.703613 0.282715
vt 0.861328 0.437012
vt 0.835938 0.442383
vt 0.863770 0.434570
vt 0.876953 0.427246
vt 0.826660 0.443848
vt 0.838867 0.433105
vt 0.804199 0.432129
vt 0.818359 0.447266
vt 0.871582 0.422363
vt 0.889160 0.418457
vt 0.798340 0.433105
vt 0.809082 0.445801
vt 0.806641 0.425293
vt 0.770020 0.424805
vt 0.777832 0.433105
vt 0.792480 0.440918
vt 0.806152 0.449219
vt 0.802734 0.453125
vt 0.791016 0.447754
vt 0.800293 0.455078
vt 0.781738 0.440918
vt 0.789551 0.451660
vt 0.816406 0.460938
vt 0.806641 0.463867
vt 0.781250 0.447754
vt 0.791504 0.458496
vt 0.798828 0.467285
vt 0.769531 0.448242
vt 0.782227 0.461914
vt 0.791016 0.469238
vt 0.766113 0.450684
vt 0.770996 0.443848
vt 0.748047 0.441406
vt 0.773926 0.464355
vt 0.782227 0.469727
vt 0.755859 0.458984
vt 0.756836 0.455078
vt 0.757324 0.463867
vt 0.783203 0.475586
vt 0.760254 0.468750
vt 0.759277 0.470215
vt 0.754395 0.470215
vt 0.758789 0.472168
vt 0.741211 0.468750
vt 0.755371 0.474121
vt 0.730469 0.477051
vt 0.726562 0.469727
vt 0.740723 0.482910
vt 0.765137 0.473145
vt 0.769043 0.476074
vt 0.759766 0.472168
vt 0.724609 0.463379
vt 0.712891 0.467773
vt 0.755859 0.473633
vt 0.758789 0.472656
vt 0.756348 0.473633
vt 0.741699 0.464355
vt 0.729492 0.463379
vt 0.748535 0.461426
vt 0.750977 0.459473
vt 0.742188 0.458984
vt 0.750000 0.457520
vt 0.729492 0.461914
vt 0.743652 0.457031
vt 0.741211 0.453125
vt 0.740723 0.456543
vt 0.727539 0.461914
vt 0.738281 0.449707
vt 0.720215 0.457520
vt 0.739746 0.445312
vt 0.703125 0.464355
vt 0.752930 0.451172
vt 0.713867 0.448242
vt 0.714844 0.476074
vt 0.720215 0.470703
vt 0.724121 0.482910
vt 0.718750 0.498535
vt 0.730957 0.515625
vt 0.702148 0.477539
vt 0.719238 0.516602
vt 0.708984 0.498047
vt 0.725586 0.536865
vt 0.734863 0.531738
vt 0.704590 0.519287
vt 0.726074 0.542725
vt 0.739746 0.533691
vt 0.714844 0.543945
vt 0.739258 0.546631
vt 0.747070 0.539062
vt 0.755859 0.541992
vt 0.728516 0.552002
vt 0.745117 0.553223
vt 0.725098 0.557129
vt 0.739746 0.560547
vt 0.754395 0.559570
vt 0.769043 0.564453
vt 0.779785 0.566406
vt 0.769043 0.544434
vt 0.768066 0.569336
vt 0.762695 0.572021
vt 0.769531 0.573242
vt 0.781738 0.557617
vt 0.783691 0.544922
vt 0.803223 0.558838
vt 0.786133 0.566650
vt 0.797363 0.568848
vt 0.808594 0.562744
vt 0.781250 0.578613
vt 0.825195 0.580811
vt 0.826172 0.571777
vt 0.791504 0.572266
vt 0.848145 0.594238
vt 0.854980 0.585938
vt 0.842285 0.595459
vt 0.861328 0.596191
vt 0.873535 0.589844
vt 0.837402 0.596924
vt 0.868652 0.600098
vt 0.890625 0.593018
vt 0.857910 0.601318
vt 0.847168 0.604004
vt 0.856934 0.607422
vt 0.877441 0.601318
vt 0.888672 0.599854
vt 0.905762 0.602295
vt 0.864746 0.611084
vt 0.876465 0.608398
vt 0.892578 0.605225
vt 0.895020 0.610352
vt 0.909180 0.609863
vt 0.920410 0.613037
vt 0.908203 0.628174
vt 0.915039 0.638184
vt 0.901367 0.620117
vt 0.896973 0.623291
vt 0.907227 0.634033
vt 0.885254 0.618896
vt 0.906250 0.644531
vt 0.907227 0.651123
vt 0.879883 0.621338
vt 0.877441 0.614990
vt 0.879883 0.630127
vt 0.870117 0.614746
vt 0.873047 0.621582
vt 0.859863 0.620605
vt 0.866699 0.632324
vt 0.893066 0.646973
vt 0.854004 0.619141
vt 0.898438 0.650879
vt 0.850098 0.615234
vt 0.882812 0.667725
vt 0.910645 0.658203
vt 0.885254 0.675537
vt 0.848633 0.609619
vt 0.874512 0.675049
vt 0.865723 0.684082
vt 0.839355 0.608398
vt 0.866211 0.673096
vt 0.846191 0.676758
vt 0.873535 0.667725
vt 0.878906 0.662354
vt 0.864258 0.664551
vt 0.890137 0.649902
vt 0.866699 0.659912
vt 0.872070 0.658936
vt 0.883789 0.648438
vt 0.875000 0.642822
vt 0.861328 0.652344
vt 0.871094 0.643799
vt 0.856445 0.656738
vt 0.858398 0.641113
vt 0.851562 0.646240
vt 0.860352 0.629395
vt 0.853027 0.635498
vt 0.852051 0.629639
vt 0.846191 0.640137
vt 0.844727 0.649658
vt 0.844238 0.632568
vt 0.848633 0.659424
vt 0.839355 0.640625
vt 0.833496 0.649414
vt 0.851562 0.668457
vt 0.828613 0.658447
vt 0.826172 0.667969
vt 0.828125 0.646240
vt 0.813477 0.654541
vt 0.806641 0.660645
vt 0.770996 0.639404
vt 0.816895 0.650635
vt 0.776367 0.633301
vt 0.748047 0.628418
vt 0.817871 0.642334
vt 0.752441 0.622070
vt 0.780273 0.626953
vt 0.744141 0.620605
vt 0.743164 0.628906
vt 0.756836 0.613037
vt 0.732422 0.625977
vt 0.726074 0.638428
vt 0.709473 0.636475
vt 0.720215 0.646484
vt 0.699707 0.614502
vt 0.695312 0.644043
vt 0.711426 0.652832
vt 0.699219 0.653809
vt 0.686035 0.620361
vt 0.676270 0.635742
vt 0.674805 0.647217
vt 0.672852 0.653320
vt 0.684570 0.655273
vt 0.655762 0.644531
vt 0.656250 0.637451
vt 0.669434 0.656982
vt 0.684570 0.657227
vt 0.639160 0.649658
vt 0.679688 0.670166
vt 0.694336 0.667480
vt 0.693848 0.678223
vt 0.702637 0.689453
vt 0.674805 0.675293
vt 0.684082 0.687500
vt 0.696289 0.693359
vt 0.708496 0.699951
vt 0.665039 0.669189
vt 0.662598 0.683105
vt 0.648438 0.671387
vt 0.628906 0.667480
vt 0.636230 0.677734
vt 0.604004 0.670654
vt 0.660156 0.682617
vt 0.629883 0.677734
vt 0.654297 0.683105
vt 0.687988 0.695312
vt 0.639648 0.680664
vt 0.669434 0.697021
vt 0.676758 0.703125
vt 0.660156 0.701416
vt 0.675781 0.712158
vt 0.634277 0.691650
vt 0.662598 0.709717
vt 0.680176 0.717285
vt 0.610840 0.676270
vt 0.669922 0.717773
vt 0.691895 0.725098
vt 0.628418 0.708984
vt 0.661621 0.721680
vt 0.684082 0.731201
vt 0.703125 0.729736
vt 0.714355 0.741455
vt 0.708984 0.748779
vt 0.645996 0.726807
vt 0.672363 0.736084
vt 0.640137 0.720947
vt 0.651855 0.739746
vt 0.605957 0.714844
vt 0.608398 0.726807
vt 0.596191 0.691650
vt 0.586426 0.716064
vt 0.569824 0.678467
vt 0.564941 0.670898
vt 0.569336 0.703369
vt 0.570801 0.662354
vt 0.551758 0.683105
vt 0.562012 0.687012
vt 0.553711 0.649658
vt 0.545410 0.697266
vt 0.516602 0.658936
vt 0.539062 0.691406
vt 0.548340 0.711670
vt 0.533691 0.713135
vt 0.577148 0.720459
vt 0.553711 0.721436
vt 0.598633 0.725098
vt 0.591797 0.730957
vt 0.609863 0.732422
vt 0.604492 0.735840
vt 0.622559 0.735840
vt 0.594238 0.737793
vt 0.647949 0.747314
vt 0.661133 0.749756
vt 0.631836 0.746338
vt 0.616699 0.742920
vt 0.604980 0.740723
vt 0.631348 0.752319
vt 0.611328 0.750244
vt 0.602539 0.746094
vt 0.658203 0.758301
vt 0.592285 0.742920
vt 0.682129 0.756226
vt 0.672852 0.760986
vt 0.697266 0.763306
vt 0.682617 0.766602
vt 0.668457 0.765137
vt 0.691895 0.781616
vt 0.655762 0.765991
vt 0.667480 0.773804
vt 0.686523 0.785889
vt 0.633301 0.761597
vt 0.655273 0.772461
vt 0.667969 0.782715
vt 0.690430 0.793701
vt 0.675293 0.790161
vt 0.663086 0.788940
vt 0.654785 0.781250
vt 0.630371 0.764771
vt 0.638672 0.781006
vt 0.616699 0.757202
vt 0.604980 0.775269
vt 0.604492 0.753540
vt 0.611328 0.764282
vt 0.593262 0.753418
vt 0.581055 0.744141
vt 0.578125 0.753174
vt 0.584473 0.773438
vt 0.564941 0.734375
vt 0.562988 0.748779
vt 0.561035 0.775391
vt 0.531738 0.724609
vt 0.545410 0.737305
vt 0.547852 0.750610
vt 0.534668 0.746338
vt 0.537598 0.758301
vt 0.520508 0.705566
vt 0.522461 0.741211
vt 0.516113 0.686035
vt 0.517090 0.762451
vt 0.545898 0.776611
vt 0.568359 0.787842
vt 0.594238 0.784668
vt 0.606445 0.794067
vt 0.625000 0.782471
vt 0.637695 0.796631
vt 0.645020 0.789185
vt 0.647461 0.798950
vt 0.637695 0.803833
vt 0.625000 0.821777
vt 0.636719 0.823120
vt 0.509766 0.738525
vt 0.510742 0.722168
vt 0.497070 0.733154
vt 0.506836 0.693359
vt 0.491211 0.719727
vt 0.479980 0.736084
vt 0.467773 0.744141
vt 0.459229 0.731445
vt 0.437256 0.742432
vt 0.425781 0.750000
vt 0.432373 0.731445
vt 0.400146 0.761841
vt 0.411865 0.740234
vt 0.398438 0.750610
vt 0.404297 0.731689
vt 0.384766 0.769531
vt 0.381348 0.759277
vt 0.361084 0.773071
vt 0.371826 0.743652
vt 0.353271 0.762085
vt 0.344971 0.768555
vt 0.342285 0.755859
vt 0.325439 0.787354
vt 0.332275 0.774658
vt 0.306396 0.781006
vt 0.325928 0.766602
vt 0.313232 0.769409
vt 0.331543 0.756958
vt 0.314697 0.758545
vt 0.335693 0.748535
vt 0.321777 0.745361
vt 0.345459 0.737305
vt 0.326904 0.728516
vt 0.304199 0.737061
vt 0.348389 0.717773
vt 0.315918 0.717285
vt 0.333008 0.714111
vt 0.324707 0.713135
vt 0.379395 0.712402
vt 0.326172 0.698730
vt 0.416748 0.712891
vt 0.446777 0.711426
vt 0.399170 0.702881
vt 0.369385 0.698242
vt 0.452393 0.695312
vt 0.401367 0.683350
vt 0.345703 0.702637
vt 0.377441 0.678711
vt 0.337891 0.688965
vt 0.343994 0.684570
vt 0.322510 0.688477
vt 0.324463 0.677734
vt 0.319824 0.703613
vt 0.311523 0.687256
vt 0.310547 0.706299
vt 0.306641 0.718750
vt 0.302246 0.704834
vt 0.317383 0.681396
vt 0.309326 0.679688
vt 0.315430 0.672119
vt 0.296387 0.692871
vt 0.293457 0.704102
vt 0.298584 0.733154
vt 0.292725 0.716309
vt 0.289795 0.758057
vt 0.288818 0.738525
vt 0.277832 0.708496
vt 0.276855 0.701416
vt 0.265381 0.715576
vt 0.255859 0.704102
vt 0.258789 0.724609
vt 0.246338 0.708008
vt 0.242310 0.719238
vt 0.211060 0.711426
vt 0.195557 0.704834
vt 0.254639 0.699463
vt 0.198853 0.717041
vt 0.254639 0.692871
vt 0.249268 0.729004
vt 0.226196 0.725586
vt 0.252686 0.738281
vt 0.232666 0.730469
vt 0.196899 0.725830
vt 0.227905 0.734375
vt 0.259766 0.745117
vt 0.272461 0.749023
vt 0.246582 0.747803
vt 0.253418 0.753906
vt 0.214478 0.741455
vt 0.262939 0.760864
vt 0.193604 0.736816
vt 0.281738 0.770630
vt 0.217529 0.753296
vt 0.300049 0.791504
vt 0.279053 0.781494
vt 0.260986 0.778198
vt 0.248291 0.764282
vt 0.244995 0.781860
vt 0.240356 0.795776
vt 0.237549 0.770264
vt 0.231079 0.756714
vt 0.230591 0.783813
vt 0.227539 0.773315
vt 0.229736 0.754150
vt 0.218750 0.772827
vt 0.215942 0.761108
vt 0.210327 0.757446
vt 0.203247 0.760742
vt 0.206177 0.762207
vt 0.192505 0.748779
vt 0.197388 0.763794
vt 0.187866 0.770630
vt 0.205688 0.773193
vt 0.189819 0.778687
vt 0.204224 0.781494
vt 0.190063 0.786011
vt 0.214233 0.787720
vt 0.203003 0.790894
vt 0.192383 0.800537
vt 0.223389 0.791748
vt 0.210083 0.796265
vt 0.226929 0.803711
vt 0.204590 0.805542
vt 0.191406 0.812500
vt 0.214966 0.815308
vt 0.240479 0.809937
vt 0.230713 0.812500
vt 0.233887 0.825195
vt 0.223511 0.825806
vt 0.226807 0.836670
vt 0.212280 0.844971
vt 0.207031 0.826050
vt 0.187988 0.821167
vt 0.197021 0.841675
vt 0.199707 0.852417
vt 0.188477 0.866211
vt 0.174805 0.850708
vt 0.171875 0.870361
vt 0.197876 0.872437
vt 0.198364 0.890808
vt 0.188477 0.891602
vt 0.177979 0.887512
vt 0.168335 0.883423
vt 0.168701 0.885925
vt 0.193726 0.900208
vt 0.172485 0.889038
vt 0.168091 0.890137
vt 0.179199 0.890442
vt 0.176636 0.892517
vt 0.189087 0.898560
vt 0.169067 0.894348
vt 0.164429 0.892517
vt 0.175049 0.895325
vt 0.176636 0.902954
vt 0.187012 0.901123
vt 0.192749 0.904846
vt 0.186646 0.905029
vt 0.190186 0.905212
vt 0.060272 0.629639
vt 0.087158 0.624512
vt 0.090881 0.631836
vt 0.106873 0.626953
vt 0.106995 0.619873
vt 0.134766 0.640137
vt 0.135498 0.630615
vt 0.134766 0.614258
vt 0.147339 0.645264
vt 0.150635 0.626221
vt 0.146851 0.611328
vt 0.153198 0.638672
vt 0.164307 0.651123
vt 0.166260 0.621582
vt 0.162598 0.605225
vt 0.168823 0.637451
vt 0.168945 0.630127
vt 0.184814 0.624268
vt 0.190674 0.640625
vt 0.185913 0.652832
vt 0.198120 0.652588
vt 0.190796 0.631836
vt 0.187988 0.611084
vt 0.168579 0.597900
vt 0.190918 0.599121
vt 0.196533 0.623047
vt 0.205078 0.631104
vt 0.208374 0.638672
vt 0.212280 0.648193
vt 0.214111 0.624512
vt 0.207520 0.614502
vt 0.207397 0.607178
vt 0.215454 0.598145
vt 0.227295 0.613525
vt 0.223633 0.604736
vt 0.241699 0.619629
vt 0.237061 0.608154
vt 0.216064 0.596680
vt 0.215454 0.593018
vt 0.239014 0.601318
vt 0.219849 0.590332
vt 0.255371 0.611816
vt 0.249023 0.601318
vt 0.233765 0.589600
vt 0.224487 0.587891
vt 0.262207 0.600098
vt 0.232300 0.584229
vt 0.205078 0.579834
vt 0.209961 0.570557
vt 0.240967 0.587646
vt 0.243042 0.578125
vt 0.250732 0.581543
vt 0.263184 0.592773
vt 0.222778 0.559570
vt 0.264893 0.565186
vt 0.283447 0.590820
vt 0.292480 0.571533
vt 0.266357 0.561035
vt 0.209473 0.559814
vt 0.139526 0.579590
vt 0.217041 0.551514
vt 0.209229 0.551758
vt 0.295166 0.566406
vt 0.266113 0.556885
vt 0.307861 0.570557
vt 0.303467 0.560547
vt 0.238159 0.546143
vt 0.312256 0.579590
vt 0.266602 0.544922
vt 0.226074 0.544434
vt 0.213379 0.541992
vt 0.228027 0.539307
vt 0.302490 0.552002
vt 0.215088 0.537598
vt 0.313477 0.559570
vt 0.288574 0.543701
vt 0.328613 0.560059
vt 0.259033 0.537842
vt 0.322021 0.570557
vt 0.334717 0.565918
vt 0.339844 0.549561
vt 0.317627 0.549805
vt 0.301758 0.540039
vt 0.279297 0.536377
vt 0.309570 0.536621
vt 0.278809 0.529541
vt 0.261963 0.531250
vt 0.257080 0.531738
vt 0.267578 0.520264
vt 0.235352 0.531738
vt 0.248779 0.517578
vt 0.242065 0.518799
vt 0.284180 0.523438
vt 0.288818 0.517334
vt 0.307129 0.526123
vt 0.317383 0.536133
vt 0.318359 0.519043
vt 0.332764 0.540527
vt 0.333008 0.520264
vt 0.348389 0.497070
vt 0.351318 0.517822
vt 0.360107 0.539551
vt 0.359619 0.530762
vt 0.317627 0.503906
vt 0.342285 0.562744
vt 0.355469 0.555176
vt 0.337158 0.574219
vt 0.348877 0.572021
vt 0.374023 0.548096
vt 0.323242 0.577637
vt 0.324951 0.586670
vt 0.343506 0.579590
vt 0.323730 0.598389
vt 0.328857 0.593262
vt 0.336670 0.599365
vt 0.363525 0.586426
vt 0.306152 0.598633
vt 0.325684 0.606445
vt 0.303711 0.604248
vt 0.316162 0.604736
vt 0.330078 0.619141
vt 0.295898 0.608887
vt 0.341064 0.610107
vt 0.269775 0.611816
vt 0.302002 0.615234
vt 0.268311 0.621094
vt 0.293945 0.621826
vt 0.254395 0.618408
vt 0.307373 0.636963
vt 0.285889 0.629639
vt 0.251953 0.633057
vt 0.263428 0.635498
vt 0.285156 0.640381
vt 0.260498 0.647705
vt 0.290771 0.650146
vt 0.235229 0.632568
vt 0.239502 0.645508
vt 0.253662 0.654785
vt 0.266846 0.656738
vt 0.242554 0.654541
vt 0.224854 0.654541
vt 0.215820 0.657959
vt 0.226807 0.660889
vt 0.180786 0.675049
vt 0.203491 0.672852
vt 0.187012 0.679443
vt 0.240234 0.667480
vt 0.207520 0.676514
vt 0.272949 0.666016
vt 0.290283 0.661133
vt 0.262695 0.674316
vt 0.191040 0.685791
vt 0.178589 0.681396
vt 0.293701 0.671143
vt 0.180786 0.685303
vt 0.157593 0.687256
vt 0.247803 0.682129
vt 0.181396 0.690918
vt 0.195557 0.691162
vt 0.169556 0.696533
vt 0.185425 0.701172
vt 0.202759 0.698975
vt 0.145020 0.695312
vt 0.101379 0.684814
vt 0.172119 0.704346
vt 0.156006 0.702393
vt 0.100952 0.691650
vt 0.173950 0.709229
vt 0.085144 0.694336
vt 0.101562 0.699707
vt 0.082092 0.688721
vt 0.080566 0.680908
vt 0.063965 0.685303
vt 0.070984 0.694336
vt 0.085571 0.701904
vt 0.157715 0.711182
vt 0.063171 0.697021
vt 0.167480 0.712158
vt 0.053986 0.691650
vt 0.045776 0.680176
vt 0.059692 0.706299
vt 0.052277 0.704834
vt 0.073792 0.705566
vt 0.048492 0.710938
vt 0.055695 0.714355
vt 0.047882 0.703857
vt 0.075989 0.713623
vt 0.045685 0.715820
vt 0.055481 0.723877
vt 0.033691 0.704102
vt 0.022797 0.714111
vt 0.042999 0.693359
vt 0.028687 0.701416
vt 0.045197 0.687500
vt 0.039978 0.688721
vt 0.038391 0.682373
vt 0.026199 0.683350
vt 0.030487 0.687012
vt 0.016586 0.696777
vt 0.013298 0.716797
vt 0.019989 0.722412
vt 0.013596 0.736572
vt 0.044678 0.721680
vt 0.019485 0.733643
vt 0.046692 0.728271
vt 0.027695 0.738770
vt 0.025894 0.742188
vt 0.005096 0.750610
vt 0.034973 0.741943
vt 0.038177 0.750610
vt 0.024887 0.763916
vt 0.033691 0.744873
vt 0.039185 0.758911
vt 0.045685 0.769775
vt 0.052887 0.766846
vt 0.047791 0.752563
vt 0.057098 0.768433
vt 0.066895 0.767944
vt 0.061890 0.764038
vt 0.056976 0.761353
vt 0.060486 0.759155
vt 0.069275 0.755005
vt 0.079956 0.760498
vt 0.055389 0.753784
vt 0.047791 0.748535
vt 0.059082 0.744873
vt 0.052094 0.740234
vt 0.051971 0.733643
vt 0.055695 0.738281
vt 0.065369 0.743164
vt 0.061584 0.732422
vt 0.075439 0.749512
vt 0.067993 0.739258
vt 0.080750 0.749512
vt 0.092773 0.757202
vt 0.079895 0.739014
vt 0.078491 0.722900
vt 0.081970 0.731201
vt 0.087280 0.720703
vt 0.088379 0.712158
vt 0.092651 0.729736
vt 0.093384 0.715820
vt 0.092773 0.709229
vt 0.102173 0.708008
vt 0.093140 0.720947
vt 0.135864 0.710938
vt 0.102661 0.714111
vt 0.152832 0.718018
vt 0.103088 0.719971
vt 0.146484 0.722168
vt 0.103149 0.727539
vt 0.123169 0.728760
vt 0.103271 0.737549
vt 0.092590 0.739258
vt 0.091064 0.747070
vt 0.105957 0.747314
vt 0.105957 0.754150
vt 0.140747 0.756836
vt 0.133667 0.744141
vt 0.153076 0.750244
vt 0.145386 0.738770
vt 0.156006 0.743896
vt 0.162842 0.753052
vt 0.168335 0.748535
vt 0.147705 0.732910
vt 0.156250 0.736816
vt 0.161987 0.726807
vt 0.159546 0.733643
vt 0.171875 0.744873
vt 0.166138 0.735596
vt 0.168579 0.729736
vt 0.165894 0.720215
vt 0.179443 0.728271
vt 0.175415 0.735107
vt 0.173828 0.719727
vt 0.174316 0.739746
vt 0.184937 0.737061
vt 0.181396 0.741211
vt 0.179932 0.750732
vt 0.188599 0.762085
vt 0.184082 0.719482
vt 0.186035 0.714600
vt 0.178589 0.712402
vt 0.280762 0.677734
vt 0.296387 0.677490
vt 0.304688 0.669922
vt 0.299316 0.662354
vt 0.320557 0.658691
vt 0.327881 0.660645
vt 0.329834 0.650879
vt 0.333740 0.668701
vt 0.336182 0.624756
vt 0.375977 0.667969
vt 0.371826 0.657471
vt 0.370361 0.648682
vt 0.404053 0.651123
vt 0.396973 0.665527
vt 0.353027 0.637207
vt 0.383545 0.639160
vt 0.359375 0.629150
vt 0.347168 0.611572
vt 0.386230 0.630615
vt 0.385986 0.620850
vt 0.394287 0.615967
vt 0.412109 0.640137
vt 0.423096 0.628662
vt 0.375977 0.590088
vt 0.422607 0.617676
vt 0.423096 0.604248
vt 0.398682 0.574951
vt 0.416992 0.587158
vt 0.443359 0.606201
vt 0.421143 0.577148
vt 0.369873 0.569580
vt 0.413086 0.567627
vt 0.395264 0.545410
vt 0.407471 0.542969
vt 0.375732 0.530029
vt 0.371826 0.519043
vt 0.406982 0.521973
vt 0.360840 0.488281
vt 0.392578 0.509521
vt 0.418945 0.531494
vt 0.417236 0.516357
vt 0.418213 0.547119
vt 0.435303 0.534424
vt 0.387207 0.493164
vt 0.434570 0.518066
vt 0.425781 0.502930
vt 0.463135 0.543213
vt 0.421631 0.567139
vt 0.444580 0.551270
vt 0.452881 0.585205
vt 0.434570 0.573242
vt 0.466553 0.563965
vt 0.485596 0.560303
vt 0.490479 0.580322
vt 0.456299 0.607422
vt 0.466064 0.603516
vt 0.441650 0.620361
vt 0.479492 0.608887
vt 0.490234 0.597656
vt 0.463379 0.627197
vt 0.451660 0.636719
vt 0.504883 0.614258
vt 0.500977 0.631348
vt 0.447021 0.647461
vt 0.501465 0.643066
vt 0.518555 0.623047
vt 0.529297 0.601318
vt 0.509766 0.585938
vt 0.512695 0.569336
vt 0.534180 0.583984
vt 0.491699 0.552002
vt 0.537598 0.559814
vt 0.514648 0.551514
vt 0.551758 0.580811
vt 0.551758 0.600830
vt 0.535645 0.545898
vt 0.543457 0.612305
vt 0.550781 0.553955
vt 0.529785 0.528809
vt 0.516113 0.539307
vt 0.472656 0.536621
vt 0.518555 0.516602
vt 0.450195 0.529053
vt 0.493408 0.523193
vt 0.474609 0.523926
vt 0.456299 0.515869
vt 0.442383 0.509521
vt 0.469482 0.510498
vt 0.459473 0.503906
vt 0.485840 0.510986
vt 0.479004 0.494141
vt 0.446777 0.491211
vt 0.514648 0.507080
vt 0.497314 0.502441
vt 0.458740 0.488770
vt 0.501465 0.485840
vt 0.465820 0.478516
vt 0.451660 0.477539
vt 0.432373 0.483887
vt 0.409180 0.495605
vt 0.434570 0.464844
vt 0.384766 0.479980
vt 0.442383 0.450684
vt 0.372559 0.480469
vt 0.383057 0.467773
vt 0.366699 0.472656
vt 0.393311 0.476562
vt 0.348877 0.481934
vt 0.412109 0.473145
vt 0.324951 0.490234
vt 0.423584 0.452148
vt 0.408936 0.462891
vt 0.378418 0.457520
vt 0.398193 0.440918
vt 0.361328 0.463867
vt 0.348633 0.465820
vt 0.356689 0.450195
vt 0.333008 0.469727
vt 0.346436 0.443359
vt 0.333496 0.455078
vt 0.313721 0.477539
vt 0.344971 0.423340
vt 0.318359 0.464355
vt 0.298096 0.478027
vt 0.308838 0.496582
vt 0.293945 0.493652
vt 0.296143 0.460938
vt 0.283447 0.502686
vt 0.310059 0.451172
vt 0.265137 0.512451
vt 0.321289 0.442871
vt 0.304932 0.441895
vt 0.331543 0.439941
vt 0.312500 0.433594
vt 0.327637 0.423340
vt 0.316650 0.429688
vt 0.322998 0.407227
vt 0.338135 0.407715
vt 0.304688 0.398926
vt 0.351562 0.420410
vt 0.332031 0.398926
vt 0.382812 0.437500
vt 0.352295 0.397949
vt 0.385254 0.418457
vt 0.367188 0.411133
vt 0.405518 0.428711
vt 0.377930 0.403809
vt 0.418213 0.424805
vt 0.434814 0.440918
vt 0.438721 0.426758
vt 0.454834 0.443359
vt 0.457275 0.467285
vt 0.465820 0.452148
vt 0.470703 0.466309
vt 0.473633 0.450195
vt 0.499512 0.450195
vt 0.498291 0.472656
vt 0.516602 0.470215
vt 0.519531 0.484375
vt 0.517578 0.496582
vt 0.518555 0.459473
vt 0.508789 0.445801
vt 0.533691 0.480957
vt 0.538574 0.455566
vt 0.523926 0.440430
vt 0.546875 0.471680
vt 0.556641 0.447266
vt 0.551270 0.436035
vt 0.554688 0.458984
vt 0.570801 0.448242
vt 0.561035 0.428711
vt 0.574219 0.433105
vt 0.556152 0.475586
vt 0.584961 0.447754
vt 0.576172 0.461426
vt 0.601074 0.450195
vt 0.604980 0.432617
vt 0.552734 0.482910
vt 0.575195 0.477539
vt 0.540039 0.491699
vt 0.564941 0.496094
vt 0.536621 0.499023
vt 0.597168 0.474121
vt 0.535156 0.510986
vt 0.559082 0.509766
vt 0.544434 0.517334
vt 0.559570 0.533203
vt 0.578613 0.528809
vt 0.567871 0.545410
vt 0.569824 0.506836
vt 0.569336 0.574707
vt 0.602539 0.557861
vt 0.613281 0.551270
vt 0.573242 0.594971
vt 0.580078 0.579346
vt 0.595215 0.582520
vt 0.567383 0.612305
vt 0.593262 0.593262
vt 0.588379 0.599365
vt 0.605469 0.582031
vt 0.605469 0.593018
vt 0.589844 0.604980
vt 0.629883 0.556396
vt 0.622070 0.600586
vt 0.615234 0.609375
vt 0.621094 0.596680
vt 0.629883 0.587646
vt 0.631836 0.594727
vt 0.631836 0.578613
vt 0.643555 0.569092
vt 0.658203 0.577148
vt 0.642090 0.549805
vt 0.623047 0.536133
vt 0.593262 0.528809
vt 0.632324 0.532715
vt 0.603027 0.522705
vt 0.579102 0.503662
vt 0.597656 0.510986
vt 0.580078 0.496582
vt 0.585449 0.487793
vt 0.591797 0.493164
vt 0.605469 0.507812
vt 0.606445 0.477051
vt 0.601562 0.498047
vt 0.614746 0.501221
vt 0.615723 0.463867
vt 0.616211 0.488281
vt 0.623047 0.479980
vt 0.630859 0.491211
vt 0.644531 0.516602
vt 0.638184 0.479492
vt 0.654785 0.526611
vt 0.651855 0.468750
vt 0.648926 0.488281
vt 0.642090 0.457031
vt 0.656250 0.479492
vt 0.653809 0.500977
vt 0.665039 0.489746
vt 0.650391 0.513672
vt 0.662109 0.518311
vt 0.670410 0.511475
vt 0.666016 0.525879
vt 0.651367 0.539795
vt 0.675781 0.537842
vt 0.658691 0.556641
vt 0.685059 0.563232
vt 0.682129 0.531494
vt 0.671875 0.571777
vt 0.681641 0.514404
vt 0.673828 0.579834
vt 0.682129 0.493652
vt 0.688477 0.527344
vt 0.694336 0.515137
vt 0.696777 0.549316
vt 0.697754 0.499023
vt 0.702637 0.555420
vt 0.717285 0.565918
vt 0.696289 0.566406
vt 0.685547 0.573242
vt 0.695312 0.576660
vt 0.692871 0.582031
vt 0.759277 0.574219
vt 0.712402 0.573975
vt 0.763184 0.575439
vt 0.727051 0.572021
vt 0.752930 0.576904
vt 0.757324 0.580322
vt 0.745117 0.579346
vt 0.763184 0.581543
vt 0.773926 0.585693
vt 0.771484 0.592529
vt 0.758789 0.584961
vt 0.759277 0.591309
vt 0.735352 0.585205
vt 0.767090 0.598633
vt 0.759277 0.596680
vt 0.723145 0.584229
vt 0.739746 0.591064
vt 0.707520 0.583740
vt 0.721191 0.590332
vt 0.758301 0.602539
vt 0.747559 0.604004
vt 0.766602 0.605713
vt 0.717285 0.597168
vt 0.701172 0.591797
vt 0.685547 0.592773
vt 0.788086 0.616943
vt 0.795898 0.613037
vt 0.817871 0.630859
vt 0.803223 0.605957
vt 0.827637 0.630127
vt 0.818848 0.619873
vt 0.831543 0.636230
vt 0.837891 0.626709
vt 0.829102 0.624023
vt 0.843750 0.621826
vt 0.833984 0.619385
vt 0.840820 0.614258
vt 0.834473 0.613525
vt 0.822754 0.610840
vt 0.828125 0.606934
vt 0.806641 0.601562
vt 0.814941 0.597412
vt 0.640625 0.589844
vt 0.658203 0.595703
vt 0.643555 0.596191
vt 0.645020 0.601318
vt 0.631836 0.599854
vt 0.681152 0.602295
vt 0.626465 0.605225
vt 0.655273 0.607910
vt 0.625488 0.610596
vt 0.698242 0.597168
vt 0.704590 0.601562
vt 0.679688 0.610107
vt 0.720703 0.604248
vt 0.688477 0.608643
vt 0.713867 0.608643
vt 0.748535 0.610107
vt 0.685059 0.613037
vt 0.676270 0.617188
vt 0.654785 0.612305
vt 0.664062 0.625732
vt 0.652832 0.618164
vt 0.627930 0.615967
vt 0.627441 0.620117
vt 0.618652 0.614502
vt 0.629395 0.625000
vt 0.613770 0.621826
vt 0.590820 0.616699
vt 0.632812 0.642822
vt 0.616699 0.635742
vt 0.597656 0.655762
vt 0.571777 0.656250
vt 0.598145 0.626221
vt 0.581543 0.628174
vt 0.563477 0.625732
vt 0.555664 0.627930
vt 0.547363 0.632324
vt 0.528320 0.628662
vt 0.484863 0.655518
vt 0.503906 0.673340
vt 0.477295 0.668701
vt 0.440674 0.653076
vt 0.496338 0.692871
vt 0.447510 0.665771
vt 0.470215 0.689697
vt 0.440674 0.677490
vt 0.415771 0.668701
vt 0.428467 0.660400
vt 0.426270 0.653564
vt 0.989746 0.073242
vt 0.989746 0.077637
vt 0.957520 0.077637
vt 0.957520 0.004883
vt 0.989746 0.004883
vt 0.957520 0.073242
vt 0.924805 0.077637
vt 0.924805 0.004883
vt 0.924805 0.073242
vt 0.892578 0.077637
vt 0.892578 0.004883
vt 0.892578 0.073242
vt 0.860840 0.077637
vt 0.860840 0.004883
vt 0.860840 0.073242
vt 0.829590 0.077637
vt 0.829590 0.004883
vt 0.829590 0.073242
vt 0.798828 0.077637
vt 0.798828 0.004883
vt 0.798828 0.073242
vt 0.769043 0.077637
vt 0.768555 0.004883
vt 0.768555 0.073242
vt 0.738770 0.077637
vt 0.738770 0.004883
vt 0.738770 0.073242
vt 0.708496 0.077637
vt 0.708496 0.004883
vt 0.708496 0.073242
vt 0.677734 0.077637
vt 0.677734 0.004883
vt 0.677734 0.073242
vt 0.646484 0.077637
vt 0.645996 0.004883
vt 0.645996 0.073242
vt 0.613770 0.077637
vt 0.613770 0.004883
vt 0.613770 0.073242
vt 0.580078 0.077637
vt 0.580078 0.004883
vt 0.580078 0.073242
vt 0.544922 0.077637
vt 0.544922 0.004883
vt 0.544922 0.073242
vt 0.508789 0.077637
vt 0.508789 0.004883
vt 0.508789 0.073242
vt 0.471924 0.077637
vt 0.471924 0.004883
vt 0.471924 0.073242
vt 0.435059 0.077637
vt 0.435059 0.004883
vt 0.435059 0.073242
vt 0.398926 0.077637
vt 0.399170 0.004883
vt 0.399170 0.073242
vt 0.363770 0.077637
vt 0.364014 0.004883
vt 0.364014 0.073242
vt 0.330078 0.077637
vt 0.330078 0.004883
vt 0.330078 0.073242
vt 0.297363 0.077637
vt 0.297607 0.004883
vt 0.297607 0.073242
vt 0.265869 0.077637
vt 0.266113 0.004883
vt 0.266113 0.073242
vt 0.235352 0.077637
vt 0.235474 0.004883
vt 0.235474 0.073242
vt 0.205078 0.077637
vt 0.205200 0.004883
vt 0.205200 0.073242
vt 0.175049 0.077637
vt 0.175171 0.004883
vt 0.175171 0.073242
vt 0.144897 0.077637
vt 0.144897 0.004883
vt 0.144897 0.073242
vt 0.114197 0.077637
vt 0.114258 0.004883
vt 0.114258 0.073242
vt 0.082947 0.077637
vt 0.083069 0.004883
vt 0.083069 0.073242
vt 0.051270 0.077637
vt 0.051270 0.004883
vt 0.051270 0.073242
vt 0.019089 0.077637
vt 0.019089 0.004883
vt 0.019089 0.073242
vt 0.161499 0.239746
vt 0.147217 0.250000
vt 0.173462 0.226562
vt 0.130981 0.257324
vt 0.113647 0.261230
vt 0.187744 0.194336
vt 0.182373 0.211426
vt 0.095947 0.261230
vt 0.078552 0.257324
vt 0.062378 0.250000
vt 0.048096 0.239746
vt 0.036194 0.226562
vt 0.027298 0.211426
vt 0.019989 0.176758
vt 0.021790 0.194336
vt 0.187744 0.159180
vt 0.189697 0.176758
vt 0.021790 0.159180
vt 0.027298 0.142090
vt 0.173340 0.126953
vt 0.182251 0.142090
vt 0.047974 0.113770
vt 0.036194 0.126953
vt 0.113647 0.092285
vt 0.062378 0.103516
vt 0.078552 0.096191
vt 0.095886 0.092285
vt 0.147095 0.103027
vt 0.161499 0.113770
vt 0.130981 0.096191
vt 0.887207 0.283203
vt 0.895996 0.289062
vt 0.895020 0.291504
vt 0.885742 0.286621
vt 0.900879 0.299805
vt 0.881836 0.277832
vt 0.891113 0.276855
vt 0.895996 0.265625
vt 0.893066 0.259766
vt 0.873535 0.274414
vt 0.887207 0.254395
vt 0.882324 0.248535
vt 0.868652 0.284668
vt 0.876465 0.288086
vt 0.891113 0.297363
vt 0.862793 0.283203
vt 0.868652 0.291016
vt 0.867188 0.273438
vt 0.867676 0.263672
vt 0.876953 0.249023
vt 0.868164 0.248047
vt 0.861816 0.272461
vt 0.860352 0.261719
vt 0.856445 0.258789
vt 0.862305 0.244629
vt 0.856934 0.272461
vt 0.858398 0.285156
vt 0.854980 0.248535
vt 0.844727 0.250977
vt 0.851074 0.267090
vt 0.844238 0.268555
vt 0.840332 0.286621
vt 0.851074 0.276855
vt 0.846191 0.291016
vt 0.842773 0.297363
vt 0.838379 0.290527
vt 0.852539 0.286621
vt 0.838379 0.294434
vt 0.794922 0.297363
vt 0.787598 0.306152
vt 0.845215 0.303223
vt 0.856445 0.296875
vt 0.861816 0.293457
vt 0.860352 0.301758
vt 0.886719 0.301270
vt 0.872070 0.301270
vt 0.901855 0.304688
vt 0.895020 0.307617
vt 0.919922 0.311035
vt 0.901367 0.308105
vt 0.909180 0.315918
vt 0.887695 0.309082
vt 0.924316 0.317871
vt 0.913574 0.315918
vt 0.930176 0.309082
vt 0.928711 0.303711
vt 0.950195 0.311523
vt 0.934082 0.316895
vt 0.943848 0.314941
vt 0.965820 0.318848
vt 0.937012 0.323730
vt 0.948730 0.320801
vt 0.940918 0.327148
vt 0.960449 0.325684
vt 0.967773 0.333008
vt 0.928711 0.322754
vt 0.947266 0.333008
vt 0.922363 0.324219
vt 0.930664 0.330566
vt 0.940430 0.333496
vt 0.951660 0.343262
vt 0.966309 0.341309
vt 0.967773 0.346680
vt 0.972656 0.353027
vt 0.977539 0.344727
vt 0.974121 0.326660
vt 0.981445 0.341309
vt 0.987305 0.355469
vt 0.975098 0.355469
vt 0.977539 0.351562
vt 0.982910 0.354004
vt 0.980957 0.358398
vt 0.988281 0.364746
vt 0.958984 0.350098
vt 0.969727 0.361328
vt 0.939453 0.339844
vt 0.970703 0.364258
vt 0.975098 0.365723
vt 0.954590 0.353027
vt 0.950684 0.355469
vt 0.968262 0.365234
vt 0.961426 0.366211
vt 0.936035 0.339355
vt 0.934570 0.341309
vt 0.949707 0.357910
vt 0.921387 0.326172
vt 0.956543 0.367188
vt 0.953613 0.381836
vt 0.949707 0.388184
vt 0.947266 0.395996
vt 0.950684 0.374023
vt 0.942383 0.391113
vt 0.943848 0.387207
vt 0.946289 0.372070
vt 0.940430 0.395508
vt 0.938965 0.405762
vt 0.934082 0.402832
vt 0.921875 0.408691
vt 0.935547 0.395508
vt 0.927734 0.399414
vt 0.938477 0.384277
vt 0.915527 0.404785
vt 0.906250 0.410645
vt 0.933594 0.387207
vt 0.901855 0.407715
vt 0.897949 0.412109
vt 0.893066 0.408691
vt 0.893066 0.412598
vt 0.893066 0.403809
vt 0.884277 0.412598
vt 0.911133 0.400879
vt 0.884277 0.417480
vt 0.882324 0.408691
vt 0.873535 0.415039
vt 0.871582 0.419922
vt 0.832031 0.421875
vt 0.830078 0.416016
vt 0.870117 0.408691
vt 0.801270 0.417969
vt 0.874023 0.403320
vt 0.784668 0.419434
vt 0.806152 0.413086
vt 0.789551 0.414551
vt 0.828125 0.404297
vt 0.875000 0.400391
vt 0.824707 0.398926
vt 0.882812 0.397949
vt 0.870117 0.397949
vt 0.894043 0.396973
vt 0.872559 0.392578
vt 0.909180 0.396973
vt 0.829590 0.395020
vt 0.882812 0.390625
vt 0.902344 0.389648
vt 0.920898 0.395996
vt 0.922852 0.390137
vt 0.916016 0.391113
vt 0.931152 0.389160
vt 0.915039 0.384277
vt 0.919922 0.382812
vt 0.922363 0.379883
vt 0.891113 0.373047
vt 0.894531 0.383789
vt 0.884277 0.383301
vt 0.885254 0.374512
vt 0.881836 0.378906
vt 0.872070 0.381348
vt 0.869141 0.389648
vt 0.868652 0.376953
vt 0.826172 0.391113
vt 0.827148 0.383301
vt 0.799316 0.398438
vt 0.808594 0.393066
vt 0.805664 0.401367
vt 0.793457 0.403809
vt 0.794434 0.395020
vt 0.784668 0.403320
vt 0.770020 0.409180
vt 0.794434 0.387207
vt 0.782227 0.395508
vt 0.766113 0.397461
vt 0.778320 0.389648
vt 0.779297 0.387207
vt 0.798828 0.384766
vt 0.759766 0.391113
vt 0.766602 0.386719
vt 0.798828 0.382324
vt 0.817871 0.378906
vt 0.778320 0.382812
vt 0.793945 0.379395
vt 0.865234 0.371094
vt 0.796387 0.372559
vt 0.779297 0.377930
vt 0.876465 0.371582
vt 0.877441 0.365723
vt 0.861816 0.364258
vt 0.899414 0.372070
vt 0.885742 0.363770
vt 0.901367 0.370605
vt 0.885742 0.360352
vt 0.869141 0.359375
vt 0.917969 0.374512
vt 0.893555 0.360840
vt 0.932617 0.379883
vt 0.901855 0.360352
vt 0.934570 0.375488
vt 0.919434 0.369629
vt 0.925781 0.368164
vt 0.938965 0.369141
vt 0.931641 0.366699
vt 0.910645 0.355957
vt 0.906250 0.359375
vt 0.896484 0.348145
vt 0.891602 0.349609
vt 0.884766 0.350586
vt 0.911133 0.352539
vt 0.879395 0.352051
vt 0.894531 0.344238
vt 0.863770 0.350586
vt 0.867188 0.344727
vt 0.877930 0.344238
vt 0.879395 0.339844
vt 0.866211 0.341309
vt 0.791992 0.343262
vt 0.860352 0.336914
vt 0.876953 0.335938
vt 0.893555 0.341309
vt 0.855469 0.334961
vt 0.916504 0.353516
vt 0.783691 0.338867
vt 0.869141 0.332520
vt 0.930176 0.360352
vt 0.935059 0.365723
vt 0.917969 0.351562
vt 0.935547 0.358887
vt 0.904297 0.342773
vt 0.916016 0.345215
vt 0.942383 0.358398
vt 0.920410 0.344727
vt 0.901855 0.337402
vt 0.895020 0.338379
vt 0.881348 0.333984
vt 0.886230 0.332520
vt 0.876465 0.330078
vt 0.858398 0.328613
vt 0.882812 0.328125
vt 0.826660 0.333008
vt 0.852051 0.322266
vt 0.828613 0.329102
vt 0.790527 0.333008
vt 0.785156 0.328613
vt 0.772461 0.337402
vt 0.765137 0.334473
vt 0.730957 0.345703
vt 0.764160 0.327148
vt 0.724121 0.351562
vt 0.788574 0.321289
vt 0.774414 0.320312
vt 0.768555 0.348633
vt 0.795898 0.315918
vt 0.782715 0.313965
vt 0.838379 0.314453
vt 0.837402 0.304688
vt 0.842285 0.310059
vt 0.876953 0.323242
vt 0.875977 0.318848
vt 0.885742 0.322266
vt 0.883789 0.317871
vt 0.877441 0.312500
vt 0.885742 0.311523
vt 0.889160 0.316406
vt 0.894531 0.313477
vt 0.900879 0.320312
vt 0.905273 0.319336
vt 0.910645 0.324707
vt 0.899414 0.323242
vt 0.918945 0.331543
vt 0.908691 0.328613
vt 0.921875 0.336914
vt 0.932129 0.344238
vt 0.908203 0.331543
vt 0.926270 0.343750
vt 0.904297 0.334473
vt 0.895996 0.325195
vt 0.895020 0.331055
vt 0.455078 0.353027
vt 0.451416 0.357910
vt 0.450195 0.345215
vt 0.455566 0.359863
vt 0.460449 0.356445
vt 0.447998 0.375000
vt 0.442383 0.376465
vt 0.436279 0.385742
vt 0.459473 0.375977
vt 0.467773 0.381348
vt 0.455811 0.377441
vt 0.463867 0.380859
vt 0.457520 0.396973
vt 0.459229 0.383789
vt 0.453613 0.383301
vt 0.452881 0.390137
vt 0.440674 0.391113
vt 0.434326 0.389648
vt 0.444580 0.392090
vt 0.449951 0.395020
vt 0.451416 0.406738
vt 0.430176 0.398438
vt 0.426270 0.392090
vt 0.429932 0.404785
vt 0.436279 0.403809
vt 0.446289 0.406738
vt 0.434082 0.415527
vt 0.443115 0.404785
vt 0.417969 0.413086
vt 0.420410 0.409180
vt 0.396240 0.407715
vt 0.403809 0.404785
vt 0.376465 0.391113
vt 0.410645 0.400391
vt 0.392090 0.394531
vt 0.424805 0.401855
vt 0.419678 0.395508
vt 0.422363 0.388672
vt 0.415039 0.382812
vt 0.406250 0.383301
vt 0.405518 0.387207
vt 0.404297 0.393555
vt 0.396973 0.379395
vt 0.403320 0.376465
vt 0.385010 0.389648
vt 0.377686 0.379395
vt 0.369873 0.386230
vt 0.363281 0.391602
vt 0.346924 0.370117
vt 0.365967 0.377441
vt 0.335938 0.372070
vt 0.356201 0.363281
vt 0.374512 0.373047
vt 0.393311 0.376465
vt 0.378906 0.367676
vt 0.401123 0.372070
vt 0.390381 0.370605
vt 0.401611 0.368652
vt 0.407715 0.366211
vt 0.416016 0.365234
vt 0.413574 0.356445
vt 0.414307 0.351074
vt 0.403809 0.368164
vt 0.403076 0.363770
vt 0.410645 0.348145
vt 0.389160 0.367188
vt 0.399658 0.347168
vt 0.407227 0.333984
vt 0.376465 0.364258
vt 0.387695 0.362793
vt 0.373047 0.358398
vt 0.354492 0.357910
vt 0.396240 0.359863
vt 0.379150 0.349121
vt 0.397461 0.358887
vt 0.390381 0.353516
vt 0.394043 0.347168
vt 0.389648 0.348633
vt 0.395752 0.337891
vt 0.385498 0.343262
vt 0.392822 0.337891
vt 0.409668 0.324219
vt 0.405029 0.320312
vt 0.396484 0.324707
vt 0.393555 0.315918
vt 0.390137 0.330566
vt 0.385742 0.325195
vt 0.380127 0.314453
vt 0.391113 0.336914
vt 0.380127 0.322754
vt 0.374268 0.316895
vt 0.389893 0.339844
vt 0.388184 0.337891
vt 0.386719 0.342285
vt 0.384766 0.339355
vt 0.388184 0.335938
vt 0.382568 0.328125
vt 0.381348 0.333008
vt 0.375977 0.328613
vt 0.369141 0.323242
vt 0.371582 0.332031
vt 0.380859 0.336426
vt 0.366455 0.337891
vt 0.363037 0.346191
vt 0.350586 0.337402
vt 0.353271 0.329102
vt 0.360107 0.351074
vt 0.346924 0.343262
vt 0.340576 0.327148
vt 0.353271 0.315430
vt 0.353271 0.309082
vt 0.333740 0.319824
vt 0.346191 0.312012
vt 0.360596 0.300293
vt 0.331299 0.325195
vt 0.330078 0.314941
vt 0.352051 0.291016
vt 0.364014 0.289062
vt 0.345459 0.301270
vt 0.330322 0.308594
vt 0.345703 0.293945
vt 0.347412 0.283203
vt 0.329834 0.303223
vt 0.336182 0.299316
vt 0.334717 0.291016
vt 0.332764 0.284668
vt 0.322998 0.285645
vt 0.302246 0.300293
vt 0.316650 0.295898
vt 0.319092 0.291504
vt 0.301514 0.296387
vt 0.309082 0.284180
vt 0.322754 0.315918
vt 0.285645 0.290039
vt 0.322754 0.327637
vt 0.299805 0.292969
vt 0.296631 0.306641
vt 0.278809 0.290527
vt 0.294434 0.288086
vt 0.286377 0.282715
vt 0.302002 0.281250
vt 0.293945 0.282715
vt 0.293213 0.279297
vt 0.287109 0.278320
vt 0.312744 0.276367
vt 0.281738 0.277832
vt 0.299805 0.277832
vt 0.298828 0.273926
vt 0.312012 0.275391
vt 0.308838 0.273438
vt 0.291260 0.268066
vt 0.311035 0.270508
vt 0.311279 0.274414
vt 0.310791 0.265625
vt 0.314941 0.272949
vt 0.313232 0.276367
vt 0.318848 0.276367
vt 0.298584 0.264160
vt 0.314941 0.277344
vt 0.313477 0.276367
vt 0.293945 0.264160
vt 0.295166 0.256348
vt 0.279785 0.273926
vt 0.286865 0.264648
vt 0.286377 0.260742
vt 0.278809 0.261719
vt 0.275635 0.267578
vt 0.260986 0.263672
vt 0.264404 0.268555
vt 0.259766 0.269531
vt 0.269287 0.279297
vt 0.240112 0.268066
vt 0.254395 0.259766
vt 0.241577 0.258301
vt 0.268066 0.274414
vt 0.254883 0.273438
vt 0.258545 0.277344
vt 0.265625 0.285645
vt 0.252930 0.275879
vt 0.272461 0.294434
vt 0.255615 0.279785
vt 0.244385 0.272949
vt 0.241699 0.280273
vt 0.258789 0.286133
vt 0.250488 0.285156
vt 0.257568 0.290039
vt 0.246094 0.285645
vt 0.246216 0.287598
vt 0.232300 0.279785
vt 0.251953 0.298828
vt 0.232788 0.270508
vt 0.226562 0.285645
vt 0.228394 0.267090
vt 0.231567 0.260254
vt 0.216919 0.269531
vt 0.216187 0.264648
vt 0.220337 0.275391
vt 0.225220 0.259766
vt 0.233032 0.255859
vt 0.221802 0.279297
vt 0.226318 0.254883
vt 0.230591 0.245117
vt 0.219482 0.253418
vt 0.212891 0.256348
vt 0.208984 0.257812
vt 0.214966 0.249023
vt 0.211792 0.244629
vt 0.210815 0.240723
vt 0.206787 0.250000
vt 0.211426 0.235352
vt 0.211426 0.237793
vt 0.212891 0.237793
vt 0.215576 0.238281
vt 0.213379 0.272461
vt 0.214722 0.269043
vt 0.218140 0.278809
vt 0.201660 0.265137
vt 0.221191 0.286133
vt 0.192993 0.258301
vt 0.202881 0.256348
vt 0.182251 0.256836
vt 0.190186 0.262207
vt 0.188721 0.265137
vt 0.207153 0.278809
vt 0.196289 0.270996
vt 0.189575 0.272949
vt 0.184326 0.274414
vt 0.197998 0.275391
vt 0.208252 0.286621
vt 0.199829 0.285156
vt 0.195190 0.285156
vt 0.215088 0.288086
vt 0.188721 0.288574
vt 0.186279 0.283203
vt 0.174072 0.285156
vt 0.199951 0.293457
vt 0.210449 0.299805
vt 0.224487 0.297852
vt 0.186768 0.291016
vt 0.225220 0.309082
vt 0.217407 0.303223
vt 0.201416 0.296387
vt 0.222168 0.310059
vt 0.194702 0.298828
vt 0.204102 0.302734
vt 0.181763 0.294434
vt 0.205688 0.306152
vt 0.192505 0.301758
vt 0.172729 0.293945
vt 0.165039 0.282227
vt 0.152588 0.280273
vt 0.178711 0.304688
vt 0.165894 0.304199
vt 0.156494 0.297363
vt 0.145874 0.275879
vt 0.169922 0.315430
vt 0.136597 0.287598
vt 0.139038 0.261230
vt 0.142700 0.294434
vt 0.131226 0.295410
vt 0.148071 0.298340
vt 0.147461 0.307129
vt 0.124573 0.307129
vt 0.154785 0.313477
vt 0.124573 0.315918
vt 0.119995 0.319824
vt 0.144043 0.313477
vt 0.130615 0.329590
vt 0.115540 0.343750
vt 0.135376 0.321777
vt 0.143799 0.316406
vt 0.130859 0.359863
vt 0.114441 0.357910
vt 0.152100 0.315918
vt 0.145996 0.326660
vt 0.157104 0.320801
vt 0.138428 0.337891
vt 0.152588 0.333496
vt 0.174683 0.326660
vt 0.165039 0.332031
vt 0.157593 0.340332
vt 0.179077 0.319824
vt 0.180542 0.333008
vt 0.186523 0.313965
vt 0.169067 0.338867
vt 0.199707 0.313477
vt 0.185547 0.323242
vt 0.185181 0.330566
vt 0.199097 0.320312
vt 0.209595 0.312988
vt 0.206299 0.315918
vt 0.218384 0.319336
vt 0.201538 0.316406
vt 0.211670 0.323242
vt 0.210693 0.333984
vt 0.219360 0.335449
vt 0.229736 0.315918
vt 0.225342 0.327637
vt 0.223999 0.350098
vt 0.199219 0.330078
vt 0.209473 0.341309
vt 0.190308 0.334473
vt 0.197632 0.336914
vt 0.189819 0.340820
vt 0.183838 0.339844
vt 0.201782 0.346680
vt 0.190796 0.343750
vt 0.206299 0.345215
vt 0.210938 0.357422
vt 0.206787 0.351562
vt 0.218384 0.354004
vt 0.213623 0.363281
vt 0.222168 0.365723
vt 0.208862 0.368652
vt 0.201538 0.362793
vt 0.234497 0.362305
vt 0.242676 0.350098
vt 0.221313 0.373535
vt 0.242798 0.331055
vt 0.248901 0.353516
vt 0.238647 0.316895
vt 0.240601 0.369141
vt 0.245239 0.312500
vt 0.250488 0.324707
vt 0.253174 0.314453
vt 0.264404 0.321289
vt 0.256104 0.342773
vt 0.275879 0.328613
vt 0.263672 0.309570
vt 0.274658 0.322266
vt 0.281250 0.318359
vt 0.282959 0.309082
vt 0.295410 0.324219
vt 0.300781 0.350098
vt 0.313721 0.339844
vt 0.313965 0.375488
vt 0.342285 0.353027
vt 0.278076 0.355957
vt 0.285889 0.391113
vt 0.249756 0.366699
vt 0.256348 0.380371
vt 0.278809 0.411133
vt 0.264160 0.396484
vt 0.270752 0.415527
vt 0.253662 0.397949
vt 0.287598 0.430176
vt 0.259766 0.416016
vt 0.294678 0.447266
vt 0.262207 0.441895
vt 0.282227 0.444824
vt 0.281494 0.454102
vt 0.282471 0.465332
vt 0.263916 0.448242
vt 0.264160 0.455566
vt 0.246216 0.450684
vt 0.250000 0.423340
vt 0.245239 0.438477
vt 0.241455 0.418945
vt 0.234253 0.457031
vt 0.236572 0.428711
vt 0.235352 0.464355
vt 0.228027 0.439453
vt 0.246460 0.461914
vt 0.236694 0.474609
vt 0.227783 0.424316
vt 0.222290 0.427246
vt 0.217285 0.390625
vt 0.211914 0.408203
vt 0.206665 0.396484
vt 0.201050 0.396484
vt 0.221558 0.385742
vt 0.196899 0.394043
vt 0.188354 0.394043
vt 0.243408 0.381836
vt 0.208374 0.388184
vt 0.247192 0.370117
vt 0.185791 0.390137
vt 0.173584 0.390137
vt 0.241089 0.376465
vt 0.140015 0.381836
vt 0.243774 0.372559
vt 0.245972 0.369629
vt 0.239624 0.374023
vt 0.206787 0.387695
vt 0.209229 0.381348
vt 0.196411 0.380859
vt 0.202759 0.378418
vt 0.183716 0.382324
vt 0.192261 0.378906
vt 0.205933 0.370605
vt 0.198975 0.375977
vt 0.182983 0.379883
vt 0.205078 0.366211
vt 0.187988 0.378906
vt 0.201660 0.371094
vt 0.197144 0.374512
vt 0.197510 0.372070
vt 0.196899 0.370117
vt 0.192993 0.373535
vt 0.192993 0.372070
vt 0.188599 0.377441
vt 0.189697 0.373535
vt 0.183594 0.377441
vt 0.185791 0.375488
vt 0.188232 0.372070
vt 0.185669 0.372559
vt 0.190796 0.371094
vt 0.186401 0.371582
vt 0.190186 0.371094
vt 0.188110 0.371094
vt 0.194092 0.370117
vt 0.189819 0.369141
vt 0.186279 0.370605
vt 0.195679 0.367676
vt 0.190186 0.368652
vt 0.185669 0.369629
vt 0.193970 0.367676
vt 0.184570 0.370605
vt 0.193848 0.367676
vt 0.179199 0.370117
vt 0.197754 0.366211
vt 0.184082 0.372559
vt 0.179199 0.375000
vt 0.173462 0.372070
vt 0.177002 0.379395
vt 0.166626 0.369141
vt 0.171875 0.381836
vt 0.157471 0.376953
vt 0.156128 0.369629
vt 0.144165 0.369141
vt 0.130615 0.371094
vt 0.121948 0.372559
vt 0.146851 0.352539
vt 0.152466 0.356445
vt 0.160522 0.352051
vt 0.163452 0.357910
vt 0.163696 0.345703
vt 0.169800 0.359863
vt 0.166870 0.351562
vt 0.171265 0.346191
vt 0.175049 0.365723
vt 0.168823 0.354004
vt 0.179932 0.368652
vt 0.173584 0.357910
vt 0.176880 0.362305
vt 0.188599 0.365723
vt 0.183105 0.363770
vt 0.191895 0.363281
vt 0.197998 0.361816
vt 0.185913 0.359863
vt 0.181396 0.358887
vt 0.192017 0.359375
vt 0.187134 0.356445
vt 0.182373 0.354492
vt 0.198486 0.357910
vt 0.191895 0.355957
vt 0.202637 0.356934
vt 0.194702 0.354980
vt 0.202881 0.350586
vt 0.197876 0.354492
vt 0.201294 0.353516
vt 0.196899 0.352539
vt 0.197998 0.348633
vt 0.193359 0.350586
vt 0.190063 0.352051
vt 0.190796 0.346191
vt 0.185181 0.352051
vt 0.186890 0.346680
vt 0.179199 0.354004
vt 0.184570 0.346680
vt 0.174927 0.354980
vt 0.175659 0.352051
vt 0.179688 0.351074
vt 0.173340 0.350098
vt 0.170044 0.349121
vt 0.176880 0.347656
vt 0.181641 0.344727
vt 0.393799 0.900146
vt 0.397949 0.899902
vt 0.403809 0.916016
vt 0.390625 0.901550
vt 0.375000 0.887207
vt 0.383789 0.914246
vt 0.362793 0.881531
vt 0.351562 0.885132
vt 0.328857 0.885132
vt 0.357666 0.888306
vt 0.343506 0.889221
vt 0.323486 0.891235
vt 0.322266 0.893860
vt 0.308350 0.899719
vt 0.339844 0.894226
vt 0.325684 0.901550
vt 0.350586 0.897217
vt 0.339111 0.899353
vt 0.359375 0.894958
vt 0.352783 0.903625
vt 0.364014 0.892212
vt 0.337891 0.905518
vt 0.331299 0.907043
vt 0.381104 0.899048
vt 0.316650 0.906738
vt 0.330566 0.912415
vt 0.376709 0.908813
vt 0.372559 0.902649
vt 0.366943 0.904602
vt 0.357422 0.900024
vt 0.370117 0.911743
vt 0.362061 0.913208
vt 0.376953 0.917419
vt 0.371582 0.921021
vt 0.390137 0.922241
vt 0.395264 0.920654
vt 0.396484 0.931946
vt 0.404297 0.937927
vt 0.393799 0.937927
vt 0.387451 0.938721
vt 0.397705 0.939301
vt 0.402588 0.946320
vt 0.392578 0.949402
vt 0.391846 0.952515
vt 0.395996 0.949615
vt 0.296143 0.909729
vt 0.302490 0.912537
vt 0.292480 0.917419
vt 0.317139 0.911804
vt 0.315186 0.917114
vt 0.327881 0.916748
vt 0.327393 0.919861
vt 0.312988 0.920349
vt 0.289062 0.923828
vt 0.313477 0.925415
vt 0.320312 0.930725
vt 0.310791 0.932922
vt 0.290771 0.929749
vt 0.296387 0.935242
vt 0.311279 0.937927
vt 0.293457 0.945129
vt 0.314209 0.945709
vt 0.311768 0.952911
vt 0.295166 0.952209
vt 0.312500 0.956329
vt 0.290283 0.963501
vt 0.288574 0.972214
vt 0.295654 0.973907
vt 0.284912 0.977112
vt 0.293945 0.980515
vt 0.292969 0.983200
vt 0.289551 0.981705
vt 0.283447 0.986107
vt 0.289551 0.985306
vt 0.723145 0.354004
vt 0.743652 0.352539
vt 0.722168 0.362305
vt 0.776855 0.353027
vt 0.754883 0.358398
vt 0.807129 0.351074
vt 0.784180 0.357422
vt 0.830078 0.354004
vt 0.868164 0.356445
vt 0.831543 0.358887
vt 0.819824 0.361816
vt 0.788574 0.361816
vt 0.825195 0.364746
vt 0.755859 0.366211
vt 0.786133 0.366211
vt 0.797363 0.369629
vt 0.779785 0.372559
vt 0.762207 0.369629
vt 0.757812 0.375488
vt 0.762207 0.381348
vt 0.740234 0.376465
vt 0.752441 0.385742
vt 0.743652 0.384766
vt 0.720215 0.387207
vt 0.724121 0.375000
vt 0.724609 0.390625
vt 0.723633 0.370605
vt 0.715332 0.368652
vt 0.704590 0.392090
vt 0.714355 0.373535
vt 0.706543 0.371582
vt 0.704102 0.384277
vt 0.702637 0.387207
vt 0.693848 0.405273
vt 0.683105 0.408203
vt 0.671875 0.428223
vt 0.706543 0.399902
vt 0.693359 0.425293
vt 0.716797 0.396484
vt 0.684082 0.428711
vt 0.663574 0.435059
vt 0.702148 0.409180
vt 0.725586 0.396484
vt 0.727051 0.393555
vt 0.755371 0.390625
vt 0.732910 0.396973
vt 0.731445 0.402344
vt 0.712891 0.404297
vt 0.704102 0.408203
vt 0.705078 0.407715
vt 0.748535 0.402832
vt 0.725098 0.406738
vt 0.711426 0.415039
vt 0.728516 0.409668
vt 0.742676 0.410156
vt 0.758301 0.409180
vt 0.716797 0.414062
vt 0.739746 0.415527
vt 0.728027 0.413574
vt 0.719727 0.415039
vt 0.727051 0.416992
vt 0.725586 0.416016
vt 0.718262 0.420898
vt 0.698242 0.432617
vt 0.726074 0.423340
vt 0.688965 0.438965
vt 0.711914 0.435059
vt 0.667480 0.445801
vt 0.681641 0.451660
vt 0.665527 0.452148
vt 0.689941 0.457031
vt 0.668457 0.460449
vt 0.671875 0.474121
vt 0.685059 0.465332
vt 0.678223 0.476562
vt 0.690430 0.481445
vt 0.731445 0.438965
vt 0.742676 0.428711
vt 0.731445 0.425781
vt 0.741699 0.419922
vt 0.741699 0.422852
vt 0.768555 0.415039
vt 0.767578 0.420410
vt 0.763184 0.431152
vt 0.742188 0.435547
vt 0.742188 0.444824
vt 0.750000 0.444824
vt 0.744629 0.444824
vt 0.757812 0.447754
vt 0.743164 0.445801
vt 0.755859 0.449219
vt 0.118896 0.582520
vt 0.120789 0.575439
vt 0.102539 0.578369
vt 0.138428 0.571533
vt 0.120850 0.569092
vt 0.107971 0.568604
vt 0.173340 0.559814
vt 0.122986 0.563721
vt 0.189575 0.553223
vt 0.166260 0.558105
vt 0.137085 0.562500
vt 0.200439 0.546143
vt 0.122192 0.557129
vt 0.204468 0.538818
vt 0.108887 0.558350
vt 0.135498 0.552734
vt 0.107056 0.550537
vt 0.164917 0.549561
vt 0.094666 0.558350
vt 0.182495 0.547119
vt 0.164795 0.542969
vt 0.122070 0.550537
vt 0.134399 0.546387
vt 0.173096 0.537842
vt 0.192993 0.543945
vt 0.196655 0.541016
vt 0.189941 0.540771
vt 0.193481 0.535156
vt 0.207520 0.533203
vt 0.185425 0.531982
vt 0.215698 0.531006
vt 0.207764 0.525879
vt 0.228149 0.526123
vt 0.212036 0.521729
vt 0.221558 0.517334
vt 0.190308 0.528809
vt 0.198730 0.524170
vt 0.182129 0.522461
vt 0.202271 0.517334
vt 0.186768 0.520996
vt 0.205200 0.513184
vt 0.190796 0.515137
vt 0.214600 0.515381
vt 0.199463 0.511963
vt 0.210083 0.509766
vt 0.197510 0.506836
vt 0.180908 0.516357
vt 0.216797 0.494141
vt 0.207764 0.490234
vt 0.223145 0.501953
vt 0.191528 0.504883
vt 0.195190 0.486328
vt 0.180420 0.500488
vt 0.178345 0.512207
vt 0.177490 0.505127
vt 0.167114 0.493652
vt 0.165283 0.516357
vt 0.164673 0.506104
vt 0.124573 0.505127
vt 0.161377 0.512207
vt 0.142578 0.515869
vt 0.168457 0.524658
vt 0.138062 0.508301
vt 0.128296 0.522217
vt 0.125244 0.512695
vt 0.114685 0.514160
vt 0.111694 0.504150
vt 0.131104 0.532227
vt 0.103943 0.513428
vt 0.100159 0.501953
vt 0.117493 0.523193
vt 0.098389 0.512939
vt 0.106079 0.524170
vt 0.106567 0.532715
vt 0.090759 0.507080
vt 0.085571 0.496582
vt 0.094482 0.524658
vt 0.090759 0.517822
vt 0.120239 0.532471
vt 0.089172 0.532715
vt 0.131958 0.539551
vt 0.114868 0.541260
vt 0.123840 0.540283
vt 0.170898 0.530518
vt 0.123291 0.545654
vt 0.088379 0.550537
vt 0.084595 0.541504
vt 0.076599 0.543945
vt 0.078674 0.536377
vt 0.083496 0.557129
vt 0.076965 0.549805
vt 0.048889 0.534668
vt 0.081299 0.531006
vt 0.053894 0.531250
vt 0.048676 0.538330
vt 0.087097 0.523682
vt 0.040283 0.532227
vt 0.050781 0.548584
vt 0.074341 0.554443
vt 0.049683 0.556641
vt 0.080444 0.561035
vt 0.065369 0.560547
vt 0.091858 0.567139
vt 0.083557 0.572754
vt 0.062988 0.562500
vt 0.101379 0.570312
vt 0.087158 0.585449
vt 0.091675 0.575195
vt 0.082397 0.578369
vt 0.079163 0.574463
vt 0.075989 0.582520
vt 0.067749 0.582520
vt 0.054382 0.526855
vt 0.060272 0.526123
vt 0.061279 0.519531
vt 0.028687 0.514404
vt 0.066956 0.522461
vt 0.082886 0.521973
vt 0.071899 0.517090
vt 0.057190 0.512207
vt 0.063599 0.496582
vt 0.069458 0.513184
vt 0.076843 0.512451
vt 0.088562 0.513428
vt 0.082397 0.505859
vt 0.080139 0.501953
vt 0.072388 0.499023
vt 0.077087 0.497559
vt 0.228271 0.500488
vt 0.225098 0.495117
vt 0.241943 0.498047
vt 0.240601 0.495117
vt 0.233154 0.504639
vt 0.227783 0.506348
vt 0.233643 0.511230
vt 0.239136 0.510498
vt 0.252197 0.508301
vt 0.250732 0.504883
vt 0.246216 0.500244
vt 0.255127 0.499512
vt 0.241089 0.492188
vt 0.259277 0.494629
vt 0.243164 0.480469
vt 0.270752 0.499023
vt 0.249390 0.478516
vt 0.267822 0.491211
vt 0.280273 0.490723
vt 0.268311 0.482422
vt 0.280029 0.475586
vt 0.262695 0.470215
vt 0.263672 0.461914
s 1
usemtl Material0.003
f 3115/1/1 3116/2/2 3117/3/3
f 3115/1/1 3114/4/4 3116/2/2
f 3115/1/1 3113/5/5 3114/4/4
f 3113/5/5 3112/6/5 3114/4/4
f 3110/7/6 3112/6/5 3113/5/5
f 3111/8/5 3110/7/6 3113/5/5
f 3110/7/6 3104/9/7 3112/6/5
f 3106/10/8 3110/7/6 3111/8/5
f 3111/8/5 3109/11/9 3106/10/8
f 3101/12/3 3104/9/7 3110/7/6
f 3106/10/8 3101/12/3 3110/7/6
f 3106/10/8 3109/11/9 3107/13/9
f 3107/13/9 3109/11/9 3108/14/7
f 3108/14/7 3105/15/10 3107/13/9
f 3106/10/8 3107/13/9 3095/16/7
f 3107/13/9 3105/15/10 3095/16/7
f 3106/10/8 3095/16/7 3101/12/3
f 1903/17/11 3095/16/7 3105/15/10
f 3105/15/10 1908/18/4 1903/17/11
f 3104/9/7 3101/12/3 3102/19/12
f 3102/19/12 3103/20/3 3104/9/7
f 3100/21/7 3103/20/3 3102/19/12
f 3101/12/3 3079/22/5 3102/19/12
f 3081/23/8 3100/21/7 3102/19/12
f 3079/22/5 3081/23/8 3102/19/12
f 3101/12/3 3076/24/7 3079/22/5
f 3076/24/7 3101/12/3 3095/16/7
f 3081/23/8 3097/25/13 3100/21/7
f 3100/21/7 3097/25/13 3098/26/14
f 3097/25/13 3099/27/10 3098/26/14
f 3081/23/8 3096/28/3 3097/25/13
f 3096/28/3 3081/23/8 3094/29/9
f 3095/16/7 3068/30/3 3076/24/7
f 3081/23/8 3091/31/3 3094/29/9
f 3095/16/7 1922/32/3 3068/30/3
f 1922/32/3 3095/16/7 1903/17/11
f 3091/31/3 3092/33/15 3094/29/9
f 3093/34/16 3094/29/9 3092/33/15
f 3086/35/15 3093/34/16 3092/33/15
f 3092/33/15 3091/31/3 3090/36/8
f 3086/35/15 3092/33/15 3089/37/8
f 3092/33/15 3090/36/8 3089/37/8
f 3090/36/8 3091/31/3 3088/38/3
f 3081/23/8 3088/38/3 3091/31/3
f 3089/37/8 3090/36/8 3087/39/12
f 3090/36/8 3088/38/3 3087/39/12
f 3089/37/8 3083/40/9 3086/35/15
f 3089/37/8 3087/39/12 3083/40/9
f 3082/41/17 3088/38/3 3081/23/8
f 3087/39/12 3088/38/3 3082/41/17
f 3083/40/9 3087/39/12 3085/42/9
f 3087/39/12 3082/41/17 3085/42/9
f 3086/35/15 3083/40/9 3080/43/18
f 3080/43/18 3078/44/16 3086/35/15
f 3083/40/9 3085/42/9 3084/45/5
f 3084/45/5 3085/42/9 3082/41/17
f 304/46/3 3080/43/18 3083/40/9
f 3084/45/5 3082/41/17 3073/47/5
f 3083/40/9 3084/45/5 305/48/19
f 3073/47/5 305/48/19 3084/45/5
f 304/46/3 3083/40/9 305/48/19
f 3074/49/5 3082/41/17 3081/23/8
f 3082/41/17 3074/49/5 3073/47/5
f 3081/23/8 3079/22/5 3074/49/5
f 304/46/3 299/50/12 3080/43/18
f 3080/43/18 299/50/12 3078/44/16
f 3074/49/5 3079/22/5 3075/51/20
f 3076/24/7 3075/51/20 3079/22/5
f 294/52/21 3078/44/16 299/50/12
f 3078/44/16 294/52/21 3077/53/22
f 3077/53/22 294/52/21 295/54/23
f 3070/55/24 3075/51/20 3076/24/7
f 3070/55/24 3076/24/7 3068/30/3
f 3071/56/24 3074/49/5 3075/51/20
f 3075/51/20 3070/55/24 3071/56/24
f 3074/49/5 3071/56/24 3072/57/9
f 3074/49/5 3072/57/9 3073/47/5
f 3069/58/9 3071/56/24 3070/55/24
f 3073/47/5 3072/57/9 310/59/9
f 3073/47/5 310/59/9 305/48/19
f 3072/57/9 3071/56/24 320/60/10
f 310/59/9 3072/57/9 320/60/10
f 3069/58/9 3065/61/8 3071/56/24
f 320/60/10 3071/56/24 3065/61/8
f 3070/55/24 3067/62/7 3069/58/9
f 3067/62/7 3070/55/24 3068/30/3
f 3066/63/5 3065/61/8 3069/58/9
f 3069/58/9 3067/62/7 3066/63/5
f 3067/62/7 3068/30/3 3061/64/3
f 3061/64/3 3068/30/3 1922/32/3
f 3063/65/5 3066/63/5 3067/62/7
f 3067/62/7 3061/64/3 3064/66/3
f 3067/62/7 3064/66/3 3063/65/5
f 3044/67/11 3065/61/8 3066/63/5
f 3063/65/5 3046/68/9 3066/63/5
f 3066/63/5 3046/68/9 3044/67/11
f 3062/69/7 3063/65/5 3064/66/3
f 3065/61/8 3044/67/11 323/70/11
f 320/60/10 3065/61/8 323/70/11
f 3062/69/7 3064/66/3 3060/71/24
f 3060/71/24 3064/66/3 3061/64/3
f 3051/72/5 3063/65/5 3062/69/7
f 3046/68/9 3063/65/5 3051/72/5
f 3059/73/25 3062/69/7 3060/71/24
f 3051/72/5 3062/69/7 3058/74/26
f 3059/73/25 3058/74/26 3062/69/7
f 3060/71/24 3061/64/3 1933/75/26
f 3057/76/24 3058/74/26 3059/73/25
f 1933/75/26 3061/64/3 1928/77/25
f 3061/64/3 1922/32/3 1928/77/25
f 3059/73/25 3060/71/24 1941/78/27
f 1933/75/26 1941/78/27 3060/71/24
f 3057/76/24 3059/73/25 3056/79/27
f 1941/78/27 3056/79/27 3059/73/25
f 3058/74/26 3057/76/24 3055/80/27
f 3055/80/27 3051/72/5 3058/74/26
f 3057/76/24 3056/79/27 3054/81/24
f 3057/76/24 3054/81/24 3055/80/27
f 1943/82/3 3056/79/27 1941/78/27
f 1974/83/7 3054/81/24 3056/79/27
f 1974/83/7 3056/79/27 1943/82/3
f 3055/80/27 3054/81/24 3053/84/7
f 1972/85/8 1974/83/7 1943/82/3
f 3053/84/7 3052/86/9 3055/80/27
f 1974/83/7 1976/87/7 3054/81/24
f 3050/88/18 3055/80/27 3052/86/9
f 3050/88/18 3051/72/5 3055/80/27
f 1979/89/26 3053/84/7 3054/81/24
f 3054/81/24 1976/87/7 1979/89/26
f 3053/84/7 1981/90/9 3052/86/9
f 3053/84/7 1979/89/26 1981/90/9
f 3043/91/18 3050/88/18 3052/86/9
f 1981/90/9 3043/91/18 3052/86/9
f 3051/72/5 3050/88/18 3049/92/15
f 3046/68/9 3051/72/5 3049/92/15
f 3050/88/18 3043/91/18 3045/93/18
f 3049/92/15 3050/88/18 3045/93/18
f 3046/68/9 3049/92/15 3047/94/8
f 3048/95/18 3049/92/15 3045/93/18
f 3047/94/8 3049/92/15 3048/95/18
f 3036/96/12 3048/95/18 3045/93/18
f 3036/96/12 3047/94/8 3048/95/18
f 3046/68/9 3047/94/8 3035/97/5
f 3047/94/8 3036/96/12 3035/97/5
f 3046/68/9 3035/97/5 3044/67/11
f 3036/96/12 3045/93/18 3042/98/18
f 3043/91/18 3042/98/18 3045/93/18
f 368/99/19 3044/67/11 3035/97/5
f 323/70/11 3044/67/11 368/99/19
f 3042/98/18 3043/91/18 3041/100/15
f 1981/90/9 3041/100/15 3043/91/18
f 3038/101/8 3036/96/12 3042/98/18
f 3041/100/15 3039/102/12 3042/98/18
f 3038/101/8 3042/98/18 3039/102/12
f 1981/90/9 1982/103/9 3041/100/15
f 3040/104/8 3039/102/12 3041/100/15
f 3041/100/15 1982/103/9 3040/104/8
f 3037/105/28 3038/101/8 3039/102/12
f 3040/104/8 2972/106/18 3039/102/12
f 1982/103/9 2972/106/18 3040/104/8
f 3037/105/28 3039/102/12 3025/107/12
f 2972/106/18 3025/107/12 3039/102/12
f 3037/105/28 3031/108/12 3038/101/8
f 3031/108/12 3036/96/12 3038/101/8
f 3025/107/12 3031/108/12 3037/105/28
f 3031/108/12 3034/109/5 3036/96/12
f 3036/96/12 3034/109/5 3035/97/5
f 3035/97/5 3034/109/5 3032/110/19
f 368/99/19 3035/97/5 3032/110/19
f 3033/111/12 3034/109/5 3031/108/12
f 3034/109/5 3033/111/12 3032/110/19
f 3029/112/18 3033/111/12 3031/108/12
f 3032/110/19 3033/111/12 375/113/19
f 3033/111/12 3029/112/18 375/113/19
f 370/114/19 368/99/19 3032/110/19
f 375/113/19 370/114/19 3032/110/19
f 3030/115/12 3029/112/18 3031/108/12
f 3030/115/12 3031/108/12 3025/107/12
f 3030/115/12 3027/116/12 3029/112/18
f 3030/115/12 3025/107/12 2980/117/12
f 2980/117/12 3027/116/12 3030/115/12
f 3028/118/12 3029/112/18 3027/116/12
f 3029/112/18 3028/118/12 375/113/19
f 3026/119/15 3027/116/12 2980/117/12
f 375/113/19 3028/118/12 376/120/5
f 3028/118/12 3027/116/12 377/121/8
f 377/121/8 376/120/5 3028/118/12
f 3026/119/15 3022/122/9 3027/116/12
f 3027/116/12 3022/122/9 377/121/8
f 3026/119/15 2980/117/12 2981/123/5
f 2981/123/5 3022/122/9 3026/119/15
f 2976/124/8 2980/117/12 3025/107/12
f 3022/122/9 3024/125/21 377/121/8
f 2976/124/8 3025/107/12 2973/126/12
f 3025/107/12 2972/106/18 2973/126/12
f 3024/125/21 3023/127/2 377/121/8
f 3022/122/9 3021/128/29 3024/125/21
f 377/121/8 3023/127/2 378/129/19
f 381/130/30 378/129/19 3023/127/2
f 3022/122/9 3020/131/18 3021/128/29
f 2981/123/5 3020/131/18 3022/122/9
f 3021/128/29 3020/131/18 3018/132/9
f 3021/128/29 3018/132/9 3019/133/16
f 2981/123/5 2983/134/8 3020/131/18
f 2983/134/8 3018/132/9 3020/131/18
f 3017/135/5 3019/133/16 3018/132/9
f 3017/135/5 3016/136/31 3019/133/16
f 2985/137/9 3017/135/5 3018/132/9
f 2983/134/8 2985/137/9 3018/132/9
f 3016/136/31 3017/135/5 3014/138/5
f 2985/137/9 3014/138/5 3017/135/5
f 3015/139/31 3016/136/31 3014/138/5
f 3014/138/5 3013/140/32 3015/139/31
f 3014/138/5 2985/137/9 2987/141/5
f 3007/142/8 3013/140/32 3014/138/5
f 2987/141/5 3007/142/8 3014/138/5
f 3007/142/8 3011/143/29 3013/140/32
f 3011/143/29 3012/144/18 3013/140/32
f 3012/144/18 3011/143/29 3010/145/15
f 3012/144/18 3010/145/15 3009/146/15
f 3011/143/29 2995/147/8 3010/145/15
f 3011/143/29 3007/142/8 2995/147/8
f 3009/146/15 3010/145/15 2996/148/5
f 2995/147/8 2996/148/5 3010/145/15
f 2996/148/5 3008/149/5 3009/146/15
f 2993/150/9 2995/147/8 3007/142/8
f 3005/151/12 3008/149/5 2996/148/5
f 3008/149/5 3005/151/12 3006/152/18
f 2993/150/9 3007/142/8 2988/153/9
f 3007/142/8 2987/141/5 2988/153/9
f 3006/152/18 3005/151/12 3004/154/29
f 3006/152/18 3004/154/29 3003/155/33
f 3002/156/15 3004/154/29 3005/151/12
f 3002/156/15 3005/151/12 2996/148/5
f 3004/154/29 3001/157/18 3003/155/33
f 3004/154/29 3002/156/15 3001/157/18
f 3001/157/18 2917/158/15 3003/155/33
f 2996/148/5 2997/159/8 3002/156/15
f 3002/156/15 2999/160/8 3001/157/18
f 2997/159/8 2999/160/8 3002/156/15
f 3001/157/18 2918/161/9 2917/158/15
f 3000/162/9 3001/157/18 2999/160/8
f 3001/157/18 3000/162/9 2918/161/9
f 3000/162/9 2999/160/8 2998/163/18
f 2998/163/18 2918/161/9 3000/162/9
f 2994/164/12 2999/160/8 2997/159/8
f 2999/160/8 2939/165/12 2998/163/18
f 2994/164/12 2939/165/12 2999/160/8
f 2998/163/18 2938/166/18 2918/161/9
f 2998/163/18 2939/165/12 2938/166/18
f 2991/167/8 2994/164/12 2997/159/8
f 2997/159/8 2996/148/5 2991/167/8
f 2939/165/12 2994/164/12 2956/168/12
f 2996/148/5 2992/169/9 2991/167/8
f 2995/147/8 2992/169/9 2996/148/5
f 2995/147/8 2993/150/9 2992/169/9
f 2956/168/12 2994/164/12 2957/170/18
f 2957/170/18 2994/164/12 2991/167/8
f 2989/171/15 2992/169/9 2993/150/9
f 2988/153/9 2989/171/15 2993/150/9
f 2992/169/9 2990/172/18 2991/167/8
f 2989/171/15 2990/172/18 2992/169/9
f 2959/173/15 2991/167/8 2990/172/18
f 2991/167/8 2959/173/15 2957/170/18
f 2961/174/15 2990/172/18 2989/171/15
f 2959/173/15 2990/172/18 2961/174/15
f 2989/171/15 2988/153/9 2986/175/15
f 2961/174/15 2989/171/15 2986/175/15
f 2986/175/15 2988/153/9 2984/176/15
f 2984/176/15 2988/153/9 2987/141/5
f 2985/137/9 2984/176/15 2987/141/5
f 2962/177/9 2961/174/15 2986/175/15
f 2984/176/15 2962/177/9 2986/175/15
f 2979/178/5 2984/176/15 2985/137/9
f 2983/134/8 2979/178/5 2985/137/9
f 2965/179/18 2962/177/9 2984/176/15
f 2984/176/15 2979/178/5 2982/180/18
f 2982/180/18 2965/179/18 2984/176/15
f 2978/181/12 2979/178/5 2983/134/8
f 2978/181/12 2983/134/8 2981/123/5
f 2966/182/15 2982/180/18 2979/178/5
f 2982/180/18 2966/182/15 2965/179/18
f 2977/183/8 2978/181/12 2981/123/5
f 2981/123/5 2980/117/12 2977/183/8
f 2980/117/12 2976/124/8 2977/183/8
f 2978/181/12 2969/184/12 2979/178/5
f 2979/178/5 2969/184/12 2966/182/15
f 2975/185/12 2978/181/12 2977/183/8
f 2975/185/12 2969/184/12 2978/181/12
f 2977/183/8 2976/124/8 2974/186/12
f 2977/183/8 2974/186/12 2975/185/12
f 2974/186/12 2976/124/8 2973/126/12
f 2974/186/12 2970/187/12 2975/185/12
f 2975/185/12 2970/187/12 2969/184/12
f 2971/188/8 2974/186/12 2973/126/12
f 2974/186/12 2971/188/8 2970/187/12
f 2973/126/12 2041/189/12 2971/188/8
f 2972/106/18 2041/189/12 2973/126/12
f 1982/103/9 2041/189/12 2972/106/18
f 2971/188/8 2046/190/5 2970/187/12
f 2971/188/8 2041/189/12 2046/190/5
f 2969/184/12 2970/187/12 2968/191/18
f 2046/190/5 2049/192/8 2970/187/12
f 2968/191/18 2970/187/12 2049/192/8
f 2967/193/15 2969/184/12 2968/191/18
f 2967/193/15 2966/182/15 2969/184/12
f 2967/193/15 2968/191/18 2963/194/15
f 2049/192/8 2963/194/15 2968/191/18
f 2966/182/15 2967/193/15 2964/195/18
f 2967/193/15 2963/194/15 2964/195/18
f 2965/179/18 2966/182/15 2964/195/18
f 2049/192/8 2053/196/9 2963/194/15
f 2964/195/18 2958/197/12 2965/179/18
f 2965/179/18 2958/197/12 2962/177/9
f 2960/198/15 2964/195/18 2963/194/15
f 2960/198/15 2958/197/12 2964/195/18
f 2960/198/15 2963/194/15 2053/196/9
f 2958/197/12 2961/174/15 2962/177/9
f 2053/196/9 2054/199/10 2960/198/15
f 2958/197/12 2953/200/3 2961/174/15
f 2960/198/15 2054/199/10 2946/201/11
f 2961/174/15 2953/200/3 2954/202/5
f 2961/174/15 2954/202/5 2959/173/15
f 2960/198/15 2947/203/34 2958/197/12
f 2960/198/15 2946/201/11 2947/203/34
f 2959/173/15 2954/202/5 2955/204/15
f 2957/170/18 2959/173/15 2955/204/15
f 2951/205/24 2958/197/12 2947/203/34
f 2958/197/12 2951/205/24 2953/200/3
f 2940/206/8 2957/170/18 2955/204/15
f 2940/206/8 2956/168/12 2957/170/18
f 2939/165/12 2956/168/12 2940/206/8
f 2945/207/9 2955/204/15 2954/202/5
f 2940/206/8 2955/204/15 2945/207/9
f 2948/208/7 2954/202/5 2953/200/3
f 2945/207/9 2954/202/5 2948/208/7
f 2952/209/3 2948/208/7 2953/200/3
f 2953/200/3 2949/210/24 2952/209/3
f 2953/200/3 2951/205/24 2949/210/24
f 2952/209/3 2092/211/24 2948/208/7
f 2092/211/24 2952/209/3 2949/210/24
f 2949/210/24 2951/205/24 2950/212/35
f 2950/212/35 2951/205/24 2947/203/34
f 2949/210/24 2950/212/35 2059/213/30
f 2950/212/35 2947/203/34 2059/213/30
f 2066/214/30 2092/211/24 2949/210/24
f 2066/214/30 2949/210/24 2059/213/30
f 2092/211/24 2943/215/3 2948/208/7
f 2943/215/3 2945/207/9 2948/208/7
f 2059/213/30 2947/203/34 2058/216/19
f 2946/201/11 2058/216/19 2947/203/34
f 2944/217/5 2945/207/9 2943/215/3
f 2946/201/11 2055/218/36 2058/216/19
f 2054/199/10 2055/218/36 2946/201/11
f 2944/217/5 2942/219/9 2945/207/9
f 2940/206/8 2945/207/9 2942/219/9
f 2944/217/5 2943/215/3 2090/220/37
f 2944/217/5 2090/220/37 2942/219/9
f 2090/220/37 2943/215/3 2092/211/24
f 2941/221/9 2940/206/8 2942/219/9
f 2942/219/9 2090/220/37 2941/221/9
f 2941/221/9 2936/222/8 2940/206/8
f 2941/221/9 2090/220/37 2933/223/12
f 2933/223/12 2936/222/8 2941/221/9
f 2940/206/8 2936/222/8 2937/224/8
f 2937/224/8 2939/165/12 2940/206/8
f 2939/165/12 2937/224/8 2938/166/18
f 2937/224/8 2924/225/5 2938/166/18
f 2938/166/18 2924/225/5 2918/161/9
f 2936/222/8 2935/226/9 2937/224/8
f 2935/226/9 2924/225/5 2937/224/8
f 2936/222/8 2934/227/8 2935/226/9
f 2933/223/12 2934/227/8 2936/222/8
f 2930/228/19 2924/225/5 2935/226/9
f 2934/227/8 2931/229/10 2935/226/9
f 2935/226/9 2931/229/10 2930/228/19
f 2932/230/5 2934/227/8 2933/223/12
f 2930/228/19 2925/231/13 2924/225/5
f 2934/227/8 2932/230/5 2929/232/19
f 2934/227/8 2929/232/19 2931/229/10
f 2933/223/12 2086/233/9 2932/230/5
f 2933/223/12 2090/220/37 2086/233/9
f 2932/230/5 2082/234/11 2929/232/19
f 2082/234/11 2932/230/5 2086/233/9
f 2929/232/19 2927/235/2 2931/229/10
f 2931/229/10 2928/236/10 2930/228/19
f 2927/235/2 2928/236/10 2931/229/10
f 2930/228/19 2928/236/10 2925/231/13
f 2929/232/19 2074/237/13 2927/235/2
f 2082/234/11 2074/237/13 2929/232/19
f 2925/231/13 2928/236/10 2926/238/19
f 2927/235/2 2067/239/19 2928/236/10
f 2928/236/10 2067/239/19 2926/238/19
f 2074/237/13 2071/240/10 2927/235/2
f 2927/235/2 2071/240/10 2067/239/19
f 2925/231/13 2926/238/19 2923/241/2
f 2067/239/19 2923/241/2 2926/238/19
f 2925/231/13 2921/242/13 2924/225/5
f 2925/231/13 2923/241/2 2921/242/13
f 2924/225/5 2921/242/13 2918/161/9
f 2067/239/19 2922/243/19 2923/241/2
f 2915/244/11 2918/161/9 2921/242/13
f 2922/243/19 2067/239/19 2068/245/19
f 2923/241/2 2920/246/4 2921/242/13
f 2922/243/19 2895/247/38 2923/241/2
f 2920/246/4 2923/241/2 2895/247/38
f 2922/243/19 2068/245/19 2895/247/38
f 2921/242/13 2920/246/4 2919/248/39
f 2919/248/39 2915/244/11 2921/242/13
f 2903/249/23 2919/248/39 2920/246/4
f 2903/249/23 2920/246/4 2895/247/38
f 2915/244/11 2919/248/39 2904/250/11
f 2919/248/39 2903/249/23 2904/250/11
f 2918/161/9 2915/244/11 2916/251/9
f 2918/161/9 2916/251/9 2917/158/15
f 2916/251/9 2914/252/9 2917/158/15
f 2916/251/9 2915/244/11 2908/253/13
f 2916/251/9 2908/253/13 2914/252/9
f 2915/244/11 2904/250/11 2908/253/13
f 2908/253/13 2913/254/24 2914/252/9
f 2909/255/30 2913/254/24 2908/253/13
f 2908/253/13 2907/256/40 2909/255/30
f 2907/256/40 2908/253/13 2904/250/11
f 2909/255/30 2911/257/9 2913/254/24
f 2913/254/24 2911/257/9 2912/258/41
f 2912/258/41 2911/257/9 2910/259/12
f 2906/260/30 2907/256/40 2904/250/11
f 2904/250/11 2905/261/2 2906/260/30
f 2905/261/2 2904/250/11 2902/262/42
f 2902/262/42 2904/250/11 2903/249/23
f 2902/262/42 2903/249/23 2899/263/22
f 2895/247/38 2899/263/22 2903/249/23
f 2902/262/42 2899/263/22 2898/264/38
f 2902/262/42 2898/264/38 2901/265/38
f 2898/264/38 2900/266/43 2901/265/38
f 2900/266/43 2898/264/38 2897/267/38
f 2895/247/38 2896/268/22 2899/263/22
f 2899/263/22 2896/268/22 2898/264/38
f 2898/264/38 2892/269/42 2897/267/38
f 2896/268/22 2892/269/42 2898/264/38
f 2892/269/42 2894/270/38 2897/267/38
f 2893/271/23 2896/268/22 2895/247/38
f 2896/268/22 2893/271/23 2892/269/42
f 2895/247/38 2068/245/19 2893/271/23
f 2894/270/38 2892/269/42 2891/272/39
f 2070/273/11 2893/271/23 2068/245/19
f 2070/273/11 2892/269/42 2893/271/23
f 2889/274/21 2891/272/39 2892/269/42
f 2892/269/42 2070/273/11 2889/274/21
f 2889/274/21 2888/275/16 2891/272/39
f 2888/275/16 2890/276/44 2891/272/39
f 2890/276/44 2888/275/16 2887/277/21
f 2888/275/16 2889/274/21 2847/278/21
f 2889/274/21 2070/273/11 2847/278/21
f 2884/279/16 2887/277/21 2888/275/16
f 2884/279/16 2888/275/16 2847/278/21
f 2887/277/21 2884/279/16 2883/280/21
f 2887/277/21 2883/280/21 2886/281/42
f 2847/278/21 2852/282/31 2884/279/16
f 2883/280/21 2878/283/45 2886/281/42
f 2878/283/45 2885/284/46 2886/281/42
f 2878/283/45 2877/285/45 2885/284/46
f 2884/279/16 2881/286/47 2883/280/21
f 2884/279/16 2852/282/31 2881/286/47
f 2883/280/21 2881/286/47 2882/287/48
f 2882/287/48 2878/283/45 2883/280/21
f 2881/286/47 2880/288/23 2882/287/48
f 2878/283/45 2882/287/48 2879/289/46
f 2882/287/48 2880/288/23 2879/289/46
f 2880/288/23 2881/286/47 2853/290/23
f 2852/282/31 2853/290/23 2881/286/47
f 2880/288/23 2855/291/22 2879/289/46
f 2880/288/23 2853/290/23 2855/291/22
f 2878/283/45 2879/289/46 2873/292/46
f 2855/291/22 2873/292/46 2879/289/46
f 2875/293/49 2877/285/45 2878/283/45
f 2878/283/45 2873/292/46 2875/293/49
f 2876/294/50 2877/285/45 2875/293/49
f 2869/295/51 2876/294/50 2875/293/49
f 2874/296/49 2875/293/49 2873/292/46
f 2870/297/49 2869/295/51 2875/293/49
f 2874/296/49 2870/297/49 2875/293/49
f 2873/292/46 2871/298/46 2874/296/49
f 2874/296/49 2871/298/46 2870/297/49
f 2872/299/43 2871/298/46 2873/292/46
f 2873/292/46 2855/291/22 2872/299/43
f 2871/298/46 2872/299/43 2859/300/39
f 2855/291/22 2859/300/39 2872/299/43
f 2871/298/46 2865/301/51 2870/297/49
f 2859/300/39 2860/302/23 2871/298/46
f 2860/302/23 2865/301/51 2871/298/46
f 2870/297/49 2868/303/52 2869/295/51
f 2870/297/49 2865/301/51 2868/303/52
f 2867/304/52 2869/295/51 2868/303/52
f 2867/304/52 2866/305/53 2869/295/51
f 2865/301/51 2864/306/54 2868/303/52
f 2867/304/52 2868/303/52 2864/306/54
f 2867/304/52 2861/307/46 2866/305/53
f 2861/307/46 2867/304/52 2864/306/54
f 2766/308/16 2866/305/53 2861/307/46
f 2766/308/16 2765/309/55 2866/305/53
f 2862/310/42 2864/306/54 2865/301/51
f 2865/301/51 2860/302/23 2862/310/42
f 2863/311/56 2864/306/54 2862/310/42
f 2854/312/39 2862/310/42 2860/302/23
f 2822/313/56 2864/306/54 2863/311/56
f 2861/307/46 2864/306/54 2822/313/56
f 2823/314/39 2863/311/56 2862/310/42
f 2863/311/56 2823/314/39 2822/313/56
f 2823/314/39 2862/310/42 2854/312/39
f 2822/313/56 2774/315/22 2861/307/46
f 2774/315/22 2766/308/16 2861/307/46
f 2857/316/43 2854/312/39 2860/302/23
f 2859/300/39 2857/316/43 2860/302/23
f 2859/300/39 2858/317/22 2857/316/43
f 2858/317/22 2859/300/39 2855/291/22
f 2854/312/39 2857/316/43 2831/318/39
f 2856/319/43 2858/317/22 2855/291/22
f 2832/320/43 2857/316/43 2858/317/22
f 2856/319/43 2832/320/43 2858/317/22
f 2831/318/39 2857/316/43 2832/320/43
f 2855/291/22 2849/321/38 2856/319/43
f 2849/321/38 2832/320/43 2856/319/43
f 2849/321/38 2855/291/22 2853/290/23
f 2831/318/39 2828/322/13 2854/312/39
f 2854/312/39 2828/322/13 2823/314/39
f 2849/321/38 2853/290/23 2851/323/23
f 2852/282/31 2851/323/23 2853/290/23
f 2849/321/38 2851/323/23 2850/324/19
f 2851/323/23 2852/282/31 2848/325/9
f 2852/282/31 2847/278/21 2848/325/9
f 2846/326/2 2850/324/19 2851/323/23
f 2851/323/23 2848/325/9 2846/326/2
f 2836/327/19 2849/321/38 2850/324/19
f 2836/327/19 2850/324/19 2846/326/2
f 2832/320/43 2849/321/38 2836/327/19
f 2848/325/9 2845/328/18 2846/326/2
f 2847/278/21 2845/328/18 2848/325/9
f 2836/327/19 2846/326/2 2841/329/10
f 2845/328/18 2847/278/21 2844/330/5
f 2844/330/5 2847/278/21 2070/273/11
f 2846/326/2 2845/328/18 2842/331/18
f 2842/331/18 2841/329/10 2846/326/2
f 2845/328/18 2844/330/5 2843/332/18
f 2843/332/18 2842/331/18 2845/328/18
f 2072/333/13 2844/330/5 2070/273/11
f 2843/332/18 2844/330/5 2072/333/13
f 2842/331/18 2843/332/18 2839/334/12
f 2843/332/18 2072/333/13 2839/334/12
f 2842/331/18 2840/335/18 2841/329/10
f 2123/336/15 2842/331/18 2839/334/12
f 2123/336/15 2840/335/18 2842/331/18
f 2840/335/18 2838/337/4 2841/329/10
f 2838/337/4 2836/327/19 2841/329/10
f 2840/335/18 2123/336/15 2829/338/10
f 2840/335/18 2829/338/10 2838/337/4
f 2123/336/15 2839/334/12 2119/339/15
f 2837/340/11 2838/337/4 2829/338/10
f 2119/339/15 2839/334/12 2078/341/9
f 2078/341/9 2839/334/12 2072/333/13
f 2837/340/11 2834/342/2 2838/337/4
f 2834/342/2 2836/327/19 2838/337/4
f 2837/340/11 2829/338/10 2830/343/57
f 2836/327/19 2834/342/2 2835/344/13
f 2830/343/57 2816/345/58 2837/340/11
f 2816/345/58 2834/342/2 2837/340/11
f 2835/344/13 2833/346/10 2836/327/19
f 2833/346/10 2832/320/43 2836/327/19
f 2817/347/9 2835/344/13 2834/342/2
f 2817/347/9 2833/346/10 2835/344/13
f 2817/347/9 2834/342/2 2816/345/58
f 2833/346/10 2826/348/13 2832/320/43
f 2817/347/9 2826/348/13 2833/346/10
f 2832/320/43 2826/348/13 2831/318/39
f 2828/322/13 2831/318/39 2826/348/13
f 2816/345/58 2830/343/57 2815/349/7
f 2827/350/13 2828/322/13 2826/348/13
f 2830/343/57 2124/351/59 2815/349/7
f 2124/351/59 2830/343/57 2829/338/10
f 2123/336/15 2124/351/59 2829/338/10
f 2827/350/13 2824/352/2 2828/322/13
f 2828/322/13 2824/352/2 2823/314/39
f 2825/353/60 2827/350/13 2826/348/13
f 2827/350/13 2825/353/60 2824/352/2
f 2826/348/13 2819/354/61 2825/353/60
f 2817/347/9 2819/354/61 2826/348/13
f 2825/353/60 2821/355/10 2824/352/2
f 2821/355/10 2825/353/60 2819/354/61
f 2820/356/62 2823/314/39 2824/352/2
f 2824/352/2 2821/355/10 2820/356/62
f 2823/314/39 2820/356/62 2822/313/56
f 2818/357/30 2821/355/10 2819/354/61
f 2775/358/63 2822/313/56 2820/356/62
f 2775/358/63 2774/315/22 2822/313/56
f 2821/355/10 2781/359/13 2820/356/62
f 2818/357/30 2781/359/13 2821/355/10
f 2781/359/13 2775/358/63 2820/356/62
f 2819/354/61 2806/360/7 2818/357/30
f 2806/360/7 2819/354/61 2817/347/9
f 2818/357/30 2793/361/12 2781/359/13
f 2806/360/7 2793/361/12 2818/357/30
f 2806/360/7 2817/347/9 2814/362/25
f 2816/345/58 2814/362/25 2817/347/9
f 2814/362/25 2816/345/58 2815/349/7
f 2814/362/25 2815/349/7 2807/363/27
f 2807/363/27 2815/349/7 2124/351/59
f 2806/360/7 2814/362/25 2811/364/26
f 2813/365/25 2814/362/25 2807/363/27
f 2813/365/25 2811/364/26 2814/362/25
f 2813/365/25 2807/363/27 2809/366/53
f 2812/367/50 2811/364/26 2813/365/25
f 2812/367/50 2813/365/25 2809/366/53
f 2810/368/51 2811/364/26 2812/367/50
f 2132/369/62 2809/366/53 2807/363/27
f 2810/368/51 2805/370/18 2811/364/26
f 2805/370/18 2806/360/7 2811/364/26
f 2810/368/51 2808/371/64 2805/370/18
f 2132/369/62 2135/372/45 2809/366/53
f 2804/373/49 2805/370/18 2808/371/64
f 2132/369/62 2807/363/27 2128/374/65
f 2128/374/65 2807/363/27 2124/351/59
f 2795/375/5 2806/360/7 2805/370/18
f 2793/361/12 2806/360/7 2795/375/5
f 2804/373/49 2802/376/27 2805/370/18
f 2805/370/18 2802/376/27 2795/375/5
f 2804/373/49 2801/377/49 2802/376/27
f 2804/373/49 2803/378/66 2801/377/49
f 2798/379/53 2801/377/49 2803/378/66
f 2795/375/5 2802/376/27 2796/380/27
f 2802/376/27 2801/377/49 2800/381/25
f 2796/380/27 2802/376/27 2800/381/25
f 2800/381/25 2801/377/49 2799/382/67
f 2798/379/53 2799/382/67 2801/377/49
f 2800/381/25 2799/382/67 2794/383/27
f 2794/383/27 2796/380/27 2800/381/25
f 2798/379/53 2797/384/7 2799/382/67
f 2794/383/27 2799/382/67 2797/384/7
f 2798/379/53 2779/385/25 2797/384/7
f 2779/385/25 2798/379/53 2754/386/68
f 2794/383/27 2797/384/7 2784/387/7
f 2784/387/7 2797/384/7 2779/385/25
f 2794/383/27 2791/388/7 2796/380/27
f 2780/389/30 2784/387/7 2779/385/25
f 2795/375/5 2796/380/27 2792/390/12
f 2792/390/12 2796/380/27 2791/388/7
f 2793/361/12 2795/375/5 2792/390/12
f 2794/383/27 2784/387/7 2785/391/24
f 2794/383/27 2785/391/24 2791/388/7
f 2793/361/12 2792/390/12 2790/392/4
f 2790/392/4 2781/359/13 2793/361/12
f 2791/388/7 2788/393/5 2792/390/12
f 2792/390/12 2788/393/5 2790/392/4
f 2791/388/7 2785/391/24 2786/394/10
f 2791/388/7 2786/394/10 2788/393/5
f 2790/392/4 2788/393/5 2789/395/11
f 2790/392/4 2789/395/11 2781/359/13
f 2787/396/13 2789/395/11 2788/393/5
f 2789/395/11 2787/396/13 2781/359/13
f 2786/394/10 2787/396/13 2788/393/5
f 2787/396/13 2782/397/10 2781/359/13
f 2787/396/13 2786/394/10 2783/398/4
f 2787/396/13 2783/398/4 2782/397/10
f 2778/399/62 2786/394/10 2785/391/24
f 2778/399/62 2783/398/4 2786/394/10
f 2784/387/7 2778/399/62 2785/391/24
f 2778/399/62 2784/387/7 2780/389/30
f 2783/398/4 2777/400/2 2782/397/10
f 2783/398/4 2778/399/62 2777/400/2
f 2776/401/23 2781/359/13 2782/397/10
f 2777/400/2 2776/401/23 2782/397/10
f 2775/358/63 2781/359/13 2776/401/23
f 2778/399/62 2780/389/30 2753/402/59
f 2780/389/30 2779/385/25 2753/402/59
f 2753/402/59 2779/385/25 2754/386/68
f 2777/400/2 2778/399/62 2773/403/39
f 2778/399/62 2753/402/59 2773/403/39
f 2772/404/22 2776/401/23 2777/400/2
f 2777/400/2 2773/403/39 2772/404/22
f 2775/358/63 2776/401/23 2772/404/22
f 2773/403/39 2753/402/59 2751/405/42
f 2772/404/22 2771/406/22 2775/358/63
f 2771/406/22 2774/315/22 2775/358/63
f 2771/406/22 2766/308/16 2774/315/22
f 2773/403/39 2770/407/42 2772/404/22
f 2773/403/39 2751/405/42 2770/407/42
f 2771/406/22 2772/404/22 2769/408/42
f 2770/407/42 2769/408/42 2772/404/22
f 2771/406/22 2767/409/69 2766/308/16
f 2769/408/42 2767/409/69 2771/406/22
f 2770/407/42 2757/410/42 2769/408/42
f 2770/407/42 2751/405/42 2757/410/42
f 2769/408/42 2768/411/70 2767/409/69
f 2769/408/42 2757/410/42 2768/411/70
f 2767/409/69 2768/411/70 2761/412/50
f 2757/410/42 2761/412/50 2768/411/70
f 2767/409/69 2763/413/49 2766/308/16
f 2767/409/69 2761/412/50 2763/413/49
f 2766/308/16 2763/413/49 2765/309/55
f 2763/413/49 2764/414/49 2765/309/55
f 2764/414/49 2763/413/49 2762/415/52
f 2760/416/49 2762/415/52 2763/413/49
f 2761/412/50 2760/416/49 2763/413/49
f 2760/416/49 2759/417/50 2762/415/52
f 2761/412/50 2758/418/49 2760/416/49
f 2757/410/42 2758/418/49 2761/412/50
f 2756/419/66 2759/417/50 2760/416/49
f 2758/418/49 2756/419/66 2760/416/49
f 2754/386/68 2759/417/50 2756/419/66
f 2758/418/49 2757/410/42 2755/420/68
f 2756/419/66 2758/418/49 2755/420/68
f 2755/420/68 2757/410/42 2751/405/42
f 2756/419/66 2752/421/46 2754/386/68
f 2755/420/68 2752/421/46 2756/419/66
f 2755/420/68 2751/405/42 2752/421/46
f 2754/386/68 2752/421/46 2753/402/59
f 2753/402/59 2752/421/46 2751/405/42
f 2749/422/71 2750/423/38 2748/424/72
f 2749/422/71 2748/424/72 2747/425/38
f 2748/424/72 2746/426/39 2747/425/38
f 2747/425/38 2746/426/39 2742/427/47
f 2742/427/47 2746/426/39 2744/428/22
f 2744/428/22 2746/426/39 2745/429/42
f 2744/428/22 2745/429/42 2741/430/42
f 2744/428/22 2743/431/47 2742/427/47
f 2744/428/22 2741/430/42 2743/431/47
f 2742/427/47 2743/431/47 2739/432/21
f 2743/431/47 2741/430/42 2739/432/21
f 2740/433/24 2742/427/47 2739/432/21
f 2739/432/21 2741/430/42 2738/434/73
f 2740/433/24 2739/432/21 2734/435/21
f 2739/432/21 2738/434/73 2736/436/21
f 2739/432/21 2736/436/21 2734/435/21
f 2736/436/21 2738/434/73 2737/437/74
f 2737/437/74 2735/438/21 2736/436/21
f 2736/436/21 2735/438/21 2734/435/21
f 2735/438/21 2733/439/47 2734/435/21
f 2734/435/21 2733/439/47 2729/440/47
f 2729/440/47 2733/439/47 2732/441/51
f 2733/439/47 2731/442/66 2732/441/51
f 2729/440/47 2732/441/51 2730/443/47
f 2731/442/66 2728/444/51 2732/441/51
f 2732/441/51 2728/444/51 2730/443/47
f 2728/444/51 2731/442/66 2727/445/66
f 2729/440/47 2730/443/47 2706/446/49
f 2730/443/47 2728/444/51 2706/446/49
f 2701/447/16 2729/440/47 2706/446/49
f 2725/448/66 2728/444/51 2727/445/66
f 2728/444/51 2725/448/66 2706/446/49
f 2725/448/66 2727/445/66 2726/449/51
f 2725/448/66 2726/449/51 2724/450/51
f 2724/450/51 2726/449/51 2723/451/66
f 2710/452/45 2725/448/66 2724/450/51
f 2706/446/49 2725/448/66 2710/452/45
f 2724/450/51 2723/451/66 2719/453/54
f 2710/452/45 2724/450/51 2719/453/54
f 2722/454/66 2719/453/54 2723/451/66
f 2719/453/54 2722/454/66 2718/455/56
f 2718/455/56 2722/454/66 2721/456/50
f 2718/455/56 2721/456/50 2720/457/56
f 2718/455/56 2720/457/56 2717/458/56
f 2713/459/45 2719/453/54 2718/455/56
f 2713/459/45 2710/452/45 2719/453/54
f 2718/455/56 2717/458/56 2715/460/75
f 2713/459/45 2718/455/56 2715/460/75
f 2715/460/75 2717/458/56 2714/461/53
f 2717/458/56 2716/462/66 2714/461/53
f 2687/463/53 2714/461/53 2716/462/66
f 2713/459/45 2715/460/75 2711/464/52
f 2705/465/53 2715/460/75 2714/461/53
f 2705/465/53 2711/464/52 2715/460/75
f 2714/461/53 2687/463/53 2688/466/49
f 2688/466/49 2705/465/53 2714/461/53
f 2711/464/52 2712/467/50 2713/459/45
f 2710/452/45 2713/459/45 2712/467/50
f 2708/468/50 2712/467/50 2711/464/52
f 2708/468/50 2710/452/45 2712/467/50
f 2707/469/52 2711/464/52 2705/465/53
f 2708/468/50 2711/464/52 2707/469/52
f 2709/470/51 2710/452/45 2708/468/50
f 2706/446/49 2710/452/45 2709/470/51
f 2709/470/51 2708/468/50 2703/471/16
f 2703/471/16 2706/446/49 2709/470/51
f 2695/472/69 2708/468/50 2707/469/52
f 2695/472/69 2703/471/16 2708/468/50
f 2707/469/52 2705/465/53 2694/473/76
f 2695/472/69 2707/469/52 2694/473/76
f 2704/474/16 2706/446/49 2703/471/16
f 2701/447/16 2706/446/49 2704/474/16
f 2694/473/76 2705/465/53 2690/475/53
f 2690/475/53 2705/465/53 2688/466/49
f 2704/474/16 2702/476/16 2701/447/16
f 2697/477/69 2704/474/16 2703/471/16
f 2697/477/69 2702/476/16 2704/474/16
f 2697/477/69 2703/471/16 2695/472/69
f 2702/476/16 2699/478/16 2701/447/16
f 2699/478/16 2702/476/16 2697/477/69
f 2699/478/16 2700/479/3 2701/447/16
f 2698/480/16 2700/479/3 2699/478/16
f 2643/481/31 2700/479/3 2698/480/16
f 2696/482/31 2699/478/16 2697/477/69
f 2647/483/31 2698/480/16 2699/478/16
f 2696/482/31 2647/483/31 2699/478/16
f 2643/481/31 2698/480/16 2647/483/31
f 2692/484/69 2696/482/31 2697/477/69
f 2697/477/69 2695/472/69 2692/484/69
f 2647/483/31 2696/482/31 2648/485/31
f 2648/485/31 2696/482/31 2692/484/69
f 2692/484/69 2695/472/69 2693/486/69
f 2693/486/69 2695/472/69 2691/487/16
f 2691/487/16 2695/472/69 2694/473/76
f 2694/473/76 2690/475/53 2691/487/16
f 2652/488/77 2692/484/69 2693/486/69
f 2652/488/77 2693/486/69 2691/487/16
f 2648/485/31 2692/484/69 2652/488/77
f 2691/487/16 2690/475/53 2689/489/69
f 2665/490/31 2652/488/77 2691/487/16
f 2691/487/16 2689/489/69 2665/490/31
f 2689/489/69 2690/475/53 2669/491/52
f 2690/475/53 2688/466/49 2669/491/52
f 2666/492/78 2665/490/31 2689/489/69
f 2669/491/52 2688/466/49 2684/493/49
f 2666/492/78 2689/489/69 2667/494/31
f 2667/494/31 2689/489/69 2669/491/52
f 2688/466/49 2685/495/46 2684/493/49
f 2688/466/49 2687/463/53 2685/495/46
f 2685/495/46 2687/463/53 2686/496/46
f 2669/491/52 2684/493/49 2670/497/50
f 2685/495/46 2686/496/46 2683/498/79
f 2683/498/79 2686/496/46 2681/499/75
f 2684/493/49 2685/495/46 2682/500/75
f 2685/495/46 2683/498/79 2682/500/75
f 2684/493/49 2682/500/75 2670/497/50
f 2682/500/75 2683/498/79 2679/501/51
f 2683/498/79 2681/499/75 2679/501/51
f 2682/500/75 2679/501/51 2670/497/50
f 2679/501/51 2681/499/75 2677/502/53
f 2681/499/75 2680/503/49 2677/502/53
f 2670/497/50 2679/501/51 2671/504/50
f 2677/502/53 2680/503/49 2674/505/52
f 2680/503/49 2678/506/51 2674/505/52
f 2676/507/52 2679/501/51 2677/502/53
f 2679/501/51 2676/507/52 2671/504/50
f 2674/505/52 2678/506/51 2531/508/51
f 2676/507/52 2677/502/53 2675/509/51
f 2677/502/53 2674/505/52 2675/509/51
f 2672/510/66 2676/507/52 2675/509/51
f 2671/504/50 2676/507/52 2672/510/66
f 2675/509/51 2674/505/52 2673/511/53
f 2672/510/66 2675/509/51 2673/511/53
f 2674/505/52 2531/508/51 2673/511/53
f 2673/511/53 2534/512/50 2672/510/66
f 2673/511/53 2531/508/51 2534/512/50
f 2671/504/50 2672/510/66 2664/513/49
f 2664/513/49 2672/510/66 2534/512/50
f 2670/497/50 2671/504/50 2668/514/50
f 2668/514/50 2671/504/50 2664/513/49
f 2669/491/52 2670/497/50 2668/514/50
f 2667/494/31 2669/491/52 2668/514/50
f 2661/515/18 2667/494/31 2668/514/50
f 2661/515/18 2668/514/50 2664/513/49
f 2658/516/8 2667/494/31 2661/515/18
f 2666/492/78 2667/494/31 2658/516/8
f 2661/515/18 2664/513/49 2662/517/8
f 2657/518/18 2666/492/78 2658/516/8
f 2664/513/49 2663/519/21 2662/517/8
f 2653/520/33 2666/492/78 2657/518/18
f 2653/520/33 2665/490/31 2666/492/78
f 2652/488/77 2665/490/31 2653/520/33
f 2664/513/49 2538/521/50 2663/519/21
f 2664/513/49 2534/512/50 2538/521/50
f 2662/517/8 2663/519/21 2539/522/47
f 2539/522/47 2663/519/21 2538/521/50
f 2661/515/18 2662/517/8 2659/523/18
f 2659/523/18 2662/517/8 2539/522/47
f 2660/524/8 2661/515/18 2659/523/18
f 2658/516/8 2661/515/18 2660/524/8
f 2660/524/8 2659/523/18 2656/525/69
f 2658/516/8 2660/524/8 2656/525/69
f 2659/523/18 2539/522/47 2540/526/16
f 2656/525/69 2659/523/18 2540/526/16
f 2655/527/69 2658/516/8 2656/525/69
f 2655/527/69 2657/518/18 2658/516/8
f 2653/520/33 2657/518/18 2655/527/69
f 2655/527/69 2656/525/69 2547/528/16
f 2547/528/16 2656/525/69 2540/526/16
f 2654/529/31 2653/520/33 2655/527/69
f 2654/529/31 2655/527/69 2562/530/18
f 2562/530/18 2655/527/69 2547/528/16
f 2654/529/31 2650/531/69 2653/520/33
f 2566/532/18 2654/529/31 2562/530/18
f 2566/532/18 2650/531/69 2654/529/31
f 2653/520/33 2650/531/69 2651/533/18
f 2653/520/33 2651/533/18 2652/488/77
f 2566/532/18 2567/534/16 2650/531/69
f 2651/533/18 2649/535/16 2652/488/77
f 2649/535/16 2648/485/31 2652/488/77
f 2650/531/69 2576/536/12 2651/533/18
f 2651/533/18 2576/536/12 2649/535/16
f 2567/534/16 2576/536/12 2650/531/69
f 2645/537/31 2648/485/31 2649/535/16
f 2645/537/31 2649/535/16 2576/536/12
f 2646/538/21 2648/485/31 2645/537/31
f 2646/538/21 2647/483/31 2648/485/31
f 2576/536/12 2577/539/16 2645/537/31
f 2646/538/21 2644/540/31 2647/483/31
f 2644/540/31 2643/481/31 2647/483/31
f 2581/541/16 2646/538/21 2645/537/31
f 2581/541/16 2644/540/31 2646/538/21
f 2645/537/31 2577/539/16 2581/541/16
f 2644/540/31 2641/542/16 2643/481/31
f 2581/541/16 2641/542/16 2644/540/31
f 2638/543/21 2643/481/31 2641/542/16
f 2638/543/21 2642/544/38 2643/481/31
f 2638/543/21 2640/545/71 2642/544/38
f 2634/546/31 2641/542/16 2581/541/16
f 2634/546/31 2638/543/21 2641/542/16
f 2639/547/16 2640/545/71 2638/543/21
f 2639/547/16 2637/548/22 2640/545/71
f 2633/549/31 2639/547/16 2638/543/21
f 2633/549/31 2637/548/22 2639/547/16
f 2634/546/31 2633/549/31 2638/543/21
f 2636/550/43 2637/548/22 2633/549/31
f 2636/550/43 2635/551/43 2637/548/22
f 2635/551/43 2636/550/43 2632/552/39
f 2633/549/31 2632/552/39 2636/550/43
f 2631/553/43 2635/551/43 2632/552/39
f 2582/554/31 2633/549/31 2634/546/31
f 2582/554/31 2634/546/31 2581/541/16
f 2628/555/31 2632/552/39 2633/549/31
f 2582/554/31 2628/555/31 2633/549/31
f 2629/556/69 2631/553/43 2632/552/39
f 2629/556/69 2632/552/39 2628/555/31
f 2626/557/47 2631/553/43 2629/556/69
f 2626/557/47 2630/558/38 2631/553/43
f 2627/559/39 2630/558/38 2626/557/47
f 2584/560/21 2629/556/69 2628/555/31
f 2626/557/47 2629/556/69 2584/560/21
f 2582/554/31 2584/560/21 2628/555/31
f 2625/561/22 2627/559/39 2626/557/47
f 2623/562/38 2627/559/39 2625/561/22
f 2587/563/47 2626/557/47 2584/560/21
f 2587/563/47 2625/561/22 2626/557/47
f 2624/564/29 2623/562/38 2625/561/22
f 2622/565/31 2624/564/29 2625/561/22
f 2622/565/31 2625/561/22 2587/563/47
f 2621/566/31 2623/562/38 2624/564/29
f 2621/566/31 2624/564/29 2622/565/31
f 2621/566/31 2620/567/4 2623/562/38
f 2621/566/31 2622/565/31 2591/568/47
f 2591/568/47 2622/565/31 2587/563/47
f 2620/567/4 2621/566/31 2595/569/16
f 2591/568/47 2595/569/16 2621/566/31
f 2613/570/15 2620/567/4 2595/569/16
f 2613/570/15 2619/571/11 2620/567/4
f 2613/570/15 2618/572/11 2619/571/11
f 2617/573/11 2618/572/11 2613/570/15
f 2616/574/4 2618/572/11 2617/573/11
f 2617/573/11 2611/575/9 2616/574/4
f 2611/575/9 2617/573/11 2613/570/15
f 2611/575/9 2615/576/4 2616/574/4
f 2611/575/9 2614/577/11 2615/576/4
f 2613/570/15 2595/569/16 2596/578/33
f 2614/577/11 2611/575/9 2609/579/5
f 2609/579/5 2610/580/4 2614/577/11
f 2612/581/18 2611/575/9 2613/570/15
f 2612/581/18 2613/570/15 2596/578/33
f 2611/575/9 2612/581/18 2598/582/8
f 2612/581/18 2596/578/33 2598/582/8
f 2609/579/5 2611/575/9 2605/583/12
f 2598/582/8 2605/583/12 2611/575/9
f 2607/584/8 2610/580/4 2609/579/5
f 2608/585/10 2610/580/4 2607/584/8
f 2606/586/8 2609/579/5 2605/583/12
f 2606/586/8 2607/584/8 2609/579/5
f 2600/587/5 2608/585/10 2607/584/8
f 2424/588/19 2608/585/10 2600/587/5
f 2602/589/12 2607/584/8 2606/586/8
f 2602/589/12 2600/587/5 2607/584/8
f 2604/590/16 2606/586/8 2605/583/12
f 2602/589/12 2606/586/8 2604/590/16
f 2604/590/16 2605/583/12 2603/591/16
f 2603/591/16 2605/583/12 2598/582/8
f 2601/592/69 2602/589/12 2604/590/16
f 2604/590/16 2603/591/16 2599/593/31
f 2601/592/69 2604/590/16 2599/593/31
f 2599/593/31 2603/591/16 2598/582/8
f 2418/594/8 2602/589/12 2601/592/69
f 2418/594/8 2600/587/5 2602/589/12
f 2599/593/31 2415/595/31 2601/592/69
f 2415/595/31 2418/594/8 2601/592/69
f 2597/596/80 2599/593/31 2598/582/8
f 2421/597/8 2600/587/5 2418/594/8
f 2421/597/8 2424/588/19 2600/587/5
f 2555/598/16 2599/593/31 2597/596/80
f 2555/598/16 2415/595/31 2599/593/31
f 2597/596/80 2598/582/8 2593/599/69
f 2598/582/8 2596/578/33 2593/599/69
f 2555/598/16 2597/596/80 2556/600/12
f 2556/600/12 2597/596/80 2593/599/69
f 2593/599/69 2596/578/33 2594/601/31
f 2596/578/33 2595/569/16 2594/601/31
f 2595/569/16 2591/568/47 2594/601/31
f 2593/599/69 2594/601/31 2592/602/16
f 2594/601/31 2591/568/47 2589/603/69
f 2592/602/16 2594/601/31 2589/603/69
f 2588/604/12 2593/599/69 2592/602/16
f 2588/604/12 2556/600/12 2593/599/69
f 2592/602/16 2589/603/69 2590/605/8
f 2588/604/12 2592/602/16 2590/605/8
f 2589/603/69 2591/568/47 2586/606/69
f 2586/606/69 2591/568/47 2587/563/47
f 2590/605/8 2589/603/69 2563/607/18
f 2588/604/12 2590/605/8 2563/607/18
f 2563/607/18 2589/603/69 2586/606/69
f 2556/600/12 2588/604/12 2557/608/81
f 2557/608/81 2588/604/12 2563/607/18
f 2586/606/69 2587/563/47 2585/609/18
f 2585/609/18 2587/563/47 2584/560/21
f 2563/607/18 2586/606/69 2571/610/16
f 2571/610/16 2586/606/69 2585/609/18
f 2585/609/18 2584/560/21 2583/611/82
f 2571/610/16 2585/609/18 2583/611/82
f 2583/611/82 2584/560/21 2582/554/31
f 2571/610/16 2583/611/82 2580/612/16
f 2580/612/16 2583/611/82 2582/554/31
f 2564/613/18 2563/607/18 2571/610/16
f 2578/614/31 2580/612/16 2582/554/31
f 2573/615/69 2571/610/16 2580/612/16
f 2578/614/31 2582/554/31 2579/616/16
f 2582/554/31 2581/541/16 2579/616/16
f 2579/616/16 2581/541/16 2577/539/16
f 2580/612/16 2578/614/31 2575/617/31
f 2573/615/69 2580/612/16 2575/617/31
f 2574/618/16 2578/614/31 2579/616/16
f 2579/616/16 2577/539/16 2574/618/16
f 2575/617/31 2578/614/31 2574/618/16
f 2574/618/16 2577/539/16 2576/536/12
f 2574/618/16 2576/536/12 2567/534/16
f 2573/615/69 2575/617/31 2572/619/83
f 2568/620/16 2575/617/31 2574/618/16
f 2572/619/83 2575/617/31 2568/620/16
f 2568/620/16 2574/618/16 2567/534/16
f 2572/619/83 2570/621/84 2573/615/69
f 2570/621/84 2571/610/16 2573/615/69
f 2570/621/84 2572/619/83 2568/620/16
f 2570/621/84 2564/613/18 2571/610/16
f 2569/622/18 2570/621/84 2568/620/16
f 2564/613/18 2570/621/84 2569/622/18
f 2565/623/8 2569/622/18 2568/620/16
f 2564/613/18 2569/622/18 2565/623/8
f 2560/624/69 2568/620/16 2567/534/16
f 2565/623/8 2568/620/16 2560/624/69
f 2560/624/69 2567/534/16 2566/532/18
f 2566/532/18 2562/530/18 2560/624/69
f 2554/625/8 2564/613/18 2565/623/8
f 2554/625/8 2565/623/8 2560/624/69
f 2554/625/8 2563/607/18 2564/613/18
f 2554/625/8 2557/608/81 2563/607/18
f 2560/624/69 2562/530/18 2561/626/18
f 2561/626/18 2562/530/18 2547/528/16
f 2558/627/69 2560/624/69 2561/626/18
f 2561/626/18 2547/528/16 2548/628/69
f 2558/627/69 2561/626/18 2548/628/69
f 2559/629/16 2560/624/69 2558/627/69
f 2554/625/8 2560/624/69 2559/629/16
f 2551/630/12 2559/629/16 2558/627/69
f 2551/630/12 2554/625/8 2559/629/16
f 2558/627/69 2548/628/69 2551/630/12
f 2553/631/8 2557/608/81 2554/625/8
f 2553/631/8 2556/600/12 2557/608/81
f 2555/598/16 2556/600/12 2553/631/8
f 2554/625/8 2551/630/12 2550/632/8
f 2553/631/8 2552/633/16 2555/598/16
f 2552/633/16 2415/595/31 2555/598/16
f 2470/634/12 2553/631/8 2554/625/8
f 2470/634/12 2554/625/8 2550/632/8
f 2553/631/8 2414/635/8 2552/633/16
f 2470/634/12 2414/635/8 2553/631/8
f 2414/635/8 2415/595/31 2552/633/16
f 2550/632/8 2551/630/12 2549/636/31
f 2551/630/12 2548/628/69 2549/636/31
f 2470/634/12 2550/632/8 2471/637/8
f 2550/632/8 2549/636/31 2542/638/85
f 2550/632/8 2542/638/85 2471/637/8
f 2549/636/31 2548/628/69 2544/639/16
f 2549/636/31 2544/639/16 2542/638/85
f 2548/628/69 2545/640/12 2544/639/16
f 2548/628/69 2547/528/16 2545/640/12
f 2544/639/16 2541/641/12 2542/638/85
f 2547/528/16 2546/642/8 2545/640/12
f 2547/528/16 2540/526/16 2546/642/8
f 2546/642/8 2543/643/52 2545/640/12
f 2546/642/8 2540/526/16 2543/643/52
f 2544/639/16 2545/640/12 2491/644/18
f 2545/640/12 2543/643/52 2491/644/18
f 2544/639/16 2491/644/18 2541/641/12
f 2543/643/52 2540/526/16 2493/645/31
f 2543/643/52 2493/645/31 2491/644/18
f 2542/638/85 2541/641/12 2473/646/31
f 2542/638/85 2473/646/31 2471/637/8
f 2541/641/12 2491/644/18 2486/647/31
f 2473/646/31 2541/641/12 2486/647/31
f 2540/526/16 2537/648/31 2493/645/31
f 2539/522/47 2537/648/31 2540/526/16
f 2537/648/31 2539/522/47 2536/649/69
f 2539/522/47 2538/521/50 2536/649/69
f 2493/645/31 2537/648/31 2498/650/16
f 2536/649/69 2538/521/50 2535/651/49
f 2538/521/50 2534/512/50 2535/651/49
f 2537/648/31 2536/649/69 2522/652/69
f 2537/648/31 2522/652/69 2498/650/16
f 2536/649/69 2535/651/49 2523/653/69
f 2536/649/69 2523/653/69 2522/652/69
f 2534/512/50 2533/654/66 2535/651/49
f 2498/650/16 2522/652/69 2499/655/18
f 2535/651/49 2533/654/66 2525/656/53
f 2535/651/49 2525/656/53 2523/653/69
f 2534/512/50 2532/657/52 2533/654/66
f 2534/512/50 2531/508/51 2532/657/52
f 2533/654/66 2532/657/52 2528/658/52
f 2533/654/66 2528/658/52 2525/656/53
f 2532/657/52 2531/508/51 2530/659/53
f 2532/657/52 2530/659/53 2528/658/52
f 2531/508/51 2529/660/51 2530/659/53
f 2530/659/53 2529/660/51 2527/661/24
f 2530/659/53 2527/661/24 2528/658/52
f 2527/661/24 2529/660/51 2526/662/86
f 2525/656/53 2528/658/52 2520/663/25
f 2528/658/52 2527/661/24 2520/663/25
f 2527/661/24 2526/662/86 2524/664/24
f 2520/663/25 2527/661/24 2524/664/24
f 2526/662/86 2518/665/24 2524/664/24
f 2521/666/7 2525/656/53 2520/663/25
f 2523/653/69 2525/656/53 2521/666/7
f 2524/664/24 2518/665/24 2517/667/25
f 2517/667/25 2520/663/25 2524/664/24
f 2523/653/69 2521/666/7 2500/668/31
f 2523/653/69 2500/668/31 2522/652/69
f 2522/652/69 2500/668/31 2499/655/18
f 2521/666/7 2520/663/25 2519/669/26
f 2500/668/31 2521/666/7 2519/669/26
f 2519/669/26 2520/663/25 2505/670/27
f 2520/663/25 2517/667/25 2505/670/27
f 2503/671/27 2500/668/31 2519/669/26
f 2503/671/27 2519/669/26 2505/670/27
f 2517/667/25 2518/665/24 2516/672/7
f 2516/672/7 2518/665/24 2515/673/25
f 2505/670/27 2517/667/25 2506/674/3
f 2517/667/25 2516/672/7 2506/674/3
f 2516/672/7 2515/673/25 2512/675/7
f 2506/674/3 2516/672/7 2512/675/7
f 2515/673/25 2511/676/7 2512/675/7
f 2515/673/25 2514/677/26 2511/676/7
f 2514/677/26 2513/678/3 2511/676/7
f 2506/674/3 2512/675/7 2507/679/27
f 2511/676/7 2513/678/3 2510/680/27
f 2510/680/27 2513/678/3 2457/681/65
f 2509/682/24 2512/675/7 2511/676/7
f 2507/679/27 2512/675/7 2509/682/24
f 2511/676/7 2510/680/27 2463/683/24
f 2509/682/24 2511/676/7 2464/684/26
f 2464/684/26 2511/676/7 2463/683/24
f 2508/685/7 2507/679/27 2509/682/24
f 2463/683/24 2510/680/27 2459/686/26
f 2457/681/65 2459/686/26 2510/680/27
f 2469/687/12 2508/685/7 2509/682/24
f 2509/682/24 2464/684/26 2469/687/12
f 2472/688/87 2507/679/27 2508/685/7
f 2472/688/87 2508/685/7 2469/687/12
f 2504/689/26 2506/674/3 2507/679/27
f 2472/688/87 2504/689/26 2507/679/27
f 2505/670/27 2506/674/3 2504/689/26
f 2505/670/27 2504/689/26 2502/690/88
f 2503/671/27 2505/670/27 2502/690/88
f 2502/690/88 2504/689/26 2501/691/7
f 2472/688/87 2501/691/7 2504/689/26
f 2497/692/69 2503/671/27 2502/690/88
f 2500/668/31 2503/671/27 2497/692/69
f 2483/693/18 2502/690/88 2501/691/7
f 2497/692/69 2502/690/88 2483/693/18
f 2483/693/18 2501/691/7 2472/688/87
f 2496/694/31 2500/668/31 2497/692/69
f 2499/655/18 2500/668/31 2496/694/31
f 2484/695/69 2497/692/69 2483/693/18
f 2495/696/8 2499/655/18 2496/694/31
f 2498/650/16 2499/655/18 2495/696/8
f 2493/645/31 2498/650/16 2495/696/8
f 2489/697/21 2496/694/31 2497/692/69
f 2489/697/21 2497/692/69 2484/695/69
f 2494/698/47 2495/696/8 2496/694/31
f 2489/697/21 2494/698/47 2496/694/31
f 2495/696/8 2492/699/29 2493/645/31
f 2492/699/29 2495/696/8 2494/698/47
f 2492/699/29 2494/698/47 2489/697/21
f 2491/644/18 2493/645/31 2492/699/29
f 2490/700/47 2492/699/29 2489/697/21
f 2491/644/18 2492/699/29 2490/700/47
f 2491/644/18 2490/700/47 2488/701/31
f 2486/647/31 2491/644/18 2488/701/31
f 2487/702/31 2490/700/47 2489/697/21
f 2488/701/31 2490/700/47 2487/702/31
f 2487/702/31 2489/697/21 2482/703/69
f 2489/697/21 2484/695/69 2482/703/69
f 2488/701/31 2487/702/31 2485/704/21
f 2486/647/31 2488/701/31 2485/704/21
f 2487/702/31 2482/703/69 2485/704/21
f 2486/647/31 2485/704/21 2477/705/16
f 2473/646/31 2486/647/31 2477/705/16
f 2485/704/21 2482/703/69 2478/706/21
f 2485/704/21 2478/706/21 2477/705/16
f 2482/703/69 2484/695/69 2481/707/18
f 2484/695/69 2483/693/18 2481/707/18
f 2483/693/18 2472/688/87 2481/707/18
f 2482/703/69 2481/707/18 2480/708/89
f 2478/706/21 2482/703/69 2480/708/89
f 2474/709/12 2481/707/18 2472/688/87
f 2481/707/18 2474/709/12 2480/708/89
f 2478/706/21 2480/708/89 2479/710/18
f 2480/708/89 2474/709/12 2479/710/18
f 2478/706/21 2479/710/18 2475/711/8
f 2479/710/18 2474/709/12 2475/711/8
f 2477/705/16 2478/706/21 2476/712/69
f 2476/712/69 2478/706/21 2475/711/8
f 2465/713/16 2477/705/16 2476/712/69
f 2477/705/16 2465/713/16 2473/646/31
f 2476/712/69 2475/711/8 2466/714/69
f 2465/713/16 2476/712/69 2466/714/69
f 2475/711/8 2474/709/12 2467/715/18
f 2475/711/8 2467/715/18 2466/714/69
f 2474/709/12 2472/688/87 2467/715/18
f 2473/646/31 2465/713/16 2462/716/18
f 2471/637/8 2473/646/31 2462/716/18
f 2472/688/87 2468/717/31 2467/715/18
f 2472/688/87 2469/687/12 2468/717/31
f 2471/637/8 2462/716/18 2412/718/18
f 2470/634/12 2471/637/8 2412/718/18
f 2414/635/8 2470/634/12 2412/718/18
f 2468/717/31 2469/687/12 2389/719/69
f 2389/719/69 2469/687/12 2464/684/26
f 2467/715/18 2468/717/31 2390/720/31
f 2468/717/31 2389/719/69 2390/720/31
f 2394/721/31 2467/715/18 2390/720/31
f 2466/714/69 2467/715/18 2394/721/31
f 2389/719/69 2464/684/26 2447/722/12
f 2466/714/69 2394/721/31 2397/723/69
f 2465/713/16 2466/714/69 2397/723/69
f 2465/713/16 2397/723/69 2462/716/18
f 2464/684/26 2461/724/27 2447/722/12
f 2464/684/26 2463/683/24 2461/724/27
f 2462/716/18 2397/723/69 2398/725/69
f 2463/683/24 2460/726/25 2461/724/27
f 2463/683/24 2459/686/26 2460/726/25
f 2399/727/8 2462/716/18 2398/725/69
f 2462/716/18 2399/727/8 2412/718/18
f 2448/728/37 2461/724/27 2460/726/25
f 2447/722/12 2461/724/27 2448/728/37
f 2460/726/25 2459/686/26 2458/729/26
f 2460/726/25 2458/729/26 2448/728/37
f 2459/686/26 2453/730/62 2458/729/26
f 2459/686/26 2457/681/65 2453/730/62
f 2458/729/26 2451/731/59 2448/728/37
f 2458/729/26 2453/730/62 2451/731/59
f 2453/730/62 2457/681/65 2454/732/36
f 2457/681/65 2456/733/90 2454/732/36
f 2456/733/90 2455/734/30 2454/732/36
f 2455/734/30 2452/735/30 2454/732/36
f 2453/730/62 2454/732/36 2450/736/30
f 2454/732/36 2452/735/30 2450/736/30
f 2453/730/62 2450/736/30 2451/731/59
f 2450/736/30 2452/735/30 2449/737/36
f 2451/731/59 2450/736/30 2439/738/36
f 2448/728/37 2451/731/59 2439/738/36
f 2450/736/30 2449/737/36 2445/739/24
f 2439/738/36 2450/736/30 2445/739/24
f 2445/739/24 2449/737/36 2446/740/24
f 2385/741/12 2448/728/37 2439/738/36
f 2447/722/12 2448/728/37 2385/741/12
f 2389/719/69 2447/722/12 2385/741/12
f 2445/739/24 2446/740/24 2442/742/7
f 2446/740/24 2444/743/3 2442/742/7
f 2439/738/36 2445/739/24 2440/744/24
f 2445/739/24 2442/742/7 2440/744/24
f 2444/743/3 2443/745/24 2442/742/7
f 2443/745/24 2444/743/3 2438/746/30
f 2442/742/7 2443/745/24 2441/747/7
f 2441/747/7 2443/745/24 2438/746/30
f 2442/742/7 2441/747/7 2440/744/24
f 2441/747/7 2438/746/30 2436/748/8
f 2440/744/24 2441/747/7 2436/748/8
f 2439/738/36 2440/744/24 2384/749/12
f 2384/749/12 2440/744/24 2436/748/8
f 2385/741/12 2439/738/36 2384/749/12
f 2435/750/9 2436/748/8 2438/746/30
f 2435/750/9 2438/746/30 2437/751/11
f 2437/751/11 2434/752/11 2435/750/9
f 2430/753/12 2436/748/8 2435/750/9
f 2384/749/12 2436/748/8 2430/753/12
f 2435/750/9 2434/752/11 2433/754/9
f 2430/753/12 2435/750/9 2433/754/9
f 2433/754/9 2434/752/11 2432/755/19
f 2433/754/9 2432/755/19 2429/756/12
f 2430/753/12 2433/754/9 2429/756/12
f 2429/756/12 2432/755/19 2431/757/11
f 2431/757/11 2428/758/10 2429/756/12
f 2380/759/12 2384/749/12 2430/753/12
f 2430/753/12 2429/756/12 2377/760/9
f 2380/759/12 2430/753/12 2377/760/9
f 2422/761/15 2429/756/12 2428/758/10
f 2377/760/9 2429/756/12 2420/762/82
f 2429/756/12 2422/761/15 2420/762/82
f 2422/761/15 2428/758/10 2426/763/15
f 2426/763/15 2428/758/10 2427/764/10
f 2426/763/15 2427/764/10 2425/765/15
f 2426/763/15 2425/765/15 2423/766/18
f 2423/766/18 2422/761/15 2426/763/15
f 2423/766/18 2425/765/15 2424/588/19
f 2423/766/18 2424/588/19 2421/597/8
f 2422/761/15 2423/766/18 2421/597/8
f 2420/762/82 2422/761/15 2421/597/8
f 2420/762/82 2421/597/8 2419/767/8
f 2419/767/8 2421/597/8 2417/768/8
f 2417/768/8 2421/597/8 2418/594/8
f 2419/767/8 2376/769/31 2420/762/82
f 2376/769/31 2377/760/9 2420/762/82
f 2416/770/16 2419/767/8 2417/768/8
f 2416/770/16 2376/769/31 2419/767/8
f 2413/771/18 2417/768/8 2418/594/8
f 2415/595/31 2413/771/18 2418/594/8
f 2409/772/31 2416/770/16 2417/768/8
f 2413/771/18 2409/772/31 2417/768/8
f 2408/773/16 2376/769/31 2416/770/16
f 2409/772/31 2408/773/16 2416/770/16
f 2411/774/18 2413/771/18 2415/595/31
f 2414/635/8 2411/774/18 2415/595/31
f 2414/635/8 2412/718/18 2411/774/18
f 2410/775/12 2409/772/31 2413/771/18
f 2410/775/12 2413/771/18 2411/774/18
f 2412/718/18 2400/776/31 2411/774/18
f 2399/727/8 2400/776/31 2412/718/18
f 2403/777/16 2410/775/12 2411/774/18
f 2400/776/31 2403/777/16 2411/774/18
f 2410/775/12 2406/778/69 2409/772/31
f 2410/775/12 2403/777/16 2406/778/69
f 2406/778/69 2407/779/29 2409/772/31
f 2409/772/31 2407/779/29 2408/773/16
f 2403/777/16 2402/780/69 2406/778/69
f 2407/779/29 2404/781/31 2408/773/16
f 2408/773/16 2404/781/31 2376/769/31
f 2406/778/69 2405/782/16 2407/779/29
f 2405/782/16 2404/781/31 2407/779/29
f 2402/780/69 2405/782/16 2406/778/69
f 2405/782/16 2388/783/69 2404/781/31
f 2402/780/69 2388/783/69 2405/782/16
f 2404/781/31 2379/784/16 2376/769/31
f 2388/783/69 2379/784/16 2404/781/31
f 2401/785/31 2402/780/69 2403/777/16
f 2400/776/31 2401/785/31 2403/777/16
f 2401/785/31 2391/786/16 2402/780/69
f 2391/786/16 2388/783/69 2402/780/69
f 2400/776/31 2396/787/16 2401/785/31
f 2396/787/16 2391/786/16 2401/785/31
f 2396/787/16 2400/776/31 2399/727/8
f 2399/727/8 2398/725/69 2396/787/16
f 2398/725/69 2397/723/69 2396/787/16
f 2397/723/69 2395/788/47 2396/787/16
f 2397/723/69 2394/721/31 2395/788/47
f 2396/787/16 2393/789/47 2391/786/16
f 2395/788/47 2393/789/47 2396/787/16
f 2395/788/47 2394/721/31 2392/790/47
f 2395/788/47 2392/790/47 2393/789/47
f 2394/721/31 2390/720/31 2392/790/47
f 2391/786/16 2393/789/47 2386/791/16
f 2392/790/47 2386/791/16 2393/789/47
f 2392/790/47 2390/720/31 2386/791/16
f 2391/786/16 2386/791/16 2388/783/69
f 2390/720/31 2387/792/18 2386/791/16
f 2390/720/31 2389/719/69 2387/792/18
f 2387/792/18 2389/719/69 2385/741/12
f 2388/783/69 2386/791/16 2382/793/69
f 2388/783/69 2382/793/69 2379/784/16
f 2386/791/16 2387/792/18 2383/794/18
f 2383/794/18 2387/792/18 2385/741/12
f 2386/791/16 2383/794/18 2382/793/69
f 2385/741/12 2384/749/12 2383/794/18
f 2383/794/18 2384/749/12 2380/759/12
f 2382/793/69 2383/794/18 2381/795/8
f 2383/794/18 2380/759/12 2381/795/8
f 2382/793/69 2381/795/8 2379/784/16
f 2381/795/8 2380/759/12 2378/796/5
f 2379/784/16 2381/795/8 2378/796/5
f 2380/759/12 2377/760/9 2378/796/5
f 2379/784/16 2378/796/5 2376/769/31
f 2378/796/5 2377/760/9 2376/769/31
f 2375/797/21 2373/798/75 2374/799/47
f 2371/800/43 2374/799/47 2373/798/75
f 2373/798/75 2372/801/45 2371/800/43
f 2372/801/45 2369/802/43 2371/800/43
f 2368/803/38 2369/802/43 2372/801/45
f 2370/804/38 2368/803/38 2372/801/45
f 2369/802/43 1020/805/38 2371/800/43
f 1025/806/39 2371/800/43 1020/805/38
f 2368/803/38 2370/804/38 2367/807/23
f 2366/808/21 2367/807/23 2370/804/38
f 1017/809/22 2369/802/43 2368/803/38
f 1017/809/22 1020/805/38 2369/802/43
f 2368/803/38 2367/807/23 184/810/91
f 1017/809/22 2368/803/38 184/810/91
f 2367/807/23 2366/808/21 183/811/42
f 184/810/91 2367/807/23 183/811/42
f 2363/812/66 183/811/42 2366/808/21
f 2365/813/51 2363/812/66 2366/808/21
f 2363/812/66 2365/813/51 2364/814/24
f 2360/815/66 2363/812/66 2364/814/24
f 2362/816/13 2360/815/66 2364/814/24
f 2363/812/66 180/817/49 183/811/42
f 180/817/49 2363/812/66 2360/815/66
f 2360/815/66 2362/816/13 2357/818/50
f 2361/819/79 2357/818/50 2362/816/13
f 2357/818/50 2361/819/79 2359/820/52
f 180/817/49 2360/815/66 2355/821/53
f 2360/815/66 2357/818/50 2355/821/53
f 2357/818/50 2359/820/52 2356/822/52
f 2359/820/52 2358/823/66 2356/822/52
f 2355/821/53 2357/818/50 2353/824/52
f 2356/822/52 2358/823/66 2350/825/66
f 2352/826/53 2350/825/66 2358/823/66
f 2357/818/50 2356/822/52 169/827/50
f 2353/824/52 2357/818/50 169/827/50
f 2350/825/66 169/827/50 2356/822/52
f 2355/821/53 2353/824/52 2354/828/53
f 2354/828/53 180/817/49 2355/821/53
f 175/829/51 2354/828/53 2353/824/52
f 180/817/49 2354/828/53 175/829/51
f 169/827/50 175/829/51 2353/824/52
f 2350/825/66 2352/826/53 2351/830/53
f 2352/826/53 2349/831/24 2351/830/53
f 2350/825/66 2351/830/53 2324/832/68
f 2351/830/53 2349/831/24 2324/832/68
f 169/827/50 2350/825/66 2316/833/49
f 2316/833/49 2350/825/66 2324/832/68
f 2349/831/24 2345/834/25 2324/832/68
f 2348/835/7 2345/834/25 2349/831/24
f 2347/836/26 2345/834/25 2348/835/7
f 2346/837/24 2347/836/26 2348/835/7
f 2346/837/24 2344/838/92 2347/836/26
f 2344/838/92 2345/834/25 2347/836/26
f 2346/837/24 2338/839/9 2344/838/92
f 2345/834/25 2344/838/92 2331/840/36
f 2331/840/36 2324/832/68 2345/834/25
f 2338/839/9 2335/841/59 2344/838/92
f 2343/842/65 2331/840/36 2344/838/92
f 2335/841/59 2343/842/65 2344/838/92
f 2331/840/36 2343/842/65 2339/843/36
f 2341/844/62 2343/842/65 2335/841/59
f 2340/845/24 2342/846/8 2341/844/62
f 2341/844/62 2335/841/59 2340/845/24
f 2340/845/24 2335/841/59 2337/847/21
f 2331/840/36 2339/843/36 2318/848/75
f 2339/843/36 2314/849/13 2318/848/75
f 2336/850/2 2338/839/9 2337/847/21
f 2336/850/2 2335/841/59 2338/839/9
f 2332/851/24 2336/850/2 2337/847/21
f 2333/852/36 2335/841/59 2336/850/2
f 2333/852/36 2336/850/2 2332/851/24
f 2337/847/21 2335/841/59 2334/851/79
f 2334/851/79 2332/851/24 2337/847/21
f 2334/851/79 2335/841/59 2333/852/36
f 2334/851/79 2333/852/36 2332/851/24
f 2330/853/45 2331/840/36 2318/848/75
f 2331/840/36 2330/853/45 2324/832/68
f 2330/853/45 2318/848/75 2328/854/53
f 2330/853/45 2329/855/93 2324/832/68
f 2329/855/93 2330/853/45 2328/854/53
f 2324/832/68 2329/855/93 2327/856/39
f 2328/854/53 2323/857/31 2329/855/93
f 2327/856/39 2329/855/93 2323/857/31
f 2324/832/68 2327/856/39 2326/858/36
f 2321/859/5 2323/857/31 2328/854/53
f 2318/848/75 2321/859/5 2328/854/53
f 2326/858/36 2327/856/39 2325/860/12
f 2327/856/39 2323/857/31 2325/860/12
f 2326/858/36 2319/861/62 2324/832/68
f 2326/858/36 2325/860/12 2319/861/62
f 2319/861/62 2325/860/12 2323/857/31
f 2316/833/49 2324/832/68 2319/861/62
f 2321/859/5 2322/862/13 2323/857/31
f 2319/861/62 2323/857/31 2322/862/13
f 2321/859/5 2320/863/26 2322/862/13
f 2320/863/26 2319/861/62 2322/862/13
f 2320/863/26 2321/859/5 2318/848/75
f 2320/863/26 2318/848/75 2319/861/62
f 2317/864/75 2319/861/62 2318/848/75
f 2316/833/49 2319/861/62 2317/864/75
f 2318/848/75 2315/865/46 2317/864/75
f 2314/849/13 2315/865/46 2318/848/75
f 2316/833/49 2317/864/75 174/866/51
f 174/866/51 2317/864/75 2315/865/46
f 2315/865/46 2314/849/13 198/867/42
f 2316/833/49 174/866/51 168/868/31
f 168/868/31 169/827/50 2316/833/49
f 196/869/45 2315/865/46 198/867/42
f 174/866/51 2315/865/46 196/869/45
f 2310/870/19 198/867/42 2314/849/13
f 2314/849/13 2313/871/39 2310/870/19
f 2313/871/39 2312/872/11 2310/870/19
f 2312/872/11 2311/873/19 2310/870/19
f 2312/872/11 2309/874/11 2311/873/19
f 199/875/19 198/867/42 2310/870/19
f 2308/876/19 2311/873/19 2309/874/11
f 2310/870/19 2311/873/19 1394/877/10
f 1394/877/10 2311/873/19 2308/876/19
f 199/875/19 2310/870/19 1394/877/10
f 2308/876/19 2309/874/11 2306/878/19
f 2307/879/11 2306/878/19 2309/874/11
f 1397/880/38 1394/877/10 2308/876/19
f 2306/878/19 1397/880/38 2308/876/19
f 2307/879/11 2303/881/5 2306/878/19
f 2303/881/5 2307/879/11 2305/882/2
f 2303/881/5 1395/883/4 2306/878/19
f 1395/883/4 1397/880/38 2306/878/19
f 2305/882/2 2302/884/12 2303/881/5
f 2304/885/8 2302/884/12 2305/882/2
f 2304/885/8 2299/886/12 2302/884/12
f 2301/887/9 2303/881/5 2302/884/12
f 2303/881/5 2301/887/9 1395/883/4
f 2302/884/12 2299/886/12 2300/888/12
f 2300/888/12 2301/887/9 2302/884/12
f 1393/889/16 1395/883/4 2301/887/9
f 2300/888/12 1387/890/12 2301/887/9
f 1387/890/12 1393/889/16 2301/887/9
f 2299/886/12 2297/891/18 2300/888/12
f 2297/891/18 1387/890/12 2300/888/12
f 2299/886/12 2298/892/5 2297/891/18
f 2298/892/5 2299/886/12 2293/893/11
f 2299/886/12 2295/894/30 2293/893/11
f 2296/895/5 2297/891/18 2298/892/5
f 2296/895/5 2298/892/5 2293/893/11
f 2296/895/5 1386/896/5 2297/891/18
f 2297/891/18 1386/896/5 1387/890/12
f 2296/895/5 2293/893/11 1381/897/2
f 2296/895/5 1381/897/2 1386/896/5
f 2295/894/30 2292/898/30 2293/893/11
f 2292/898/30 2295/894/30 2294/899/59
f 2291/900/62 2292/898/30 2294/899/59
f 2292/898/30 2289/901/59 2293/893/11
f 1381/897/2 2293/893/11 2289/901/59
f 2286/902/30 2292/898/30 2291/900/62
f 2292/898/30 2286/902/30 2289/901/59
f 2290/903/7 2286/902/30 2291/900/62
f 2289/901/59 1335/904/4 1381/897/2
f 2287/905/27 2286/902/30 2290/903/7
f 2290/903/7 2288/906/27 2287/905/27
f 2283/907/60 2289/901/59 2286/902/30
f 2283/907/60 1335/904/4 2289/901/59
f 2285/908/25 2287/905/27 2288/906/27
f 2284/909/26 2285/908/25 2288/906/27
f 2286/902/30 2287/905/27 2280/910/59
f 2280/910/59 2287/905/27 2285/908/25
f 2280/910/59 2283/907/60 2286/902/30
f 2285/908/25 2284/909/26 2281/911/27
f 2280/910/59 2285/908/25 2281/911/27
f 2284/909/26 2282/912/26 2281/911/27
f 2280/910/59 1336/913/2 2283/907/60
f 1335/904/4 2283/907/60 1336/913/2
f 2277/914/30 2281/911/27 2282/912/26
f 2282/912/26 2278/915/3 2277/914/30
f 2281/911/27 2279/916/30 2280/910/59
f 2279/916/30 2281/911/27 2277/914/30
f 2280/910/59 2279/916/30 2251/917/11
f 1336/913/2 2280/910/59 2251/917/11
f 2253/918/40 2279/916/30 2277/914/30
f 2253/918/40 2251/917/11 2279/916/30
f 2278/915/3 2276/919/9 2277/914/30
f 2278/915/3 2275/920/18 2276/919/9
f 2275/920/18 2278/915/3 2273/921/7
f 2257/922/11 2277/914/30 2276/919/9
f 2257/922/11 2253/918/40 2277/914/30
f 2275/920/18 2264/923/19 2276/919/9
f 2264/923/19 2257/922/11 2276/919/9
f 2273/921/7 2274/924/7 2275/920/18
f 2275/920/18 2274/924/7 2264/923/19
f 2265/925/61 2274/924/7 2273/921/7
f 2265/925/61 2264/923/19 2274/924/7
f 2273/921/7 2271/926/27 2265/925/61
f 2272/927/27 2271/926/27 2273/921/7
f 2271/926/27 2272/927/27 2269/928/24
f 2268/929/25 2269/928/24 2272/927/27
f 2270/930/7 2265/925/61 2271/926/27
f 2270/930/7 2271/926/27 2269/928/24
f 2267/931/62 2265/925/61 2270/930/7
f 2269/928/24 2267/931/62 2270/930/7
f 2258/932/30 2269/928/24 2268/929/25
f 2269/928/24 2258/932/30 2267/931/62
f 2265/925/61 2267/931/62 2266/933/4
f 2258/932/30 2268/929/25 2256/934/62
f 2256/934/62 2268/929/25 2255/935/24
f 2262/936/10 2266/933/4 2267/931/62
f 2258/932/30 2262/936/10 2267/931/62
f 2263/937/4 2265/925/61 2266/933/4
f 2266/933/4 2262/936/10 2263/937/4
f 2264/923/19 2265/925/61 2263/937/4
f 2258/932/30 2259/938/13 2262/936/10
f 2264/923/19 2263/937/4 2260/939/11
f 2264/923/19 2260/939/11 2257/922/11
f 2263/937/4 2262/936/10 2261/940/4
f 2263/937/4 2261/940/4 2260/939/11
f 2261/940/4 2262/936/10 2259/938/13
f 2257/922/11 2260/939/11 2233/941/4
f 2261/940/4 2236/942/22 2260/939/11
f 2236/942/22 2261/940/4 2259/938/13
f 2236/942/22 2233/941/4 2260/939/11
f 2243/943/56 2259/938/13 2258/932/30
f 2243/943/56 2236/942/22 2259/938/13
f 2256/934/62 2243/943/56 2258/932/30
f 1351/944/75 2257/922/11 2233/941/4
f 2253/918/40 2257/922/11 1351/944/75
f 2256/934/62 2247/945/68 2243/943/56
f 2256/934/62 2255/935/24 2247/945/68
f 2253/918/40 1351/944/75 1348/946/62
f 2248/947/53 2247/945/68 2255/935/24
f 2254/948/7 2248/947/53 2255/935/24
f 2252/949/27 2248/947/53 2254/948/7
f 2253/918/40 1348/946/62 1347/950/19
f 2251/917/11 2253/918/40 1347/950/19
f 2252/949/27 2249/951/3 2248/947/53
f 2249/951/3 2252/949/27 2250/952/25
f 2251/917/11 1347/950/19 1341/953/13
f 2251/917/11 1341/953/13 1336/913/2
f 2250/952/25 2225/954/26 2249/951/3
f 2222/955/27 2225/954/26 2250/952/25
f 2248/947/53 2249/951/3 2246/956/66
f 2225/954/26 2246/956/66 2249/951/3
f 2248/947/53 2246/956/66 2245/957/50
f 2248/947/53 2245/957/50 2247/945/68
f 2246/956/66 2225/954/26 2226/958/52
f 2244/959/79 2247/945/68 2245/957/50
f 2244/959/79 2243/943/56 2247/945/68
f 2245/957/50 2246/956/66 2239/960/53
f 2239/960/53 2246/956/66 2226/958/52
f 2242/961/52 2244/959/79 2245/957/50
f 2245/957/50 2239/960/53 2242/961/52
f 2244/959/79 2241/962/68 2243/943/56
f 2244/959/79 2242/961/52 2241/962/68
f 2240/963/42 2243/943/56 2241/962/68
f 2236/942/22 2243/943/56 2240/963/42
f 2237/964/47 2241/962/68 2242/961/52
f 2242/961/52 2239/960/53 2237/964/47
f 2238/965/42 2240/963/42 2241/962/68
f 2238/965/42 2241/962/68 2237/964/47
f 2236/942/22 2240/963/42 2238/965/42
f 2237/964/47 2239/960/53 2229/966/31
f 2239/960/53 2226/958/52 2229/966/31
f 2237/964/47 2235/967/39 2238/965/42
f 2238/965/42 2235/967/39 2236/942/22
f 2229/966/31 2231/968/31 2237/964/47
f 2237/964/47 2231/968/31 2235/967/39
f 2236/942/22 2235/967/39 2234/969/42
f 2233/941/4 2236/942/22 2234/969/42
f 2231/968/31 2232/970/43 2235/967/39
f 2235/967/39 2232/970/43 2234/969/42
f 2233/941/4 2234/969/42 2230/971/42
f 2234/969/42 2232/970/43 2230/971/42
f 2230/971/42 1351/944/75 2233/941/4
f 2228/972/42 2232/970/43 2231/968/31
f 2232/970/43 2228/972/42 2230/971/42
f 2229/966/31 2227/973/31 2231/968/31
f 2228/972/42 2231/968/31 2227/973/31
f 1351/944/75 2230/971/42 1352/974/56
f 2228/972/42 1352/974/56 2230/971/42
f 2229/966/31 2223/975/31 2227/973/31
f 2223/975/31 2229/966/31 2226/958/52
f 1355/976/94 2228/972/42 2227/973/31
f 2228/972/42 1355/976/94 1352/974/56
f 2227/973/31 2223/975/31 2221/977/51
f 2221/977/51 1355/976/94 2227/973/31
f 2224/978/7 2223/975/31 2226/958/52
f 2225/954/26 2224/978/7 2226/958/52
f 2222/955/27 2224/978/7 2225/954/26
f 2224/978/7 2218/979/50 2223/975/31
f 2222/955/27 2218/979/50 2224/978/7
f 2218/979/50 2221/977/51 2223/975/31
f 2218/979/50 2222/955/27 2220/980/7
f 1356/981/51 1355/976/94 2221/977/51
f 2218/979/50 1356/981/51 2221/977/51
f 2220/980/7 2217/982/24 2218/979/50
f 2219/983/24 2217/982/24 2220/980/7
f 2219/983/24 2216/984/3 2217/982/24
f 2214/985/53 2218/979/50 2217/982/24
f 2218/979/50 2214/985/53 1356/981/51
f 2216/984/3 2215/986/49 2217/982/24
f 2217/982/24 2215/986/49 2214/985/53
f 2216/984/3 2213/987/3 2215/986/49
f 1357/988/53 1356/981/51 2214/985/53
f 2212/989/51 2215/986/49 2213/987/3
f 2215/986/49 1364/990/53 2214/985/53
f 2215/986/49 2212/989/51 1364/990/53
f 1357/988/53 2214/985/53 1364/990/53
f 2213/987/3 1311/991/75 2212/989/51
f 1311/991/75 2213/987/3 2211/992/59
f 1364/990/53 2212/989/51 1314/993/52
f 1311/991/75 1314/993/52 2212/989/51
f 2207/994/30 1311/991/75 2211/992/59
f 2211/992/59 2210/995/65 2207/994/30
f 2206/996/65 2207/994/30 2210/995/65
f 2210/995/65 2209/997/36 2206/996/65
f 1308/998/65 1311/991/75 2207/994/30
f 2203/999/10 2206/996/65 2209/997/36
f 2203/999/10 2209/997/36 2208/1000/9
f 2208/1000/9 2205/1001/8 2203/999/10
f 1304/1002/40 2207/994/30 2206/996/65
f 1308/998/65 2207/994/30 1304/1002/40
f 2203/999/10 1302/1003/62 2206/996/65
f 1304/1002/40 2206/996/65 1302/1003/62
f 2205/1001/8 2204/1004/19 2203/999/10
f 2204/1004/19 2205/1001/8 2201/1005/10
f 2201/1005/10 2205/1001/8 2202/1006/4
f 2204/1004/19 2200/1007/59 2203/999/10
f 2200/1007/59 2204/1004/19 2201/1005/10
f 1293/1008/30 1302/1003/62 2203/999/10
f 1293/1008/30 2203/999/10 2200/1007/59
f 2202/1006/4 2190/1009/36 2201/1005/10
f 2202/1006/4 2199/1010/4 2190/1009/36
f 1292/1011/30 2200/1007/59 2201/1005/10
f 2201/1005/10 2190/1009/36 1292/1011/30
f 2200/1007/59 1292/1011/30 1293/1008/30
f 2190/1009/36 2199/1010/4 2194/1012/11
f 2199/1010/4 2198/1013/4 2194/1012/11
f 2198/1013/4 2197/1014/4 2194/1012/11
f 2198/1013/4 2195/1015/11 2197/1014/4
f 2194/1012/11 2197/1014/4 2193/1016/10
f 2192/1017/2 2197/1014/4 2195/1015/11
f 2193/1016/10 2197/1014/4 2192/1017/2
f 2185/1018/38 2195/1015/11 2196/1019/38
f 2185/1018/38 2192/1017/2 2195/1015/11
f 2194/1012/11 2193/1016/10 2191/1020/65
f 2191/1020/65 2190/1009/36 2194/1012/11
f 2193/1016/10 2192/1017/2 2184/1021/8
f 2184/1021/8 2191/1020/65 2193/1016/10
f 2184/1021/8 2192/1017/2 2185/1018/38
f 2191/1020/65 2189/1022/40 2190/1009/36
f 2189/1022/40 2191/1020/65 2184/1021/8
f 2188/1023/40 2190/1009/36 2189/1022/40
f 2190/1009/36 2188/1023/40 1292/1011/30
f 2189/1022/40 2186/1024/59 2188/1023/40
f 2189/1022/40 2184/1021/8 2186/1024/59
f 1288/1025/30 1292/1011/30 2188/1023/40
f 1288/1025/30 2188/1023/40 2186/1024/59
f 2187/1026/36 2186/1024/59 2184/1021/8
f 2186/1024/59 2187/1026/36 2161/1027/8
f 2161/1027/8 2187/1026/36 2184/1021/8
f 2186/1024/59 2161/1027/8 1288/1025/30
f 2181/1028/69 2184/1021/8 2185/1018/38
f 2181/1028/69 2185/1018/38 2183/1029/23
f 2177/1030/50 2161/1027/8 2184/1021/8
f 2177/1030/50 2184/1021/8 2181/1028/69
f 2183/1029/23 2182/1031/23 2181/1028/69
f 2183/1029/23 2180/1032/42 2182/1031/23
f 2181/1028/69 2182/1031/23 2179/1033/56
f 2182/1031/23 2180/1032/42 2179/1033/56
f 2177/1030/50 2181/1028/69 2179/1033/56
f 2178/1034/38 2179/1033/56 2180/1032/42
f 2177/1030/50 2179/1033/56 2174/1035/68
f 2179/1033/56 2178/1034/38 2175/1036/95
f 2179/1033/56 2175/1036/95 2174/1035/68
f 2175/1036/95 2178/1034/38 2176/1037/23
f 2174/1035/68 2162/1038/52 2177/1030/50
f 2177/1030/50 2162/1038/52 2161/1027/8
f 2175/1036/95 2176/1037/23 2173/1039/22
f 2173/1039/22 2176/1037/23 2172/1040/44
f 2165/1041/56 2174/1035/68 2175/1036/95
f 2165/1041/56 2175/1036/95 2173/1039/22
f 2174/1035/68 2165/1041/56 2162/1038/52
f 2172/1040/44 2168/1042/96 2173/1039/22
f 2168/1042/96 2165/1041/56 2173/1039/22
f 2169/1043/42 2168/1042/96 2172/1040/44
f 2172/1040/44 2171/1044/47 2169/1043/42
f 2170/1045/43 2169/1043/42 2171/1044/47
f 2169/1043/42 2170/1045/43 2137/1046/56
f 2169/1043/42 2166/1047/79 2168/1042/96
f 2169/1043/42 2137/1046/56 2140/1048/68
f 2169/1043/42 2140/1048/68 2166/1047/79
f 2166/1047/79 2167/1049/79 2168/1042/96
f 2165/1041/56 2168/1042/96 2167/1049/79
f 2147/1050/68 2166/1047/79 2140/1048/68
f 2164/1051/75 2165/1041/56 2167/1049/79
f 2166/1047/79 2149/1052/68 2167/1049/79
f 2149/1052/68 2164/1051/75 2167/1049/79
f 2147/1050/68 2149/1052/68 2166/1047/79
f 2164/1051/75 2163/1053/79 2165/1041/56
f 2163/1053/79 2162/1038/52 2165/1041/56
f 2153/1054/56 2163/1053/79 2164/1051/75
f 2164/1051/75 2149/1052/68 2153/1054/56
f 2163/1053/79 2160/1055/56 2162/1038/52
f 2160/1055/56 2163/1053/79 2153/1054/56
f 2162/1038/52 2160/1055/56 2159/1056/75
f 2162/1038/52 2159/1056/75 2161/1027/8
f 2155/1057/66 2160/1055/56 2153/1054/56
f 1285/1058/62 2161/1027/8 2159/1056/75
f 1285/1058/62 1288/1025/30 2161/1027/8
f 2158/1059/56 2159/1056/75 2160/1055/56
f 2155/1057/66 2157/1060/68 2160/1055/56
f 2160/1055/56 2157/1060/68 2158/1059/56
f 1277/1061/68 1285/1058/62 2159/1056/75
f 2156/1062/46 2158/1059/56 2157/1060/68
f 1271/1063/68 2159/1056/75 2158/1059/56
f 1277/1061/68 2159/1056/75 1271/1063/68
f 2158/1059/56 2156/1062/46 2095/1064/79
f 2095/1064/79 1271/1063/68 2158/1059/56
f 2154/1065/51 2156/1062/46 2157/1060/68
f 2154/1065/51 2157/1060/68 2155/1057/66
f 2156/1062/46 2097/1066/40 2095/1064/79
f 2154/1065/51 2097/1066/40 2156/1062/46
f 2155/1057/66 2152/1067/66 2154/1065/51
f 2155/1057/66 2153/1054/56 2152/1067/66
f 2102/1068/24 2097/1066/40 2154/1065/51
f 2102/1068/24 2154/1065/51 2152/1067/66
f 2151/1069/79 2152/1067/66 2153/1054/56
f 2153/1054/56 2149/1052/68 2151/1069/79
f 2148/1070/53 2102/1068/24 2152/1067/66
f 2151/1069/79 2148/1070/53 2152/1067/66
f 2151/1069/79 2149/1052/68 2150/1071/46
f 2151/1069/79 2144/1072/68 2148/1070/53
f 2150/1071/46 2144/1072/68 2151/1069/79
f 2145/1073/45 2150/1071/46 2149/1052/68
f 2145/1073/45 2144/1072/68 2150/1071/46
f 2147/1050/68 2145/1073/45 2149/1052/68
f 2148/1070/53 2144/1072/68 2105/1074/25
f 2105/1074/25 2102/1068/24 2148/1070/53
f 2146/1075/75 2145/1073/45 2147/1050/68
f 2147/1050/68 2139/1076/79 2146/1075/75
f 2140/1048/68 2139/1076/79 2147/1050/68
f 2145/1073/45 2146/1075/75 2141/1077/45
f 2146/1075/75 2139/1076/79 2141/1077/45
f 2143/1078/40 2144/1072/68 2145/1073/45
f 2145/1073/45 2141/1077/45 2143/1078/40
f 2143/1078/40 2142/1079/36 2144/1072/68
f 2142/1079/36 2105/1074/25 2144/1072/68
f 2143/1078/40 2141/1077/45 2127/1080/30
f 2142/1079/36 2143/1078/40 2113/1081/59
f 2113/1081/59 2143/1078/40 2127/1080/30
f 2110/1082/62 2105/1074/25 2142/1079/36
f 2142/1079/36 2113/1081/59 2110/1082/62
f 2131/1083/40 2127/1080/30 2141/1077/45
f 2131/1083/40 2141/1077/45 2139/1076/79
f 2110/1082/62 2106/1084/25 2105/1074/25
f 2140/1048/68 2138/1085/79 2139/1076/79
f 2137/1046/56 2138/1085/79 2140/1048/68
f 2138/1085/79 2134/1086/56 2139/1076/79
f 2134/1086/56 2131/1083/40 2139/1076/79
f 2137/1046/56 2136/1087/97 2138/1085/79
f 2138/1085/79 2136/1087/97 2134/1086/56
f 2135/372/45 2136/1087/97 2137/1046/56
f 2135/372/45 2133/1088/62 2136/1087/97
f 2136/1087/97 2133/1088/62 2134/1086/56
f 2135/372/45 2132/369/62 2133/1088/62
f 2134/1086/56 2130/1089/36 2131/1083/40
f 2134/1086/56 2133/1088/62 2130/1089/36
f 2132/369/62 2129/1090/30 2133/1088/62
f 2133/1088/62 2129/1090/30 2130/1089/36
f 2132/369/62 2128/374/65 2129/1090/30
f 2131/1083/40 2130/1089/36 2126/1091/59
f 2131/1083/40 2126/1091/59 2127/1080/30
f 2129/1090/30 2125/1092/62 2130/1089/36
f 2126/1091/59 2130/1089/36 2125/1092/62
f 2121/1093/65 2129/1090/30 2128/374/65
f 2129/1090/30 2121/1093/65 2125/1092/62
f 2121/1093/65 2128/374/65 2124/351/59
f 2114/1094/65 2127/1080/30 2126/1091/59
f 2113/1081/59 2127/1080/30 2114/1094/65
f 2126/1091/59 2125/1092/62 2116/1095/65
f 2114/1094/65 2126/1091/59 2116/1095/65
f 2117/1096/30 2125/1092/62 2121/1093/65
f 2125/1092/62 2117/1096/30 2116/1095/65
f 2121/1093/65 2124/351/59 2122/1097/11
f 2124/351/59 2123/336/15 2122/1097/11
f 2122/1097/11 2123/336/15 2119/339/15
f 2120/1098/59 2121/1093/65 2122/1097/11
f 2120/1098/59 2122/1097/11 2119/339/15
f 2117/1096/30 2121/1093/65 2120/1098/59
f 2120/1098/59 2119/339/15 2118/1099/3
f 2118/1099/3 2117/1096/30 2120/1098/59
f 2078/341/9 2118/1099/3 2119/339/15
f 2118/1099/3 2115/1100/36 2117/1096/30
f 2078/341/9 2115/1100/36 2118/1099/3
f 2117/1096/30 2115/1100/36 2116/1095/65
f 2111/1101/40 2116/1095/65 2115/1100/36
f 2114/1094/65 2116/1095/65 2111/1101/40
f 2078/341/9 2080/1102/30 2115/1100/36
f 2115/1100/36 2080/1102/30 2111/1101/40
f 2112/1103/40 2114/1094/65 2111/1101/40
f 2113/1081/59 2114/1094/65 2112/1103/40
f 2084/1104/30 2111/1101/40 2080/1102/30
f 2113/1081/59 2112/1103/40 2109/1105/30
f 2110/1082/62 2113/1081/59 2109/1105/30
f 2107/1106/59 2112/1103/40 2111/1101/40
f 2112/1103/40 2107/1106/59 2109/1105/30
f 2111/1101/40 2084/1104/30 2107/1106/59
f 2106/1084/25 2110/1082/62 2109/1105/30
f 2107/1106/59 2108/1107/24 2109/1105/30
f 2106/1084/25 2109/1105/30 2104/1108/27
f 2109/1105/30 2108/1107/24 2104/1108/27
f 2108/1107/24 2107/1106/59 2103/1109/3
f 2104/1108/27 2108/1107/24 2103/1109/3
f 2087/1110/24 2107/1106/59 2084/1104/30
f 2107/1106/59 2087/1110/24 2103/1109/3
f 2101/1111/7 2106/1084/25 2104/1108/27
f 2106/1084/25 2101/1111/7 2105/1074/25
f 2105/1074/25 2101/1111/7 2102/1068/24
f 2104/1108/27 2103/1109/3 2100/1112/27
f 2100/1112/27 2101/1111/7 2104/1108/27
f 2087/1110/24 2088/1113/24 2103/1109/3
f 2100/1112/27 2103/1109/3 2088/1113/24
f 2064/1114/7 2102/1068/24 2101/1111/7
f 2102/1068/24 2064/1114/7 2097/1066/40
f 2100/1112/27 2099/1115/27 2101/1111/7
f 2101/1111/7 2099/1115/27 2064/1114/7
f 2100/1112/27 2098/1116/26 2099/1115/27
f 2100/1112/27 2088/1113/24 2098/1116/26
f 2096/1117/26 2099/1115/27 2098/1116/26
f 2099/1115/27 2096/1117/26 2064/1114/7
f 2098/1116/26 2088/1113/24 2093/1118/25
f 2093/1118/25 2096/1117/26 2098/1116/26
f 2097/1066/40 2064/1114/7 2062/1119/36
f 2097/1066/40 2062/1119/36 2095/1064/79
f 2064/1114/7 2096/1117/26 2065/1120/26
f 2095/1064/79 2062/1119/36 1269/1121/30
f 2094/1122/25 2065/1120/26 2096/1117/26
f 2094/1122/25 2096/1117/26 2093/1118/25
f 2095/1064/79 1269/1121/30 1271/1063/68
f 2092/211/24 2094/1122/25 2093/1118/25
f 2094/1122/25 2092/211/24 2066/214/30
f 2065/1120/26 2094/1122/25 2066/214/30
f 2092/211/24 2093/1118/25 2091/1123/27
f 2093/1118/25 2088/1113/24 2091/1123/27
f 2092/211/24 2091/1123/27 2090/220/37
f 2091/1123/27 2089/1124/3 2090/220/37
f 2091/1123/27 2088/1113/24 2089/1124/3
f 2089/1124/3 2086/233/9 2090/220/37
f 2089/1124/3 2088/1113/24 2085/1125/36
f 2086/233/9 2089/1124/3 2085/1125/36
f 2087/1110/24 2085/1125/36 2088/1113/24
f 2085/1125/36 2087/1110/24 2084/1104/30
f 2083/1126/19 2086/233/9 2085/1125/36
f 2086/233/9 2083/1126/19 2082/234/11
f 2084/1104/30 2081/1127/10 2085/1125/36
f 2085/1125/36 2081/1127/10 2083/1126/19
f 2084/1104/30 2080/1102/30 2081/1127/10
f 2083/1126/19 2076/1128/11 2082/234/11
f 2081/1127/10 2076/1128/11 2083/1126/19
f 2076/1128/11 2074/237/13 2082/234/11
f 2080/1102/30 2079/1129/5 2081/1127/10
f 2076/1128/11 2081/1127/10 2079/1129/5
f 2080/1102/30 2078/341/9 2079/1129/5
f 2078/341/9 2077/1130/9 2079/1129/5
f 2076/1128/11 2079/1129/5 2077/1130/9
f 2077/1130/9 2078/341/9 2072/333/13
f 2077/1130/9 2075/1131/13 2076/1128/11
f 2075/1131/13 2077/1130/9 2072/333/13
f 2076/1128/11 2075/1131/13 2074/237/13
f 2073/1132/4 2074/237/13 2075/1131/13
f 2075/1131/13 2072/333/13 2073/1132/4
f 2073/1132/4 2071/240/10 2074/237/13
f 2073/1132/4 2072/333/13 2069/1133/19
f 2071/240/10 2073/1132/4 2069/1133/19
f 2069/1133/19 2072/333/13 2070/273/11
f 2069/1133/19 2067/239/19 2071/240/10
f 2069/1133/19 2070/273/11 2068/245/19
f 2069/1133/19 2068/245/19 2067/239/19
f 2066/214/30 2063/1134/40 2065/1120/26
f 2063/1134/40 2066/214/30 2059/213/30
f 2061/1135/62 2065/1120/26 2063/1134/40
f 2065/1120/26 2061/1135/62 2064/1114/7
f 2064/1114/7 2061/1135/62 2062/1119/36
f 2060/1136/40 2063/1134/40 2059/213/30
f 2061/1135/62 2063/1134/40 2060/1136/40
f 2062/1119/36 2061/1135/62 1268/1137/36
f 1268/1137/36 1269/1121/30 2062/1119/36
f 2061/1135/62 2060/1136/40 1264/1138/40
f 2061/1135/62 1264/1138/40 1268/1137/36
f 2060/1136/40 2059/213/30 2057/1139/62
f 2057/1139/62 1264/1138/40 2060/1136/40
f 2056/1140/30 2057/1139/62 2059/213/30
f 2058/216/19 2056/1140/30 2059/213/30
f 2056/1140/30 2058/216/19 2055/218/36
f 2056/1140/30 2027/1141/62 2057/1139/62
f 2057/1139/62 2027/1141/62 1264/1138/40
f 2056/1140/30 2055/218/36 2052/1142/30
f 2027/1141/62 2056/1140/30 2052/1142/30
f 2052/1142/30 2055/218/36 2051/1143/59
f 2051/1143/59 2055/218/36 2054/199/10
f 2051/1143/59 2054/199/10 2053/196/9
f 2027/1141/62 2052/1142/30 2028/1144/65
f 2053/196/9 2048/1145/5 2051/1143/59
f 2049/192/8 2048/1145/5 2053/196/9
f 2052/1142/30 2051/1143/59 2050/1146/36
f 2050/1146/36 2028/1144/65 2052/1142/30
f 2045/1147/59 2050/1146/36 2051/1143/59
f 2051/1143/59 2048/1145/5 2045/1147/59
f 2029/1148/62 2028/1144/65 2050/1146/36
f 2029/1148/62 2050/1146/36 2045/1147/59
f 2048/1145/5 2049/192/8 2047/1149/19
f 2049/192/8 2046/190/5 2047/1149/19
f 2044/1150/59 2045/1147/59 2048/1145/5
f 2048/1145/5 2047/1149/19 2044/1150/59
f 2047/1149/19 2046/190/5 2043/1151/98
f 2044/1150/59 2047/1149/19 2043/1151/98
f 2046/190/5 2041/189/12 2043/1151/98
f 2044/1150/59 2030/1152/62 2045/1147/59
f 2029/1148/62 2045/1147/59 2030/1152/62
f 2043/1151/98 2042/1153/11 2044/1150/59
f 2044/1150/59 2042/1153/11 2030/1152/62
f 2043/1151/98 2041/189/12 2038/1154/5
f 2038/1154/5 2042/1153/11 2043/1151/98
f 2035/1155/19 2030/1152/62 2042/1153/11
f 2035/1155/19 2042/1153/11 2038/1154/5
f 2038/1154/5 2041/189/12 2039/1156/8
f 1982/103/9 2039/1156/8 2041/189/12
f 2039/1156/8 2040/1157/8 2038/1154/5
f 1983/1158/5 2039/1156/8 1982/103/9
f 2040/1157/8 2037/1159/8 2038/1154/5
f 2039/1156/8 2005/1160/5 2040/1157/8
f 2040/1157/8 2005/1160/5 2037/1159/8
f 1983/1158/5 2005/1160/5 2039/1156/8
f 2036/1161/19 2038/1154/5 2037/1159/8
f 2035/1155/19 2038/1154/5 2036/1161/19
f 2005/1160/5 2006/1162/8 2037/1159/8
f 2006/1162/8 2036/1161/19 2037/1159/8
f 2035/1155/19 2036/1161/19 2034/1163/10
f 2006/1162/8 2033/1164/10 2036/1161/19
f 2036/1161/19 2033/1164/10 2034/1163/10
f 2035/1155/19 2034/1163/10 2032/1165/10
f 2035/1155/19 2032/1165/10 2030/1152/62
f 2031/1166/2 2034/1163/10 2033/1164/10
f 2034/1163/10 2031/1166/2 2032/1165/10
f 2006/1162/8 2007/1167/99 2033/1164/10
f 2030/1152/62 2032/1165/10 2022/1168/13
f 2031/1166/2 2033/1164/10 2014/1169/36
f 2007/1167/99 2014/1169/36 2033/1164/10
f 2032/1165/10 2031/1166/2 2020/1170/11
f 2032/1165/10 2020/1170/11 2022/1168/13
f 2014/1169/36 2016/1171/2 2031/1166/2
f 2020/1170/11 2031/1166/2 2016/1171/2
f 2025/1172/40 2030/1152/62 2022/1168/13
f 2030/1152/62 2025/1172/40 2029/1148/62
f 2017/1173/2 2020/1170/11 2016/1171/2
f 2029/1148/62 2025/1172/40 2026/1174/65
f 2026/1174/65 2028/1144/65 2029/1148/62
f 2027/1141/62 2028/1144/65 2026/1174/65
f 2024/1175/65 2027/1141/62 2026/1174/65
f 2027/1141/62 2024/1175/65 1264/1138/40
f 2025/1172/40 2023/1176/65 2026/1174/65
f 2026/1174/65 2023/1176/65 2024/1175/65
f 2023/1176/65 2025/1172/40 2021/1177/65
f 2025/1172/40 2022/1168/13 2021/1177/65
f 2023/1176/65 1262/1178/40 2024/1175/65
f 1264/1138/40 2024/1175/65 1262/1178/40
f 2021/1177/65 1260/1179/65 2023/1176/65
f 1262/1178/40 2023/1176/65 1260/1179/65
f 2022/1168/13 2019/1180/4 2021/1177/65
f 2019/1180/4 2022/1168/13 2020/1170/11
f 1260/1179/65 2021/1177/65 1259/1181/40
f 1259/1181/40 2021/1177/65 2019/1180/4
f 2020/1170/11 2018/1182/2 2019/1180/4
f 2018/1182/2 2020/1170/11 2017/1173/2
f 2019/1180/4 1620/1183/62 1259/1181/40
f 1620/1183/62 2019/1180/4 2018/1182/2
f 2018/1182/2 2017/1173/2 2012/1184/36
f 1620/1183/62 2018/1182/2 1622/1185/75
f 1622/1185/75 2018/1182/2 2012/1184/36
f 2017/1173/2 2015/1186/30 2012/1184/36
f 2016/1171/2 2015/1186/30 2017/1173/2
f 2014/1169/36 2015/1186/30 2016/1171/2
f 2015/1186/30 2010/1187/62 2012/1184/36
f 2014/1169/36 2013/1188/65 2015/1186/30
f 2015/1186/30 2013/1188/65 2010/1187/62
f 2013/1188/65 2014/1169/36 2008/1189/36
f 2014/1169/36 2007/1167/99 2008/1189/36
f 2013/1188/65 2009/1190/40 2010/1187/62
f 2009/1190/40 2013/1188/65 2008/1189/36
f 2012/1184/36 2010/1187/62 2011/1191/40
f 2012/1184/36 2011/1191/40 1622/1185/75
f 2011/1191/40 2010/1187/62 1629/1192/36
f 1622/1185/75 2011/1191/40 1624/1193/56
f 2011/1191/40 1629/1192/36 1624/1193/56
f 2009/1190/40 1631/1194/36 2010/1187/62
f 1629/1192/36 2010/1187/62 1631/1194/36
f 2009/1190/40 2008/1189/36 2003/1195/30
f 1631/1194/36 2009/1190/40 2003/1195/30
f 2004/1196/30 2008/1189/36 2007/1167/99
f 2008/1189/36 2002/1197/59 2003/1195/30
f 2008/1189/36 2004/1196/30 2002/1197/59
f 2004/1196/30 2007/1167/99 1984/1198/24
f 1984/1198/24 2007/1167/99 2006/1162/8
f 2006/1162/8 2005/1160/5 1984/1198/24
f 1983/1158/5 1984/1198/24 2005/1160/5
f 2004/1196/30 1989/1199/7 2002/1197/59
f 2004/1196/30 1984/1198/24 1989/1199/7
f 2002/1197/59 2001/1200/65 2003/1195/30
f 2001/1200/65 1997/1201/36 2003/1195/30
f 1997/1201/36 1631/1194/36 2003/1195/30
f 2001/1200/65 2002/1197/59 2000/1202/59
f 1998/1203/65 1997/1201/36 2001/1200/65
f 2000/1202/59 2002/1197/59 1995/1204/30
f 2002/1197/59 1989/1199/7 1995/1204/30
f 2000/1202/59 1999/1205/30 2001/1200/65
f 1998/1203/65 2001/1200/65 1999/1205/30
f 1995/1204/30 1994/1206/40 2000/1202/59
f 1999/1205/30 2000/1202/59 1996/1207/100
f 1994/1206/40 1996/1207/100 2000/1202/59
f 1998/1203/65 1999/1205/30 1637/1208/62
f 1996/1207/100 1637/1208/62 1999/1205/30
f 1636/1209/36 1997/1201/36 1998/1203/65
f 1636/1209/36 1998/1203/65 1637/1208/62
f 1631/1194/36 1997/1201/36 1636/1209/36
f 1645/1210/8 1637/1208/62 1996/1207/100
f 1645/1210/8 1996/1207/100 1994/1206/40
f 1636/1209/36 1634/1211/59 1631/1194/36
f 1993/1212/3 1994/1206/40 1995/1204/30
f 1995/1204/30 1989/1199/7 1993/1212/3
f 1994/1206/40 1993/1212/3 1992/1213/24
f 1645/1210/8 1994/1206/40 1992/1213/24
f 1990/1214/5 1993/1212/3 1989/1199/7
f 1991/1215/5 1992/1213/24 1993/1212/3
f 1993/1212/3 1990/1214/5 1991/1215/5
f 1646/1216/15 1992/1213/24 1991/1215/5
f 1646/1216/15 1645/1210/8 1992/1213/24
f 1990/1214/5 1985/1217/15 1991/1215/5
f 1985/1217/15 1646/1216/15 1991/1215/5
f 1990/1214/5 1989/1199/7 1988/1218/12
f 1990/1214/5 1988/1218/12 1985/1217/15
f 1989/1199/7 1987/1219/5 1988/1218/12
f 1989/1199/7 1984/1198/24 1987/1219/5
f 1985/1217/15 1988/1218/12 1986/1220/15
f 1968/1221/3 1988/1218/12 1987/1219/5
f 1968/1221/3 1986/1220/15 1988/1218/12
f 1984/1198/24 1968/1221/3 1987/1219/5
f 1985/1217/15 1986/1220/15 1967/1222/18
f 1968/1221/3 1967/1222/18 1986/1220/15
f 1985/1217/15 1967/1222/18 1646/1216/15
f 1975/1223/24 1968/1221/3 1984/1198/24
f 1648/1224/31 1646/1216/15 1967/1222/18
f 1977/1225/24 1975/1223/24 1984/1198/24
f 1983/1158/5 1977/1225/24 1984/1198/24
f 1967/1222/18 1964/1226/47 1648/1224/31
f 1977/1225/24 1983/1158/5 1980/1227/5
f 1983/1158/5 1982/103/9 1980/1227/5
f 1980/1227/5 1982/103/9 1981/90/9
f 1979/89/26 1980/1227/5 1981/90/9
f 1979/89/26 1978/1228/3 1980/1227/5
f 1980/1227/5 1978/1228/3 1977/1225/24
f 1976/87/7 1978/1228/3 1979/89/26
f 1977/1225/24 1978/1228/3 1976/87/7
f 1976/87/7 1975/1223/24 1977/1225/24
f 1976/87/7 1973/1229/3 1975/1223/24
f 1973/1229/3 1976/87/7 1974/83/7
f 1973/1229/3 1968/1221/3 1975/1223/24
f 1973/1229/3 1974/83/7 1972/85/8
f 1968/1221/3 1973/1229/3 1971/1230/24
f 1970/1231/27 1973/1229/3 1972/85/8
f 1973/1229/3 1970/1231/27 1971/1230/24
f 1970/1231/27 1972/85/8 1946/1232/24
f 1946/1232/24 1972/85/8 1943/82/3
f 1970/1231/27 1969/1233/24 1971/1230/24
f 1968/1221/3 1971/1230/24 1965/1234/40
f 1969/1233/24 1965/1234/40 1971/1230/24
f 1970/1231/27 1953/1235/26 1969/1233/24
f 1970/1231/27 1946/1232/24 1953/1235/26
f 1966/1236/26 1965/1234/40 1969/1233/24
f 1966/1236/26 1969/1233/24 1953/1235/26
f 1968/1221/3 1965/1234/40 1963/1237/47
f 1963/1237/47 1967/1222/18 1968/1221/3
f 1963/1237/47 1964/1226/47 1967/1222/18
f 1966/1236/26 1956/1238/25 1965/1234/40
f 1956/1238/25 1966/1236/26 1953/1235/26
f 1965/1234/40 1962/1239/36 1963/1237/47
f 1965/1234/40 1956/1238/25 1962/1239/36
f 1963/1237/47 1650/1240/29 1964/1226/47
f 1964/1226/47 1650/1240/29 1648/1224/31
f 1962/1239/36 1961/1241/31 1963/1237/47
f 1961/1241/31 1650/1240/29 1963/1237/47
f 1962/1239/36 1960/1242/36 1961/1241/31
f 1960/1242/36 1962/1239/36 1956/1238/25
f 1651/1243/29 1650/1240/29 1961/1241/31
f 1961/1241/31 1960/1242/36 1653/1244/49
f 1653/1244/49 1651/1243/29 1961/1241/31
f 1653/1244/49 1960/1242/36 1959/1245/30
f 1959/1245/30 1960/1242/36 1958/1246/26
f 1960/1242/36 1956/1238/25 1958/1246/26
f 1959/1245/30 1958/1246/26 1957/1247/25
f 1957/1247/25 1958/1246/26 1955/1248/25
f 1955/1248/25 1958/1246/26 1956/1238/25
f 1954/1249/25 1957/1247/25 1955/1248/25
f 1952/1250/7 1955/1248/25 1956/1238/25
f 1953/1235/26 1952/1250/7 1956/1238/25
f 1954/1249/25 1955/1248/25 1951/1251/25
f 1952/1250/7 1951/1251/25 1955/1248/25
f 1951/1251/25 1949/1252/27 1954/1249/25
f 1953/1235/26 1950/1253/27 1952/1250/7
f 1950/1253/27 1953/1235/26 1946/1232/24
f 1952/1250/7 1947/1254/24 1951/1251/25
f 1950/1253/27 1947/1254/24 1952/1250/7
f 1951/1251/25 1947/1254/24 1949/1252/27
f 1946/1232/24 1945/1255/25 1950/1253/27
f 1950/1253/27 1945/1255/25 1947/1254/24
f 1949/1252/27 1947/1254/24 1948/1256/24
f 1948/1256/24 1936/1257/3 1949/1252/27
f 1937/1258/24 1948/1256/24 1947/1254/24
f 1936/1257/3 1948/1256/24 1937/1258/24
f 1945/1255/25 1937/1258/24 1947/1254/24
f 1945/1255/25 1946/1232/24 1944/1259/8
f 1946/1232/24 1943/82/3 1944/1259/8
f 1942/1260/24 1945/1255/25 1944/1259/8
f 1945/1255/25 1942/1260/24 1937/1258/24
f 1939/1261/5 1944/1259/8 1943/82/3
f 1939/1261/5 1942/1260/24 1944/1259/8
f 1939/1261/5 1943/82/3 1941/78/27
f 1938/1262/25 1937/1258/24 1942/1260/24
f 1942/1260/24 1939/1261/5 1938/1262/25
f 1939/1261/5 1941/78/27 1940/1263/25
f 1940/1263/25 1941/78/27 1933/75/26
f 1940/1263/25 1934/1264/27 1939/1261/5
f 1933/75/26 1934/1264/27 1940/1263/25
f 1938/1262/25 1939/1261/5 1934/1264/27
f 1935/1265/24 1937/1258/24 1938/1262/25
f 1935/1265/24 1938/1262/25 1934/1264/27
f 1936/1257/3 1937/1258/24 1935/1265/24
f 1931/1266/3 1936/1257/3 1935/1265/24
f 1934/1264/27 1932/1267/27 1935/1265/24
f 1935/1265/24 1932/1267/27 1931/1266/3
f 1929/1268/27 1934/1264/27 1933/75/26
f 1932/1267/27 1934/1264/27 1929/1268/27
f 1929/1268/27 1933/75/26 1928/77/25
f 1931/1266/3 1932/1267/27 1926/1269/7
f 1929/1268/27 1926/1269/7 1932/1267/27
f 1931/1266/3 1926/1269/7 1930/1270/7
f 1930/1270/7 1926/1269/7 1925/1271/101
f 1929/1268/27 1928/77/25 1927/1272/7
f 1926/1269/7 1929/1268/27 1927/1272/7
f 1923/1273/27 1927/1272/7 1928/77/25
f 1923/1273/27 1928/77/25 1922/32/3
f 1926/1269/7 1927/1272/7 1917/1274/27
f 1927/1272/7 1923/1273/27 1917/1274/27
f 1925/1271/101 1926/1269/7 1920/1275/24
f 1917/1274/27 1920/1275/24 1926/1269/7
f 1924/1276/49 1925/1271/101 1920/1275/24
f 1924/1276/49 1920/1275/24 1921/1277/29
f 1923/1273/27 1922/32/3 1909/1278/27
f 1909/1278/27 1917/1274/27 1923/1273/27
f 1922/32/3 1903/17/11 1909/1278/27
f 1920/1275/24 1919/1279/51 1921/1277/29
f 1921/1277/29 1919/1279/51 1915/1280/56
f 1918/1281/3 1920/1275/24 1917/1274/27
f 1920/1275/24 1913/1282/30 1919/1279/51
f 1920/1275/24 1918/1281/3 1913/1282/30
f 1913/1282/30 1915/1280/56 1919/1279/51
f 1918/1281/3 1917/1274/27 1911/1283/52
f 1913/1282/30 1918/1281/3 1911/1283/52
f 1909/1278/27 1911/1283/52 1917/1274/27
f 1915/1280/56 1914/1284/13 1916/1285/102
f 1915/1280/56 1913/1282/30 1914/1284/13
f 1913/1282/30 1912/1286/19 1914/1284/13
f 1910/1287/4 1914/1284/13 1912/1286/19
f 1913/1282/30 1911/1283/52 1907/1288/56
f 1907/1288/56 1912/1286/19 1913/1282/30
f 1910/1287/4 1912/1286/19 1907/1288/56
f 1909/1278/27 1907/1288/56 1911/1283/52
f 1908/18/4 1910/1287/4 1907/1288/56
f 1906/1289/24 1907/1288/56 1909/1278/27
f 1903/17/11 1906/1289/24 1909/1278/27
f 1905/1290/23 1908/18/4 1907/1288/56
f 1903/17/11 1908/18/4 1905/1290/23
f 1904/1291/31 1907/1288/56 1906/1289/24
f 1904/1291/31 1905/1290/23 1907/1288/56
f 1903/17/11 1904/1291/31 1906/1289/24
f 1905/1290/23 1904/1291/31 1903/17/11
f 1902/1292/103 1900/1293/66 1901/1294/26
f 1901/1294/26 1900/1293/66 1899/1295/51
f 1897/1296/49 1899/1295/51 1900/1293/66
f 1899/1295/51 1898/1297/26 1901/1294/26
f 1899/1295/51 1897/1296/49 1895/1298/49
f 1899/1295/51 1895/1298/49 1898/1297/26
f 1897/1296/49 1894/1299/52 1895/1298/49
f 1896/1300/26 1898/1297/26 1895/1298/49
f 1891/1301/49 1895/1298/49 1894/1299/52
f 1894/1299/52 1892/1302/49 1891/1301/49
f 1896/1300/26 1895/1298/49 1893/1303/53
f 1893/1303/53 1895/1298/49 1891/1301/49
f 1893/1303/53 1889/1304/25 1896/1300/26
f 1892/1302/49 1887/1305/49 1891/1301/49
f 1880/1306/52 1887/1305/49 1892/1302/49
f 1893/1303/53 1891/1301/49 1890/1307/53
f 1889/1304/25 1893/1303/53 1890/1307/53
f 1887/1305/49 1886/1308/53 1891/1301/49
f 1891/1301/49 1886/1308/53 1890/1307/53
f 1887/1305/49 1880/1306/52 1881/1309/52
f 1887/1305/49 1881/1309/52 1886/1308/53
f 1889/1304/25 1890/1307/53 1885/1310/25
f 1886/1308/53 1885/1310/25 1890/1307/53
f 1888/1311/27 1889/1304/25 1885/1310/25
f 1885/1310/25 1884/1312/25 1888/1311/27
f 1886/1308/53 1881/1309/52 1883/1313/52
f 1886/1308/53 1883/1313/52 1885/1310/25
f 1877/1314/51 1881/1309/52 1880/1306/52
f 1879/1315/53 1877/1314/51 1880/1306/52
f 1876/1316/51 1877/1314/51 1879/1315/53
f 1883/1313/52 1881/1309/52 1878/1317/53
f 1877/1314/51 1878/1317/53 1881/1309/52
f 1885/1310/25 1883/1313/52 1882/1318/53
f 1878/1317/53 1882/1318/53 1883/1313/52
f 1885/1310/25 1790/1319/26 1884/1312/25
f 1885/1310/25 1882/1318/53 1790/1319/26
f 1790/1319/26 1787/1320/65 1884/1312/25
f 1793/1321/79 1882/1318/53 1878/1317/53
f 1793/1321/79 1790/1319/26 1882/1318/53
f 1878/1317/53 1877/1314/51 1873/1322/68
f 1793/1321/79 1878/1317/53 1873/1322/68
f 1875/1323/79 1877/1314/51 1876/1316/51
f 1875/1323/79 1873/1322/68 1877/1314/51
f 1875/1323/79 1876/1316/51 1874/1324/79
f 1874/1324/79 1868/1325/79 1875/1323/79
f 1875/1323/79 1868/1325/79 1873/1322/68
f 1874/1324/79 1872/1326/24 1868/1325/79
f 1794/1327/79 1793/1321/79 1873/1322/68
f 1868/1325/79 1794/1327/79 1873/1322/68
f 1868/1325/79 1872/1326/24 1869/1328/26
f 1872/1326/24 1871/1329/15 1869/1328/26
f 1870/1330/15 1869/1328/26 1871/1329/15
f 1870/1330/15 1867/1331/3 1869/1328/26
f 1870/1330/15 1866/1332/5 1867/1331/3
f 1868/1325/79 1869/1328/26 1802/1333/65
f 1802/1333/65 1869/1328/26 1867/1331/3
f 1868/1325/79 1802/1333/65 1794/1327/79
f 1867/1331/3 1866/1332/5 1865/1334/59
f 1802/1333/65 1867/1331/3 1865/1334/59
f 1866/1332/5 1862/1335/59 1865/1334/59
f 1866/1332/5 1864/1336/59 1862/1335/59
f 1802/1333/65 1865/1334/59 1805/1337/65
f 1862/1335/59 1805/1337/65 1865/1334/59
f 1864/1336/59 1861/1338/30 1862/1335/59
f 1863/1339/36 1861/1338/30 1864/1336/59
f 1863/1339/36 1856/1340/19 1861/1338/30
f 1862/1335/59 1861/1338/30 1860/1341/62
f 1805/1337/65 1862/1335/59 1860/1341/62
f 1856/1340/19 1859/1342/65 1861/1338/30
f 1858/1343/59 1860/1341/62 1861/1338/30
f 1858/1343/59 1861/1338/30 1859/1342/65
f 1807/1344/59 1805/1337/65 1860/1341/62
f 1858/1343/59 1807/1344/59 1860/1341/62
f 1856/1340/19 1855/1345/56 1859/1342/65
f 1858/1343/59 1859/1342/65 1857/1346/45
f 1859/1342/65 1855/1345/56 1857/1346/45
f 1807/1344/59 1858/1343/59 1813/1347/79
f 1857/1346/45 1852/1348/45 1858/1343/59
f 1858/1343/59 1852/1348/45 1813/1347/79
f 1855/1345/56 1854/1349/79 1857/1346/45
f 1857/1346/45 1854/1349/79 1852/1348/45
f 1856/1340/19 163/1350/39 1855/1345/56
f 163/1350/39 1856/1340/19 166/1351/9
f 1855/1345/56 1849/1352/56 1854/1349/79
f 160/1353/45 1855/1345/56 163/1350/39
f 160/1353/45 1849/1352/56 1855/1345/56
f 1852/1348/45 1854/1349/79 1853/1354/68
f 1854/1349/79 1849/1352/56 1851/1355/46
f 1851/1355/46 1853/1354/68 1854/1349/79
f 1852/1348/45 1853/1354/68 1845/1356/79
f 1853/1354/68 1851/1355/46 1847/1357/46
f 1853/1354/68 1847/1357/46 1845/1356/79
f 1851/1355/46 1849/1352/56 1850/1358/47
f 1814/1359/45 1852/1348/45 1845/1356/79
f 1813/1347/79 1852/1348/45 1814/1359/45
f 1846/1360/51 1851/1355/46 1850/1358/47
f 1847/1357/46 1851/1355/46 1846/1360/51
f 1850/1358/47 1849/1352/56 1848/1361/50
f 1846/1360/51 1850/1358/47 1848/1361/50
f 1849/1352/56 159/1362/66 1848/1361/50
f 1849/1352/56 160/1353/45 159/1362/66
f 1846/1360/51 1848/1361/50 1836/1363/21
f 1836/1363/21 1848/1361/50 159/1362/66
f 1846/1360/51 1841/1364/45 1847/1357/46
f 159/1362/66 143/1365/66 1836/1363/21
f 1847/1357/46 1841/1364/45 1842/1366/45
f 1847/1357/46 1842/1366/45 1845/1356/79
f 1840/1367/104 1841/1364/45 1846/1360/51
f 1843/1368/56 1845/1356/79 1842/1366/45
f 1846/1360/51 1836/1363/21 1837/1369/47
f 1840/1367/104 1846/1360/51 1837/1369/47
f 1845/1356/79 1843/1368/56 1844/1370/68
f 1814/1359/45 1845/1356/79 1844/1370/68
f 1820/1371/79 1844/1370/68 1843/1368/56
f 1814/1359/45 1844/1370/68 1820/1371/79
f 1842/1366/45 1823/1372/105 1843/1368/56
f 1823/1372/105 1820/1371/79 1843/1368/56
f 1842/1366/45 1841/1364/45 1828/1373/46
f 1842/1366/45 1828/1373/46 1823/1372/105
f 1840/1367/104 1839/1374/21 1841/1364/45
f 1841/1364/45 1839/1374/21 1828/1373/46
f 1840/1367/104 1838/1375/47 1839/1374/21
f 1840/1367/104 1837/1369/47 1838/1375/47
f 1830/1376/69 1828/1373/46 1839/1374/21
f 1839/1374/21 1838/1375/47 1833/1377/16
f 1833/1377/16 1830/1376/69 1839/1374/21
f 1835/1378/31 1838/1375/47 1837/1369/47
f 1833/1377/16 1838/1375/47 1835/1378/31
f 1837/1369/47 1834/1379/29 1835/1378/31
f 1833/1377/16 1835/1378/31 1832/1380/31
f 1834/1379/29 1837/1369/47 141/1381/29
f 1837/1369/47 1836/1363/21 141/1381/29
f 1836/1363/21 143/1365/66 141/1381/29
f 1835/1378/31 1834/1379/29 26/1382/21
f 1835/1378/31 26/1382/21 1832/1380/31
f 141/1381/29 28/1383/106 1834/1379/29
f 1834/1379/29 28/1383/106 26/1382/21
f 1832/1380/31 1831/1384/29 1833/1377/16
f 1833/1377/16 1831/1384/29 1830/1376/69
f 1512/1385/107 1831/1384/29 1832/1380/31
f 26/1382/21 1512/1385/107 1832/1380/31
f 1830/1376/69 1831/1384/29 1829/1386/51
f 1512/1385/107 1829/1386/51 1831/1384/29
f 1830/1376/69 1829/1386/51 1827/1387/66
f 1828/1373/46 1830/1376/69 1827/1387/66
f 1827/1387/66 1829/1386/51 1824/1388/51
f 1824/1388/51 1829/1386/51 1512/1385/107
f 1828/1373/46 1827/1387/66 1825/1389/45
f 1828/1373/46 1825/1389/45 1823/1372/105
f 1827/1387/66 1824/1388/51 1826/1390/50
f 1825/1389/45 1827/1387/66 1826/1390/50
f 1826/1390/50 1824/1388/51 1530/1391/47
f 1825/1389/45 1826/1390/50 1591/1392/69
f 1826/1390/50 1530/1391/47 1591/1392/69
f 1823/1372/105 1825/1389/45 1594/1393/22
f 1825/1389/45 1591/1392/69 1593/1394/22
f 1593/1394/22 1594/1393/22 1825/1389/45
f 1515/1395/66 1530/1391/47 1824/1388/51
f 1515/1395/66 1824/1388/51 1512/1385/107
f 1822/1396/23 1823/1372/105 1594/1393/22
f 1822/1396/23 1820/1371/79 1823/1372/105
f 1821/1397/38 1822/1396/23 1594/1393/22
f 1820/1371/79 1822/1396/23 1818/1398/68
f 1599/1399/38 1822/1396/23 1821/1397/38
f 1818/1398/68 1822/1396/23 1599/1399/38
f 1595/1400/23 1821/1397/38 1594/1393/22
f 1599/1399/38 1821/1397/38 1595/1400/23
f 1819/1401/68 1820/1371/79 1818/1398/68
f 1814/1359/45 1820/1371/79 1819/1401/68
f 1818/1398/68 1817/1402/46 1819/1401/68
f 1819/1401/68 1817/1402/46 1814/1359/45
f 1599/1399/38 1815/1403/43 1818/1398/68
f 1815/1403/43 1817/1402/46 1818/1398/68
f 1812/1404/46 1814/1359/45 1817/1402/46
f 1815/1403/43 1816/1405/56 1817/1402/46
f 1812/1404/46 1817/1402/46 1816/1405/56
f 1816/1405/56 1815/1403/43 1806/1406/2
f 1816/1405/56 1806/1406/2 1812/1404/46
f 1600/1407/75 1815/1403/43 1599/1399/38
f 1815/1403/43 1600/1407/75 1806/1406/2
f 1811/1408/46 1814/1359/45 1812/1404/46
f 1813/1347/79 1814/1359/45 1811/1408/46
f 1809/1409/30 1812/1404/46 1806/1406/2
f 1811/1408/46 1808/1410/59 1813/1347/79
f 1808/1410/59 1807/1344/59 1813/1347/79
f 1810/1411/36 1811/1408/46 1812/1404/46
f 1812/1404/46 1809/1409/30 1810/1411/36
f 1808/1410/59 1811/1408/46 1810/1411/36
f 1611/1412/108 1810/1411/36 1809/1409/30
f 1810/1411/36 1611/1412/108 1808/1410/59
f 1806/1406/2 1611/1412/108 1809/1409/30
f 1804/1413/36 1807/1344/59 1808/1410/59
f 1611/1412/108 1804/1413/36 1808/1410/59
f 1805/1337/65 1807/1344/59 1804/1413/36
f 1611/1412/108 1806/1406/2 1610/1414/65
f 1610/1414/65 1806/1406/2 1600/1407/75
f 1803/1415/62 1805/1337/65 1804/1413/36
f 1805/1337/65 1803/1415/62 1802/1333/65
f 1804/1413/36 1801/1416/79 1803/1415/62
f 1611/1412/108 1801/1416/79 1804/1413/36
f 1802/1333/65 1803/1415/62 1798/1417/75
f 1803/1415/62 1801/1416/79 1800/1418/68
f 1800/1418/68 1798/1417/75 1803/1415/62
f 1802/1333/65 1798/1417/75 1799/1419/45
f 1799/1419/45 1794/1327/79 1802/1333/65
f 1800/1418/68 1801/1416/79 1621/1420/79
f 1621/1420/79 1801/1416/79 1611/1412/108
f 1800/1418/68 1797/1421/56 1798/1417/75
f 1797/1421/56 1800/1418/68 1621/1420/79
f 1799/1419/45 1798/1417/75 1791/1422/68
f 1791/1422/68 1794/1327/79 1799/1419/45
f 1798/1417/75 1797/1421/56 1796/1423/40
f 1796/1423/40 1791/1422/68 1798/1417/75
f 1796/1423/40 1797/1421/56 1795/1424/40
f 1795/1424/40 1797/1421/56 1621/1420/79
f 1796/1423/40 1795/1424/40 1788/1425/30
f 1796/1423/40 1788/1425/30 1791/1422/68
f 1777/1426/30 1795/1424/40 1621/1420/79
f 1795/1424/40 1777/1426/30 1788/1425/30
f 1794/1327/79 1791/1422/68 1792/1427/68
f 1792/1427/68 1793/1321/79 1794/1327/79
f 1793/1321/79 1792/1427/68 1790/1319/26
f 1791/1422/68 1789/1428/30 1792/1427/68
f 1789/1428/30 1790/1319/26 1792/1427/68
f 1789/1428/30 1791/1422/68 1788/1425/30
f 1790/1319/26 1789/1428/30 1787/1320/65
f 1781/1429/45 1789/1428/30 1788/1425/30
f 1789/1428/30 1781/1429/45 1787/1320/65
f 1777/1426/30 1778/1430/75 1788/1425/30
f 1781/1429/45 1788/1425/30 1778/1430/75
f 1781/1429/45 1785/1431/66 1787/1320/65
f 1787/1320/65 1785/1431/66 1786/1432/49
f 1786/1432/49 1785/1431/66 1784/1433/47
f 1784/1433/47 1785/1431/66 1783/1434/50
f 1781/1429/45 1783/1434/50 1785/1431/66
f 1784/1433/47 1783/1434/50 1782/1435/51
f 1783/1434/50 1780/1436/56 1782/1435/51
f 1780/1436/56 1783/1434/50 1781/1429/45
f 1782/1435/51 1780/1436/56 1774/1437/79
f 1779/1438/68 1780/1436/56 1781/1429/45
f 1781/1429/45 1778/1430/75 1779/1438/68
f 1780/1436/56 1775/1439/75 1774/1437/79
f 1780/1436/56 1779/1438/68 1775/1439/75
f 1778/1430/75 1776/1440/46 1779/1438/68
f 1779/1438/68 1776/1440/46 1775/1439/75
f 1776/1440/46 1778/1430/75 1625/1441/46
f 1778/1430/75 1777/1426/30 1625/1441/46
f 1621/1420/79 1625/1441/46 1777/1426/30
f 1776/1440/46 1772/1442/45 1775/1439/75
f 1772/1442/45 1776/1440/46 1625/1441/46
f 1775/1439/75 1770/1443/56 1774/1437/79
f 1775/1439/75 1772/1442/45 1770/1443/56
f 1770/1443/56 1773/1444/38 1774/1437/79
f 1772/1442/45 1625/1441/46 1628/1445/56
f 1771/1446/43 1773/1444/38 1770/1443/56
f 1771/1446/43 1767/1447/23 1773/1444/38
f 1770/1443/56 1772/1442/45 1633/1448/65
f 1633/1448/65 1772/1442/45 1628/1445/56
f 1769/1449/2 1771/1446/43 1770/1443/56
f 1771/1446/43 1769/1449/2 1767/1447/23
f 1769/1449/2 1770/1443/56 1768/1450/36
f 1770/1443/56 1633/1448/65 1768/1450/36
f 1769/1449/2 1766/1451/4 1767/1447/23
f 1768/1450/36 1638/1452/36 1769/1449/2
f 1769/1449/2 1638/1452/36 1766/1451/4
f 1768/1450/36 1633/1448/65 1635/1453/36
f 1635/1453/36 1638/1452/36 1768/1450/36
f 1765/1454/2 1767/1447/23 1766/1451/4
f 1762/1455/19 1767/1447/23 1765/1454/2
f 1766/1451/4 1638/1452/36 1764/1456/10
f 1758/1457/11 1765/1454/2 1766/1451/4
f 1766/1451/4 1764/1456/10 1758/1457/11
f 1765/1454/2 1763/1458/13 1762/1455/19
f 1763/1458/13 1765/1454/2 1758/1457/11
f 1640/1459/5 1764/1456/10 1638/1452/36
f 1764/1456/10 1640/1459/5 1758/1457/11
f 1763/1458/13 1759/1460/11 1762/1455/19
f 1763/1458/13 1758/1457/11 1694/1461/8
f 1759/1460/11 1763/1458/13 1694/1461/8
f 1762/1455/19 1759/1460/11 1760/1462/2
f 1762/1455/19 1760/1462/2 1761/1463/23
f 1761/1463/23 1760/1462/2 1757/1464/8
f 1759/1460/11 1755/1465/13 1760/1462/2
f 1757/1464/8 1760/1462/2 1755/1465/13
f 1694/1461/8 1696/1466/36 1759/1460/11
f 1759/1460/11 1696/1466/36 1755/1465/13
f 1694/1461/8 1758/1457/11 1690/1467/25
f 1755/1465/13 1756/1468/12 1757/1464/8
f 1641/1469/26 1690/1467/25 1758/1457/11
f 1641/1469/26 1758/1457/11 1640/1459/5
f 1757/1464/8 1756/1468/12 1747/1470/27
f 1744/1471/16 1757/1464/8 1747/1470/27
f 1756/1468/12 1755/1465/13 1754/1472/25
f 1747/1470/27 1756/1468/12 1753/1473/27
f 1753/1473/27 1756/1468/12 1754/1472/25
f 1755/1465/13 1752/1474/30 1754/1472/25
f 1696/1466/36 1752/1474/30 1755/1465/13
f 1750/1475/7 1753/1473/27 1754/1472/25
f 1751/1476/40 1754/1472/25 1752/1474/30
f 1750/1475/7 1754/1472/25 1751/1476/40
f 1753/1473/27 1749/1477/7 1747/1470/27
f 1749/1477/7 1753/1473/27 1750/1475/7
f 1699/1478/62 1751/1476/40 1752/1474/30
f 1752/1474/30 1696/1466/36 1699/1478/62
f 1750/1475/7 1751/1476/40 1735/1479/62
f 1751/1476/40 1699/1478/62 1702/1480/40
f 1735/1479/62 1751/1476/40 1702/1480/40
f 1749/1477/7 1750/1475/7 1748/1481/5
f 1737/1482/19 1750/1475/7 1735/1479/62
f 1737/1482/19 1748/1481/5 1750/1475/7
f 1748/1481/5 1746/1483/18 1749/1477/7
f 1749/1477/7 1746/1483/18 1747/1470/27
f 1738/1484/13 1748/1481/5 1737/1482/19
f 1748/1481/5 1738/1484/13 1746/1483/18
f 1747/1470/27 1746/1483/18 1745/1485/8
f 1744/1471/16 1747/1470/27 1745/1485/8
f 1745/1485/8 1746/1483/18 1742/1486/18
f 1742/1486/18 1746/1483/18 1738/1484/13
f 1743/1487/29 1744/1471/16 1745/1485/8
f 1743/1487/29 1745/1485/8 1742/1486/18
f 1744/1471/16 1743/1487/29 1741/1488/23
f 1740/1489/22 1743/1487/29 1742/1486/18
f 1741/1488/23 1743/1487/29 1740/1489/22
f 1742/1486/18 1738/1484/13 1740/1489/22
f 1740/1489/22 1739/1490/39 1741/1488/23
f 1739/1490/39 1740/1489/22 1738/1484/13
f 1738/1484/13 1736/1491/4 1739/1490/39
f 1737/1482/19 1736/1491/4 1738/1484/13
f 1736/1491/4 1737/1482/19 1734/1492/30
f 1734/1492/30 1737/1482/19 1735/1479/62
f 1734/1492/30 1731/1493/13 1736/1491/4
f 1735/1479/62 1733/1494/65 1734/1492/30
f 1702/1480/40 1733/1494/65 1735/1479/62
f 1734/1492/30 1733/1494/65 1732/1495/30
f 1734/1492/30 1732/1495/30 1731/1493/13
f 1732/1495/30 1733/1494/65 1712/1496/56
f 1702/1480/40 1712/1496/56 1733/1494/65
f 1728/1497/79 1731/1493/13 1732/1495/30
f 1728/1497/79 1732/1495/30 1712/1496/56
f 1728/1497/79 1729/1498/42 1731/1493/13
f 1731/1493/13 1729/1498/42 1730/1499/13
f 1713/1500/79 1728/1497/79 1712/1496/56
f 1730/1499/13 1729/1498/42 1725/1501/38
f 1727/1502/38 1730/1499/13 1725/1501/38
f 1729/1498/42 1728/1497/79 1716/1503/39
f 1716/1503/39 1725/1501/38 1729/1498/42
f 1728/1497/79 1713/1500/79 1716/1503/39
f 1726/1504/4 1727/1502/38 1725/1501/38
f 1727/1502/38 1726/1504/4 1724/1505/42
f 1722/1506/15 1726/1504/4 1725/1501/38
f 1724/1505/42 1726/1504/4 1722/1506/15
f 1716/1503/39 1717/1507/43 1725/1501/38
f 1717/1507/43 1722/1506/15 1725/1501/38
f 1722/1506/15 1723/1508/5 1724/1505/42
f 1719/1509/21 1724/1505/42 1723/1508/5
f 1722/1506/15 1720/1510/15 1723/1508/5
f 1719/1509/21 1723/1508/5 1720/1510/15
f 1721/1511/21 1720/1510/15 1722/1506/15
f 1721/1511/21 1722/1506/15 1717/1507/43
f 1718/1512/29 1720/1510/15 1721/1511/21
f 1718/1512/29 1721/1511/21 1717/1507/43
f 1707/1513/109 1719/1509/21 1720/1510/15
f 1720/1510/15 1718/1512/29 1707/1513/109
f 1719/1509/21 1707/1513/109 1704/1514/8
f 1715/1515/16 1718/1512/29 1717/1507/43
f 1718/1512/29 1715/1515/16 1707/1513/109
f 1714/1516/42 1717/1507/43 1716/1503/39
f 1717/1507/43 1714/1516/42 1715/1515/16
f 1714/1516/42 1716/1503/39 1713/1500/79
f 1710/1517/50 1715/1515/16 1714/1516/42
f 1710/1517/50 1707/1513/109 1715/1515/16
f 1714/1516/42 1713/1500/79 1711/1518/56
f 1714/1516/42 1711/1518/56 1710/1517/50
f 1713/1500/79 1708/1519/75 1711/1518/56
f 1708/1519/75 1713/1500/79 1712/1496/56
f 1712/1496/56 1702/1480/40 1708/1519/75
f 1709/1520/75 1710/1517/50 1711/1518/56
f 1709/1520/75 1711/1518/56 1708/1519/75
f 1706/1521/51 1710/1517/50 1709/1520/75
f 1707/1513/109 1710/1517/50 1706/1521/51
f 1709/1520/75 1708/1519/75 1701/1522/45
f 1706/1521/51 1709/1520/75 1701/1522/45
f 1702/1480/40 1701/1522/45 1708/1519/75
f 1707/1513/109 1706/1521/51 1705/1523/31
f 1704/1514/8 1707/1513/109 1705/1523/31
f 1706/1521/51 1703/1524/53 1705/1523/31
f 1706/1521/51 1701/1522/45 1703/1524/53
f 1705/1523/31 1681/1525/39 1704/1514/8
f 1681/1525/39 1705/1523/31 1703/1524/53
f 1704/1514/8 1681/1525/39 1678/1526/43
f 1703/1524/53 1701/1522/45 1682/1527/46
f 1681/1525/39 1703/1524/53 1682/1527/46
f 1701/1522/45 1702/1480/40 1700/1528/68
f 1699/1478/62 1700/1528/68 1702/1480/40
f 1682/1527/46 1701/1522/45 1698/1529/75
f 1701/1522/45 1700/1528/68 1698/1529/75
f 1699/1478/62 1695/1530/52 1700/1528/68
f 1698/1529/75 1700/1528/68 1695/1530/52
f 1699/1478/62 1697/1531/24 1695/1530/52
f 1696/1466/36 1697/1531/24 1699/1478/62
f 1683/1532/51 1698/1529/75 1695/1530/52
f 1698/1529/75 1683/1532/51 1682/1527/46
f 1697/1531/24 1688/1533/7 1695/1530/52
f 1697/1531/24 1696/1466/36 1692/1534/26
f 1692/1534/26 1688/1533/7 1697/1531/24
f 1693/1535/26 1692/1534/26 1696/1466/36
f 1694/1461/8 1693/1535/26 1696/1466/36
f 1695/1530/52 1688/1533/7 1687/1536/49
f 1687/1536/49 1683/1532/51 1695/1530/52
f 1693/1535/26 1694/1461/8 1691/1537/27
f 1694/1461/8 1690/1467/25 1691/1537/27
f 1693/1535/26 1689/1538/7 1692/1534/26
f 1693/1535/26 1691/1537/27 1689/1538/7
f 1689/1538/7 1688/1533/7 1692/1534/26
f 1691/1537/27 1690/1467/25 1686/1539/27
f 1691/1537/27 1686/1539/27 1689/1538/7
f 1690/1467/25 1641/1469/26 1686/1539/27
f 1685/1540/50 1688/1533/7 1689/1538/7
f 1689/1538/7 1686/1539/27 1685/1540/50
f 1688/1533/7 1685/1540/50 1687/1536/49
f 1685/1540/50 1683/1532/51 1687/1536/49
f 1685/1540/50 1686/1539/27 1664/1541/25
f 1641/1469/26 1664/1541/25 1686/1539/27
f 1684/1542/52 1683/1532/51 1685/1540/50
f 1668/1543/49 1685/1540/50 1664/1541/25
f 1684/1542/52 1685/1540/50 1668/1543/49
f 1684/1542/52 1673/1544/69 1683/1532/51
f 1668/1543/49 1673/1544/69 1684/1542/52
f 1683/1532/51 1679/1545/22 1682/1527/46
f 1673/1544/69 1679/1545/22 1683/1532/51
f 1679/1545/22 1681/1525/39 1682/1527/46
f 1681/1525/39 1679/1545/22 1680/1546/38
f 1681/1525/39 1680/1546/38 1678/1526/43
f 1676/1547/39 1680/1546/38 1679/1545/22
f 1676/1547/39 1678/1526/43 1680/1546/38
f 1679/1545/22 1673/1544/69 1676/1547/39
f 1677/1548/19 1678/1526/43 1676/1547/39
f 1675/1549/43 1677/1548/19 1676/1547/39
f 1674/1550/23 1675/1549/43 1676/1547/39
f 1673/1544/69 1674/1550/23 1676/1547/39
f 1672/1551/38 1675/1549/43 1674/1550/23
f 1670/1552/46 1674/1550/23 1673/1544/69
f 1672/1551/38 1674/1550/23 1670/1552/46
f 1670/1552/46 1673/1544/69 1668/1543/49
f 1670/1552/46 1669/1553/22 1672/1551/38
f 1669/1553/22 1671/1554/45 1672/1551/38
f 1671/1554/45 1669/1553/22 1656/1555/66
f 1667/1556/49 1670/1552/46 1668/1543/49
f 1666/1557/50 1669/1553/22 1670/1552/46
f 1667/1556/49 1666/1557/50 1670/1552/46
f 1669/1553/22 1666/1557/50 1656/1555/66
f 1663/1558/51 1667/1556/49 1668/1543/49
f 1664/1541/25 1663/1558/51 1668/1543/49
f 1667/1556/49 1665/1559/52 1666/1557/50
f 1667/1556/49 1663/1558/51 1665/1559/52
f 1666/1557/50 1657/1560/47 1656/1555/66
f 1665/1559/52 1660/1561/51 1666/1557/50
f 1666/1557/50 1660/1561/51 1657/1560/47
f 1662/1562/66 1665/1559/52 1663/1558/51
f 1660/1561/51 1665/1559/52 1662/1562/66
f 1664/1541/25 1661/1563/24 1663/1558/51
f 1661/1563/24 1664/1541/25 1641/1469/26
f 1663/1558/51 1647/1564/50 1662/1562/66
f 1647/1564/50 1663/1558/51 1661/1563/24
f 1660/1561/51 1662/1562/66 1659/1565/110
f 1659/1565/110 1662/1562/66 1647/1564/50
f 1641/1469/26 1642/1566/3 1661/1563/24
f 1661/1563/24 1642/1566/3 1647/1564/50
f 1660/1561/51 1659/1565/110 1658/1567/47
f 1657/1560/47 1660/1561/51 1658/1567/47
f 1659/1565/110 1649/1568/21 1658/1567/47
f 1647/1564/50 1649/1568/21 1659/1565/110
f 1652/1569/16 1657/1560/47 1658/1567/47
f 1649/1568/21 1652/1569/16 1658/1567/47
f 1657/1560/47 1654/1570/47 1656/1555/66
f 1652/1569/16 1654/1570/47 1657/1560/47
f 1654/1570/47 1655/1571/29 1656/1555/66
f 1653/1244/49 1655/1571/29 1654/1570/47
f 1652/1569/16 1653/1244/49 1654/1570/47
f 1652/1569/16 1651/1243/29 1653/1244/49
f 1649/1568/21 1651/1243/29 1652/1569/16
f 1651/1243/29 1649/1568/21 1650/1240/29
f 1648/1224/31 1650/1240/29 1649/1568/21
f 1649/1568/21 1647/1564/50 1648/1224/31
f 1648/1224/31 1647/1564/50 1646/1216/15
f 1647/1564/50 1644/1572/3 1646/1216/15
f 1642/1566/3 1644/1572/3 1647/1564/50
f 1645/1210/8 1646/1216/15 1644/1572/3
f 1645/1210/8 1644/1572/3 1643/1573/3
f 1645/1210/8 1643/1573/3 1637/1208/62
f 1644/1572/3 1642/1566/3 1639/1574/27
f 1643/1573/3 1644/1572/3 1639/1574/27
f 1637/1208/62 1643/1573/3 1639/1574/27
f 1642/1566/3 1641/1469/26 1639/1574/27
f 1641/1469/26 1640/1459/5 1639/1574/27
f 1640/1459/5 1638/1452/36 1639/1574/27
f 1637/1208/62 1639/1574/27 1638/1452/36
f 1638/1452/36 1635/1453/36 1637/1208/62
f 1635/1453/36 1636/1209/36 1637/1208/62
f 1634/1211/59 1636/1209/36 1635/1453/36
f 1633/1448/65 1634/1211/59 1635/1453/36
f 1633/1448/65 1632/1575/40 1634/1211/59
f 1634/1211/59 1632/1575/40 1631/1194/36
f 1632/1575/40 1633/1448/65 1628/1445/56
f 1630/1576/36 1631/1194/36 1632/1575/40
f 1628/1445/56 1630/1576/36 1632/1575/40
f 1629/1192/36 1631/1194/36 1630/1576/36
f 1630/1576/36 1626/1577/45 1629/1192/36
f 1630/1576/36 1628/1445/56 1626/1577/45
f 1626/1577/45 1624/1193/56 1629/1192/36
f 1628/1445/56 1627/1578/75 1626/1577/45
f 1625/1441/46 1627/1578/75 1628/1445/56
f 1626/1577/45 1627/1578/75 1623/1579/46
f 1623/1579/46 1627/1578/75 1625/1441/46
f 1624/1193/56 1626/1577/45 1623/1579/46
f 1625/1441/46 1621/1420/79 1623/1579/46
f 1623/1579/46 1618/1580/62 1624/1193/56
f 1624/1193/56 1618/1580/62 1622/1185/75
f 1615/1581/30 1623/1579/46 1621/1420/79
f 1623/1579/46 1615/1581/30 1618/1580/62
f 1618/1580/62 1619/1582/65 1622/1185/75
f 1619/1582/65 1620/1183/62 1622/1185/75
f 1621/1420/79 1612/1583/45 1615/1581/30
f 1621/1420/79 1611/1412/108 1612/1583/45
f 1619/1582/65 1616/1584/36 1620/1183/62
f 1620/1183/62 1616/1584/36 1259/1181/40
f 1617/1585/36 1619/1582/65 1618/1580/62
f 1619/1582/65 1617/1585/36 1616/1584/36
f 1614/1586/111 1617/1585/36 1618/1580/62
f 1614/1586/111 1618/1580/62 1615/1581/30
f 1616/1584/36 1617/1585/36 1252/1587/30
f 1617/1585/36 1614/1586/111 1252/1587/30
f 1254/1588/36 1259/1181/40 1616/1584/36
f 1254/1588/36 1616/1584/36 1252/1587/30
f 1615/1581/30 1613/1589/75 1614/1586/111
f 1612/1583/45 1613/1589/75 1615/1581/30
f 1607/1590/56 1614/1586/111 1613/1589/75
f 1614/1586/111 1607/1590/56 1252/1587/30
f 1612/1583/45 1609/1591/45 1613/1589/75
f 1609/1591/45 1607/1590/56 1613/1589/75
f 1605/1592/56 1612/1583/45 1611/1412/108
f 1605/1592/56 1609/1591/45 1612/1583/45
f 1605/1592/56 1611/1412/108 1610/1414/65
f 1600/1407/75 1605/1592/56 1610/1414/65
f 1606/1593/45 1607/1590/56 1609/1591/45
f 1605/1592/56 1608/1594/45 1609/1591/45
f 1606/1593/45 1609/1591/45 1608/1594/45
f 1608/1594/45 1605/1592/56 1604/1595/68
f 1608/1594/45 1604/1595/68 1606/1593/45
f 1606/1593/45 1567/1596/45 1607/1590/56
f 1607/1590/56 1567/1596/45 1252/1587/30
f 1606/1593/45 1604/1595/68 1570/1597/56
f 1570/1597/56 1567/1596/45 1606/1593/45
f 1604/1595/68 1605/1592/56 1603/1598/79
f 1603/1598/79 1605/1592/56 1600/1407/75
f 1604/1595/68 1575/1599/68 1570/1597/56
f 1604/1595/68 1603/1598/79 1602/1600/79
f 1602/1600/79 1575/1599/68 1604/1595/68
f 1603/1598/79 1600/1407/75 1598/1601/68
f 1602/1600/79 1603/1598/79 1601/1602/68
f 1601/1602/68 1603/1598/79 1598/1601/68
f 1576/1603/79 1602/1600/79 1601/1602/68
f 1576/1603/79 1575/1599/68 1602/1600/79
f 1601/1602/68 1598/1601/68 1581/1604/68
f 1581/1604/68 1576/1603/79 1601/1602/68
f 1598/1601/68 1600/1407/75 1597/1605/23
f 1597/1605/23 1600/1407/75 1599/1399/38
f 1599/1399/38 1595/1400/23 1597/1605/23
f 1598/1601/68 1597/1605/23 1583/1606/56
f 1598/1601/68 1583/1606/56 1581/1604/68
f 1596/1607/75 1597/1605/23 1595/1400/23
f 1583/1606/56 1597/1605/23 1596/1607/75
f 1588/1608/46 1596/1607/75 1595/1400/23
f 1588/1608/46 1583/1606/56 1596/1607/75
f 1595/1400/23 1592/1609/42 1588/1608/46
f 1594/1393/22 1592/1609/42 1595/1400/23
f 1593/1394/22 1592/1609/42 1594/1393/22
f 1590/1610/112 1592/1609/42 1593/1394/22
f 1593/1394/22 1591/1392/69 1590/1610/112
f 1589/1611/22 1588/1608/46 1592/1609/42
f 1592/1609/42 1590/1610/112 1589/1611/22
f 1590/1610/112 1591/1392/69 1532/1612/21
f 1591/1392/69 1530/1391/47 1532/1612/21
f 1586/1613/47 1589/1611/22 1590/1610/112
f 1532/1612/21 1586/1613/47 1590/1610/112
f 1589/1611/22 1587/1614/22 1588/1608/46
f 1585/1615/21 1589/1611/22 1586/1613/47
f 1587/1614/22 1589/1611/22 1585/1615/21
f 1587/1614/22 1582/1616/56 1588/1608/46
f 1583/1606/56 1588/1608/46 1582/1616/56
f 1584/1617/113 1587/1614/22 1585/1615/21
f 1587/1614/22 1584/1617/113 1582/1616/56
f 1585/1615/21 1586/1613/47 1535/1618/69
f 1586/1613/47 1532/1612/21 1535/1618/69
f 1584/1617/113 1585/1615/21 1548/1619/47
f 1535/1618/69 1536/1620/16 1585/1615/21
f 1548/1619/47 1585/1615/21 1536/1620/16
f 1582/1616/56 1584/1617/113 1552/1621/114
f 1584/1617/113 1548/1619/47 1552/1621/114
f 1582/1616/56 1580/1622/75 1583/1606/56
f 1580/1622/75 1581/1604/68 1583/1606/56
f 1578/1623/45 1582/1616/56 1552/1621/114
f 1580/1622/75 1582/1616/56 1578/1623/45
f 1581/1604/68 1580/1622/75 1572/1624/68
f 1581/1604/68 1572/1624/68 1576/1603/79
f 1580/1622/75 1578/1623/45 1579/1625/46
f 1580/1622/75 1579/1625/46 1572/1624/68
f 1577/1626/79 1579/1625/46 1578/1623/45
f 1577/1626/79 1572/1624/68 1579/1625/46
f 1578/1623/45 1560/1627/45 1577/1626/79
f 1578/1623/45 1552/1621/114 1560/1627/45
f 1562/1628/68 1572/1624/68 1577/1626/79
f 1577/1626/79 1560/1627/45 1562/1628/68
f 1572/1624/68 1574/1629/68 1576/1603/79
f 1576/1603/79 1574/1629/68 1575/1599/68
f 1574/1629/68 1572/1624/68 1573/1630/68
f 1574/1629/68 1571/1631/79 1575/1599/68
f 1571/1631/79 1570/1597/56 1575/1599/68
f 1574/1629/68 1573/1630/68 1569/1632/79
f 1569/1632/79 1571/1631/79 1574/1629/68
f 1563/1633/68 1573/1630/68 1572/1624/68
f 1569/1632/79 1573/1630/68 1563/1633/68
f 1563/1633/68 1572/1624/68 1562/1628/68
f 1569/1632/79 1568/1634/79 1571/1631/79
f 1570/1597/56 1571/1631/79 1566/1635/56
f 1568/1634/79 1566/1635/56 1571/1631/79
f 1566/1635/56 1567/1596/45 1570/1597/56
f 1569/1632/79 1564/1636/79 1568/1634/79
f 1564/1636/79 1569/1632/79 1563/1633/68
f 1565/1637/56 1566/1635/56 1568/1634/79
f 1565/1637/56 1568/1634/79 1564/1636/79
f 1566/1635/56 1251/1638/46 1567/1596/45
f 1252/1587/30 1567/1596/45 1251/1638/46
f 1565/1637/56 1272/1639/45 1566/1635/56
f 1566/1635/56 1272/1639/45 1251/1638/46
f 1565/1637/56 1564/1636/79 1274/1640/56
f 1274/1640/56 1272/1639/45 1565/1637/56
f 1557/1641/75 1564/1636/79 1563/1633/68
f 1557/1641/75 1274/1640/56 1564/1636/79
f 1561/1642/79 1557/1641/75 1563/1633/68
f 1562/1628/68 1561/1642/79 1563/1633/68
f 1559/1643/45 1561/1642/79 1562/1628/68
f 1562/1628/68 1560/1627/45 1559/1643/45
f 1561/1642/79 1558/1644/75 1557/1641/75
f 1559/1643/45 1558/1644/75 1561/1642/79
f 1559/1643/45 1560/1627/45 1553/1645/42
f 1552/1621/114 1553/1645/42 1560/1627/45
f 1558/1644/75 1559/1643/45 1556/1646/45
f 1554/1647/115 1559/1643/45 1553/1645/42
f 1559/1643/45 1554/1647/115 1556/1646/45
f 1558/1644/75 1453/1648/66 1557/1641/75
f 1558/1644/75 1556/1646/45 1453/1648/66
f 1450/1649/53 1557/1641/75 1453/1648/66
f 1274/1640/56 1557/1641/75 1450/1649/53
f 1556/1646/45 1554/1647/115 1555/1650/66
f 1274/1640/56 1450/1649/53 1275/1651/45
f 1556/1646/45 1555/1650/66 1456/1652/51
f 1556/1646/45 1456/1652/51 1453/1648/66
f 1459/1653/51 1555/1650/66 1554/1647/115
f 1555/1650/66 1459/1653/51 1456/1652/51
f 1554/1647/115 1553/1645/42 1551/1654/42
f 1554/1647/115 1551/1654/42 1459/1653/51
f 1553/1645/42 1550/1655/42 1551/1654/42
f 1553/1645/42 1552/1621/114 1550/1655/42
f 1459/1653/51 1551/1654/42 1462/1656/47
f 1550/1655/42 1552/1621/114 1549/1657/69
f 1549/1657/69 1552/1621/114 1548/1619/47
f 1550/1655/42 1544/1658/69 1551/1654/42
f 1551/1654/42 1544/1658/69 1462/1656/47
f 1546/1659/47 1550/1655/42 1549/1657/69
f 1544/1658/69 1550/1655/42 1546/1659/47
f 1547/1660/31 1549/1657/69 1548/1619/47
f 1547/1660/31 1546/1659/47 1549/1657/69
f 1537/1661/16 1547/1660/31 1548/1619/47
f 1548/1619/47 1536/1620/16 1537/1661/16
f 1545/1662/31 1546/1659/47 1547/1660/31
f 1542/1663/31 1547/1660/31 1537/1661/16
f 1542/1663/31 1545/1662/31 1547/1660/31
f 1546/1659/47 1545/1662/31 1543/1664/16
f 1544/1658/69 1546/1659/47 1543/1664/16
f 1542/1663/31 1540/1665/29 1545/1662/31
f 1540/1665/29 1543/1664/16 1545/1662/31
f 1538/1666/16 1542/1663/31 1537/1661/16
f 1544/1658/69 1543/1664/16 1463/1667/31
f 1463/1667/31 1462/1656/47 1544/1658/69
f 1541/1668/31 1543/1664/16 1540/1665/29
f 1541/1668/31 1463/1667/31 1543/1664/16
f 1542/1663/31 1539/1669/29 1540/1665/29
f 1539/1669/29 1542/1663/31 1538/1666/16
f 1541/1668/31 1540/1665/29 1485/1670/29
f 1541/1668/31 1485/1670/29 1463/1667/31
f 1539/1669/29 1487/1671/47 1540/1665/29
f 1540/1665/29 1487/1671/47 1485/1670/29
f 1538/1666/16 1492/1672/69 1539/1669/29
f 1492/1672/69 1487/1671/47 1539/1669/29
f 1529/1673/69 1538/1666/16 1537/1661/16
f 1492/1672/69 1538/1666/16 1529/1673/69
f 1536/1620/16 1529/1673/69 1537/1661/16
f 1529/1673/69 1536/1620/16 1531/1674/16
f 1531/1674/16 1536/1620/16 1535/1618/69
f 1528/1675/69 1492/1672/69 1529/1673/69
f 1531/1674/16 1535/1618/69 1533/1676/31
f 1494/1677/29 1492/1672/69 1528/1675/69
f 1534/1678/16 1533/1676/31 1535/1618/69
f 1535/1618/69 1532/1612/21 1534/1678/16
f 1534/1678/16 1525/1679/31 1533/1676/31
f 1534/1678/16 1532/1612/21 1523/1680/16
f 1534/1678/16 1523/1680/16 1525/1679/31
f 1525/1679/31 1526/1681/31 1533/1676/31
f 1531/1674/16 1533/1676/31 1526/1681/31
f 1523/1680/16 1532/1612/21 1521/1682/69
f 1521/1682/69 1532/1612/21 1530/1391/47
f 1531/1674/16 1526/1681/31 1527/1683/16
f 1529/1673/69 1531/1674/16 1527/1683/16
f 1516/1684/51 1521/1682/69 1530/1391/47
f 1516/1684/51 1530/1391/47 1515/1395/66
f 1529/1673/69 1527/1683/16 1496/1685/47
f 1529/1673/69 1496/1685/47 1528/1675/69
f 1496/1685/47 1494/1677/29 1528/1675/69
f 1527/1683/16 1526/1681/31 1524/1686/31
f 1496/1685/47 1527/1683/16 1524/1686/31
f 1526/1681/31 1504/1687/16 1524/1686/31
f 1504/1687/16 1526/1681/31 1525/1679/31
f 1525/1679/31 1523/1680/16 1504/1687/16
f 1496/1685/47 1524/1686/31 1500/1688/69
f 1524/1686/31 1504/1687/16 1500/1688/69
f 1523/1680/16 1522/1689/29 1504/1687/16
f 1523/1680/16 1520/1690/29 1522/1689/29
f 1523/1680/16 1521/1682/69 1520/1690/29
f 1504/1687/16 1522/1689/29 1519/1691/16
f 1519/1691/16 1522/1689/29 1520/1690/29
f 1518/1692/21 1520/1690/29 1521/1682/69
f 1516/1684/51 1518/1692/21 1521/1682/69
f 1520/1690/29 1509/1693/31 1519/1691/16
f 1511/1694/31 1520/1690/29 1518/1692/21
f 1511/1694/31 1509/1693/31 1520/1690/29
f 1518/1692/21 1516/1684/51 1517/1695/50
f 1509/1693/31 1505/1696/16 1519/1691/16
f 1505/1696/16 1504/1687/16 1519/1691/16
f 1513/1697/69 1518/1692/21 1517/1695/50
f 1513/1697/69 1511/1694/31 1518/1692/21
f 9/1698/66 1517/1695/50 1516/1684/51
f 1513/1697/69 1517/1695/50 9/1698/66
f 1515/1395/66 1514/1699/66 1516/1684/51
f 1514/1699/66 9/1698/66 1516/1684/51
f 1514/1699/66 1515/1395/66 1512/1385/107
f 1514/1699/66 10/1700/51 9/1698/66
f 10/1700/51 1514/1699/66 1512/1385/107
f 1513/1697/69 9/1698/66 525/1701/50
f 13/1702/51 10/1700/51 1512/1385/107
f 1510/1703/69 1513/1697/69 525/1701/50
f 1511/1694/31 1513/1697/69 1510/1703/69
f 1512/1385/107 18/1704/49 13/1702/51
f 26/1382/21 18/1704/49 1512/1385/107
f 1508/1705/16 1511/1694/31 1510/1703/69
f 529/1706/66 1508/1705/16 1510/1703/69
f 529/1706/66 1510/1703/69 525/1701/50
f 1508/1705/16 1507/1707/16 1511/1694/31
f 1511/1694/31 1507/1707/16 1509/1693/31
f 530/1708/16 1508/1705/16 529/1706/66
f 530/1708/16 1507/1707/16 1508/1705/16
f 1506/1709/16 1509/1693/31 1507/1707/16
f 1505/1696/16 1509/1693/31 1506/1709/16
f 1506/1709/16 1507/1707/16 537/1710/31
f 530/1708/16 537/1710/31 1507/1707/16
f 1505/1696/16 1506/1709/16 541/1711/16
f 541/1711/16 1506/1709/16 537/1710/31
f 541/1711/16 1503/1712/69 1505/1696/16
f 541/1711/16 537/1710/31 538/1713/69
f 1501/1714/31 1505/1696/16 1503/1712/69
f 1504/1687/16 1505/1696/16 1501/1714/31
f 541/1711/16 542/1715/29 1503/1712/69
f 1501/1714/31 1502/1716/16 1504/1687/16
f 1502/1716/16 1500/1688/69 1504/1687/16
f 1501/1714/31 1503/1712/69 818/1717/31
f 818/1717/31 1503/1712/69 542/1715/29
f 1501/1714/31 1499/1718/69 1502/1716/16
f 1499/1718/69 1500/1688/69 1502/1716/16
f 1501/1714/31 1498/1719/16 1499/1718/69
f 1501/1714/31 818/1717/31 1498/1719/16
f 1499/1718/69 1497/1720/69 1500/1688/69
f 1496/1685/47 1500/1688/69 1497/1720/69
f 820/1721/16 1499/1718/69 1498/1719/16
f 1499/1718/69 820/1721/16 1497/1720/69
f 818/1717/31 820/1721/16 1498/1719/16
f 1496/1685/47 1497/1720/69 838/1722/47
f 1497/1720/69 820/1721/16 838/1722/47
f 1496/1685/47 838/1722/47 1495/1723/29
f 1495/1723/29 1494/1677/29 1496/1685/47
f 1495/1723/29 838/1722/47 842/1724/31
f 1495/1723/29 1493/1725/31 1494/1677/29
f 842/1724/31 1493/1725/31 1495/1723/29
f 1494/1677/29 1493/1725/31 1491/1726/69
f 1492/1672/69 1494/1677/29 1491/1726/69
f 1490/1727/69 1491/1726/69 1493/1725/31
f 1492/1672/69 1491/1726/69 1487/1671/47
f 1490/1727/69 1487/1671/47 1491/1726/69
f 1488/1728/47 1487/1671/47 1490/1727/69
f 1489/1729/21 1488/1728/47 1490/1727/69
f 1489/1729/21 1484/1730/21 1488/1728/47
f 1487/1671/47 1488/1728/47 1486/1731/21
f 1484/1730/21 1486/1731/21 1488/1728/47
f 1486/1731/21 1485/1670/29 1487/1671/47
f 1481/1732/21 1486/1731/21 1484/1730/21
f 1486/1731/21 1468/1733/21 1485/1670/29
f 1486/1731/21 1481/1732/21 1468/1733/21
f 1485/1670/29 1468/1733/21 1465/1734/69
f 1465/1734/69 1463/1667/31 1485/1670/29
f 1482/1735/31 1481/1732/21 1484/1730/21
f 1484/1730/21 1483/1736/32 1482/1735/31
f 1481/1732/21 1469/1737/21 1468/1733/21
f 1482/1735/31 1483/1736/32 1479/1738/16
f 1483/1736/32 1480/1739/5 1479/1738/16
f 1482/1735/31 1471/1740/21 1481/1732/21
f 1479/1738/16 1471/1740/21 1482/1735/31
f 1469/1737/21 1481/1732/21 1471/1740/21
f 1480/1739/5 1478/1741/18 1479/1738/16
f 1477/1742/18 1478/1741/18 1480/1739/5
f 1474/1743/16 1471/1740/21 1479/1738/16
f 1479/1738/16 1478/1741/18 1474/1743/16
f 1475/1744/116 1478/1741/18 1477/1742/18
f 1474/1743/16 1478/1741/18 1475/1744/116
f 1477/1742/18 1476/1745/15 1475/1744/116
f 1476/1745/15 1472/1746/9 1475/1744/116
f 1470/1747/21 1471/1740/21 1474/1743/16
f 1473/1748/12 1475/1744/116 1472/1746/9
f 1474/1743/16 1475/1744/116 1464/1749/16
f 1473/1748/12 1464/1749/16 1475/1744/116
f 1474/1743/16 1464/1749/16 1470/1747/21
f 1473/1748/12 1472/1746/9 215/1750/29
f 1464/1749/16 1473/1748/12 215/1750/29
f 216/1751/33 215/1750/29 1472/1746/9
f 1467/1752/29 1471/1740/21 1470/1747/21
f 1469/1737/21 1471/1740/21 1467/1752/29
f 1464/1749/16 1430/1753/69 1470/1747/21
f 1430/1753/69 1467/1752/29 1470/1747/21
f 1467/1752/29 1466/1754/21 1469/1737/21
f 1469/1737/21 1466/1754/21 1468/1733/21
f 1465/1734/69 1468/1733/21 1466/1754/21
f 1467/1752/29 1431/1755/29 1466/1754/21
f 1430/1753/69 1431/1755/29 1467/1752/29
f 1465/1734/69 1466/1754/21 1461/1756/16
f 1466/1754/21 1431/1755/29 1461/1756/16
f 1465/1734/69 1461/1756/16 1463/1667/31
f 1464/1749/16 1424/1757/69 1430/1753/69
f 1424/1757/69 1464/1749/16 215/1750/29
f 1460/1758/50 1463/1667/31 1461/1756/16
f 1462/1656/47 1463/1667/31 1460/1758/50
f 1462/1656/47 1460/1758/50 1459/1653/51
f 1461/1756/16 1457/1759/21 1460/1758/50
f 1431/1755/29 1457/1759/21 1461/1756/16
f 1460/1758/50 1458/1760/66 1459/1653/51
f 1457/1759/21 1458/1760/66 1460/1758/50
f 1456/1652/51 1459/1653/51 1458/1760/66
f 1458/1760/66 1457/1759/21 1454/1761/50
f 1458/1760/66 1454/1761/50 1456/1652/51
f 1457/1759/21 1436/1762/66 1454/1761/50
f 1456/1652/51 1454/1761/50 1455/1763/51
f 1457/1759/21 1433/1764/69 1436/1762/66
f 1431/1755/29 1433/1764/69 1457/1759/21
f 1455/1763/51 1452/1765/49 1456/1652/51
f 1456/1652/51 1452/1765/49 1453/1648/66
f 1454/1761/50 1446/1766/66 1455/1763/51
f 1455/1763/51 1446/1766/66 1452/1765/49
f 1454/1761/50 1436/1762/66 1437/1767/66
f 1446/1766/66 1454/1761/50 1437/1767/66
f 1453/1648/66 1452/1765/49 1449/1768/52
f 1453/1648/66 1449/1768/52 1450/1649/53
f 1451/1769/49 1452/1765/49 1446/1766/66
f 1452/1765/49 1451/1769/49 1449/1768/52
f 1451/1769/49 1446/1766/66 1448/1770/53
f 1450/1649/53 1449/1768/52 1281/1771/52
f 1448/1770/53 1447/1772/49 1451/1769/49
f 1451/1769/49 1447/1772/49 1449/1768/52
f 1275/1651/45 1450/1649/53 1281/1771/52
f 1449/1768/52 1447/1772/49 1445/1773/50
f 1449/1768/52 1445/1773/50 1281/1771/52
f 1441/1774/66 1447/1772/49 1448/1770/53
f 1441/1774/66 1448/1770/53 1446/1766/66
f 1447/1772/49 1443/1775/50 1445/1773/50
f 1447/1772/49 1441/1774/66 1443/1775/50
f 1445/1773/50 1444/1776/50 1281/1771/52
f 1441/1774/66 1446/1766/66 1438/1777/66
f 1437/1767/66 1438/1777/66 1446/1766/66
f 1325/1778/66 1444/1776/50 1445/1773/50
f 1445/1773/50 1443/1775/50 1325/1778/66
f 1294/1779/53 1281/1771/52 1444/1776/50
f 1325/1778/66 1294/1779/53 1444/1776/50
f 1443/1775/50 1442/1780/52 1325/1778/66
f 1443/1775/50 1331/1781/66 1442/1780/52
f 1441/1774/66 1331/1781/66 1443/1775/50
f 1442/1780/52 1327/1782/117 1325/1778/66
f 1442/1780/52 1331/1781/66 1327/1782/117
f 1441/1774/66 1440/1783/56 1331/1781/66
f 1438/1777/66 1440/1783/56 1441/1774/66
f 1331/1781/66 1440/1783/56 1439/1784/45
f 1438/1777/66 1439/1784/45 1440/1783/56
f 1332/1785/46 1331/1781/66 1439/1784/45
f 1439/1784/45 1438/1777/66 1407/1786/43
f 1332/1785/46 1439/1784/45 1407/1786/43
f 1438/1777/66 1435/1787/47 1407/1786/43
f 1435/1787/47 1438/1777/66 1437/1767/66
f 1435/1787/47 1437/1767/66 1434/1788/21
f 1437/1767/66 1436/1762/66 1434/1788/21
f 1436/1762/66 1433/1764/69 1434/1788/21
f 1408/1789/47 1435/1787/47 1434/1788/21
f 1407/1786/43 1435/1787/47 1408/1789/47
f 1427/1790/69 1434/1788/21 1433/1764/69
f 1408/1789/47 1434/1788/21 1427/1790/69
f 1427/1790/69 1433/1764/69 1432/1791/31
f 1432/1791/31 1433/1764/69 1431/1755/29
f 1432/1791/31 1428/1792/29 1427/1790/69
f 1431/1755/29 1429/1793/31 1432/1791/31
f 1428/1792/29 1432/1791/31 1429/1793/31
f 1426/1794/69 1429/1793/31 1431/1755/29
f 1426/1794/69 1431/1755/29 1430/1753/69
f 1426/1794/69 1430/1753/69 1424/1757/69
f 1425/1795/16 1428/1792/29 1429/1793/31
f 1426/1794/69 1425/1795/16 1429/1793/31
f 1428/1792/29 1419/1796/29 1427/1790/69
f 1428/1792/29 1425/1795/16 1419/1796/29
f 1419/1796/29 1408/1789/47 1427/1790/69
f 1422/1797/69 1425/1795/16 1426/1794/69
f 1422/1797/69 1426/1794/69 1424/1757/69
f 1419/1796/29 1425/1795/16 1423/1798/31
f 1423/1798/31 1425/1795/16 1422/1797/69
f 1423/1798/31 1420/1799/16 1419/1796/29
f 1422/1797/69 1424/1757/69 1417/1800/16
f 1417/1800/16 1424/1757/69 215/1750/29
f 1421/1801/16 1423/1798/31 1422/1797/69
f 1423/1798/31 1421/1801/16 1420/1799/16
f 1421/1801/16 1422/1797/69 1418/1802/16
f 1418/1802/16 1422/1797/69 1417/1800/16
f 1421/1801/16 1415/1803/31 1420/1799/16
f 1415/1803/31 1421/1801/16 1418/1802/16
f 1420/1799/16 1413/1804/29 1419/1796/29
f 1413/1804/29 1420/1799/16 1415/1803/31
f 1413/1804/29 1408/1789/47 1419/1796/29
f 1415/1803/31 1418/1802/16 1416/1805/16
f 1409/1806/42 1408/1789/47 1413/1804/29
f 1418/1802/16 209/1807/31 1416/1805/16
f 209/1807/31 1418/1802/16 1417/1800/16
f 1415/1803/31 1416/1805/16 1414/1808/118
f 209/1807/31 1417/1800/16 212/1809/31
f 212/1809/31 1417/1800/16 215/1750/29
f 1416/1805/16 208/1810/119 1414/1808/118
f 209/1807/31 208/1810/119 1416/1805/16
f 1415/1803/31 1414/1808/118 1411/1811/120
f 1413/1804/29 1415/1803/31 1411/1811/120
f 205/1812/39 1414/1808/118 208/1810/119
f 1414/1808/118 205/1812/39 1411/1811/120
f 1412/1813/16 1413/1804/29 1411/1811/120
f 1412/1813/16 1409/1806/42 1413/1804/29
f 1412/1813/16 1411/1811/120 1410/1814/38
f 1410/1814/38 1409/1806/42 1412/1813/16
f 1411/1811/120 1402/1815/23 1410/1814/38
f 1402/1815/23 1411/1811/120 205/1812/39
f 1409/1806/42 1410/1814/38 1404/1816/39
f 1404/1816/39 1410/1814/38 1402/1815/23
f 1406/1817/42 1408/1789/47 1409/1806/42
f 1406/1817/42 1409/1806/42 1404/1816/39
f 1408/1789/47 1406/1817/42 1407/1786/43
f 1406/1817/42 1404/1816/39 1405/1818/38
f 1403/1819/42 1407/1786/43 1406/1817/42
f 1407/1786/43 1403/1819/42 1332/1785/46
f 1405/1818/38 1391/1820/38 1406/1817/42
f 1406/1817/42 1391/1820/38 1403/1819/42
f 1400/1821/23 1405/1818/38 1404/1816/39
f 1405/1818/38 1400/1821/23 1391/1820/38
f 1400/1821/23 1404/1816/39 1402/1815/23
f 1390/1822/43 1403/1819/42 1391/1820/38
f 1332/1785/46 1403/1819/42 1390/1822/43
f 1401/1823/42 1400/1821/23 1402/1815/23
f 1390/1822/43 1330/1824/121 1332/1785/46
f 1402/1815/23 203/1825/23 1401/1823/42
f 203/1825/23 1402/1815/23 205/1812/39
f 1399/1826/42 1400/1821/23 1401/1823/42
f 1398/1827/22 1401/1823/42 203/1825/23
f 1399/1826/42 1401/1823/42 1398/1827/22
f 1396/1828/42 1400/1821/23 1399/1826/42
f 1396/1828/42 1391/1820/38 1400/1821/23
f 1397/880/38 1399/1826/42 1398/1827/22
f 1397/880/38 1396/1828/42 1399/1826/42
f 1397/880/38 1398/1827/22 202/1829/38
f 1398/1827/22 203/1825/23 202/1829/38
f 1395/883/4 1396/1828/42 1397/880/38
f 1394/877/10 1397/880/38 202/1829/38
f 1395/883/4 1392/1830/39 1396/1828/42
f 1391/1820/38 1396/1828/42 1392/1830/39
f 1393/889/16 1392/1830/39 1395/883/4
f 202/1829/38 199/875/19 1394/877/10
f 1393/889/16 1385/1831/16 1392/1830/39
f 1387/890/12 1385/1831/16 1393/889/16
f 1392/1830/39 1389/1832/21 1391/1820/38
f 1385/1831/16 1389/1832/21 1392/1830/39
f 1389/1832/21 1388/1833/22 1391/1820/38
f 1390/1822/43 1391/1820/38 1388/1833/22
f 1390/1822/43 1388/1833/22 1330/1824/121
f 1389/1832/21 1372/1834/29 1388/1833/22
f 1372/1834/29 1389/1832/21 1385/1831/16
f 1388/1833/22 1363/1835/51 1330/1824/121
f 1372/1834/29 1363/1835/51 1388/1833/22
f 1387/890/12 1382/1836/47 1385/1831/16
f 1387/890/12 1386/896/5 1382/1836/47
f 1372/1834/29 1385/1831/16 1373/1837/31
f 1386/896/5 1380/1838/39 1382/1836/47
f 1380/1838/39 1386/896/5 1381/897/2
f 1385/1831/16 1382/1836/47 1384/1839/16
f 1373/1837/31 1385/1831/16 1384/1839/16
f 1382/1836/47 1383/1840/69 1384/1839/16
f 1378/1841/47 1383/1840/69 1382/1836/47
f 1380/1838/39 1378/1841/47 1382/1836/47
f 1383/1840/69 1376/1842/69 1384/1839/16
f 1383/1840/69 1378/1841/47 1376/1842/69
f 1384/1839/16 1376/1842/69 1373/1837/31
f 1380/1838/39 1379/1843/43 1378/1841/47
f 1381/897/2 1333/1844/4 1380/1838/39
f 1380/1838/39 1333/1844/4 1379/1843/43
f 1335/904/4 1333/1844/4 1381/897/2
f 1378/1841/47 1379/1843/43 1361/1845/43
f 1361/1845/43 1379/1843/43 1333/1844/4
f 1376/1842/69 1378/1841/47 1377/1846/47
f 1361/1845/43 1377/1846/47 1378/1841/47
f 1376/1842/69 1377/1846/47 1375/1847/39
f 1377/1846/47 1361/1845/43 1375/1847/39
f 1375/1847/39 1374/1848/29 1376/1842/69
f 1373/1837/31 1376/1842/69 1374/1848/29
f 1361/1845/43 1362/1849/39 1375/1847/39
f 1368/1850/38 1374/1848/29 1375/1847/39
f 1375/1847/39 1362/1849/39 1368/1850/38
f 1371/1851/69 1373/1837/31 1374/1848/29
f 1370/1852/22 1374/1848/29 1368/1850/38
f 1370/1852/22 1371/1851/69 1374/1848/29
f 1371/1851/69 1366/1853/69 1373/1837/31
f 1373/1837/31 1366/1853/69 1372/1834/29
f 1372/1834/29 1366/1853/69 1363/1835/51
f 1371/1851/69 1370/1852/22 1367/1854/22
f 1366/1853/69 1371/1851/69 1367/1854/22
f 1369/1855/45 1370/1852/22 1368/1850/38
f 1370/1852/22 1315/1856/45 1367/1854/22
f 1370/1852/22 1369/1855/45 1315/1856/45
f 1368/1850/38 1365/1857/119 1369/1855/45
f 1365/1857/119 1315/1856/45 1369/1855/45
f 1362/1849/39 1365/1857/119 1368/1850/38
f 1315/1856/45 1316/1858/75 1367/1854/22
f 1366/1853/69 1367/1854/22 1316/1858/75
f 1315/1856/45 1365/1857/119 1314/993/52
f 1320/1859/45 1366/1853/69 1316/1858/75
f 1363/1835/51 1366/1853/69 1320/1859/45
f 1314/993/52 1365/1857/119 1364/990/53
f 1321/1860/45 1363/1835/51 1320/1859/45
f 1364/990/53 1365/1857/119 1360/1861/69
f 1365/1857/119 1362/1849/39 1360/1861/69
f 1357/988/53 1364/990/53 1360/1861/69
f 1321/1860/45 1330/1824/121 1363/1835/51
f 1359/1862/23 1360/1861/69 1362/1849/39
f 1361/1845/43 1359/1862/23 1362/1849/39
f 1360/1861/69 1358/1863/69 1357/988/53
f 1339/1864/42 1359/1862/23 1361/1845/43
f 1333/1844/4 1339/1864/42 1361/1845/43
f 1360/1861/69 1359/1862/23 1353/1865/22
f 1360/1861/69 1353/1865/22 1358/1863/69
f 1339/1864/42 1342/1866/42 1359/1862/23
f 1359/1862/23 1342/1866/42 1353/1865/22
f 1357/988/53 1358/1863/69 1354/1867/69
f 1358/1863/69 1353/1865/22 1354/1867/69
f 1357/988/53 1354/1867/69 1356/981/51
f 1354/1867/69 1355/976/94 1356/981/51
f 1355/976/94 1354/1867/69 1352/974/56
f 1354/1867/69 1353/1865/22 1350/1868/38
f 1352/974/56 1354/1867/69 1350/1868/38
f 1342/1866/42 1344/1869/23 1353/1865/22
f 1353/1865/22 1344/1869/23 1350/1868/38
f 1350/1868/38 1349/1870/43 1352/974/56
f 1349/1870/43 1351/944/75 1352/974/56
f 1351/944/75 1349/1870/43 1348/946/62
f 1350/1868/38 1344/1869/23 1345/1871/42
f 1345/1871/42 1349/1870/43 1350/1868/38
f 1348/946/62 1349/1870/43 1346/1872/19
f 1349/1870/43 1345/1871/42 1346/1872/19
f 1348/946/62 1346/1872/19 1347/950/19
f 1341/953/13 1347/950/19 1346/1872/19
f 1346/1872/19 1345/1871/42 1343/1873/4
f 1343/1873/4 1341/953/13 1346/1872/19
f 1340/1874/23 1345/1871/42 1344/1869/23
f 1343/1873/4 1345/1871/42 1340/1874/23
f 1340/1874/23 1344/1869/23 1342/1866/42
f 1343/1873/4 1340/1874/23 1341/953/13
f 1342/1866/42 1339/1864/42 1340/1874/23
f 1340/1874/23 1338/1875/10 1341/953/13
f 1336/913/2 1341/953/13 1338/1875/10
f 1340/1874/23 1339/1864/42 1337/1876/19
f 1338/1875/10 1340/1874/23 1337/1876/19
f 1333/1844/4 1337/1876/19 1339/1864/42
f 1334/1877/11 1336/913/2 1338/1875/10
f 1338/1875/10 1337/1876/19 1334/1877/11
f 1334/1877/11 1337/1876/19 1333/1844/4
f 1336/913/2 1334/1877/11 1335/904/4
f 1335/904/4 1334/1877/11 1333/1844/4
f 1329/1878/56 1332/1785/46 1330/1824/121
f 1332/1785/46 1329/1878/56 1331/1781/66
f 1331/1781/66 1329/1878/56 1327/1782/117
f 1329/1878/56 1330/1824/121 1326/1879/68
f 1326/1879/68 1330/1824/121 1321/1860/45
f 1329/1878/56 1328/1880/75 1327/1782/117
f 1329/1878/56 1326/1879/68 1328/1880/75
f 1323/1881/75 1327/1782/117 1328/1880/75
f 1323/1881/75 1328/1880/75 1326/1879/68
f 1323/1881/75 1324/1882/75 1327/1782/117
f 1324/1882/75 1325/1778/66 1327/1782/117
f 1323/1881/75 1326/1879/68 1318/1883/75
f 1321/1860/45 1318/1883/75 1326/1879/68
f 1325/1778/66 1324/1882/75 1322/1884/46
f 1294/1779/53 1325/1778/66 1322/1884/46
f 1324/1882/75 1323/1881/75 1305/1885/46
f 1305/1885/46 1322/1884/46 1324/1882/75
f 1305/1885/46 1323/1881/75 1318/1883/75
f 1294/1779/53 1322/1884/46 1298/1886/56
f 1298/1886/56 1322/1884/46 1305/1885/46
f 1318/1883/75 1321/1860/45 1319/1887/68
f 1320/1859/45 1319/1887/68 1321/1860/45
f 1316/1858/75 1319/1887/68 1320/1859/45
f 1317/1888/68 1318/1883/75 1319/1887/68
f 1317/1888/68 1319/1887/68 1316/1858/75
f 1306/1889/75 1305/1885/46 1318/1883/75
f 1312/1890/79 1317/1888/68 1316/1858/75
f 1309/1891/46 1318/1883/75 1317/1888/68
f 1306/1889/75 1318/1883/75 1309/1891/46
f 1317/1888/68 1312/1890/79 1310/1892/45
f 1317/1888/68 1310/1892/45 1309/1891/46
f 1312/1890/79 1316/1858/75 1313/1893/68
f 1315/1856/45 1313/1893/68 1316/1858/75
f 1315/1856/45 1314/993/52 1313/1893/68
f 1311/991/75 1313/1893/68 1314/993/52
f 1311/991/75 1312/1890/79 1313/1893/68
f 1311/991/75 1310/1892/45 1312/1890/79
f 1310/1892/45 1311/991/75 1308/998/65
f 1308/998/65 1309/1891/46 1310/1892/45
f 1309/1891/46 1308/998/65 1307/1894/40
f 1307/1894/40 1306/1889/75 1309/1891/46
f 1307/1894/40 1308/998/65 1304/1002/40
f 1307/1894/40 1303/1895/36 1306/1889/75
f 1307/1894/40 1304/1002/40 1303/1895/36
f 1305/1885/46 1306/1889/75 1301/1896/59
f 1303/1895/36 1301/1896/59 1306/1889/75
f 1298/1886/56 1305/1885/46 1301/1896/59
f 1303/1895/36 1304/1002/40 1297/1897/65
f 1297/1897/65 1304/1002/40 1302/1003/62
f 1301/1896/59 1303/1895/36 1300/1898/36
f 1303/1895/36 1297/1897/65 1300/1898/36
f 1293/1008/30 1297/1897/65 1302/1003/62
f 1299/1899/36 1301/1896/59 1300/1898/36
f 1298/1886/56 1301/1896/59 1299/1899/36
f 1296/1900/59 1300/1898/36 1297/1897/65
f 1296/1900/59 1299/1899/36 1300/1898/36
f 1295/1901/40 1298/1886/56 1299/1899/36
f 1296/1900/59 1295/1901/40 1299/1899/36
f 1295/1901/40 1294/1779/53 1298/1886/56
f 1291/1902/62 1296/1900/59 1297/1897/65
f 1297/1897/65 1293/1008/30 1291/1902/62
f 1286/1903/36 1295/1901/40 1296/1900/59
f 1296/1900/59 1291/1902/62 1286/1903/36
f 1282/1904/24 1294/1779/53 1295/1901/40
f 1282/1904/24 1295/1901/40 1286/1903/36
f 1294/1779/53 1282/1904/24 1281/1771/52
f 1293/1008/30 1290/1905/40 1291/1902/62
f 1293/1008/30 1292/1011/30 1290/1905/40
f 1292/1011/30 1288/1025/30 1290/1905/40
f 1291/1902/62 1287/1906/40 1286/1903/36
f 1287/1906/40 1291/1902/62 1290/1905/40
f 1289/1907/65 1290/1905/40 1288/1025/30
f 1289/1907/65 1287/1906/40 1290/1905/40
f 1288/1025/30 1278/1908/36 1289/1907/65
f 1278/1908/36 1287/1906/40 1289/1907/65
f 1285/1058/62 1278/1908/36 1288/1025/30
f 1286/1903/36 1287/1906/40 1284/1909/40
f 1284/1909/40 1287/1906/40 1278/1908/36
f 1284/1909/40 1282/1904/24 1286/1903/36
f 1277/1061/68 1278/1908/36 1285/1058/62
f 1282/1904/24 1284/1909/40 1283/1910/24
f 1278/1908/36 1283/1910/24 1284/1909/40
f 1283/1910/24 1280/1911/40 1282/1904/24
f 1278/1908/36 1280/1911/40 1283/1910/24
f 1280/1911/40 1281/1771/52 1282/1904/24
f 1280/1911/40 1275/1651/45 1281/1771/52
f 1279/1912/59 1280/1911/40 1278/1908/36
f 1279/1912/59 1275/1651/45 1280/1911/40
f 1279/1912/59 1278/1908/36 1276/1913/40
f 1279/1912/59 1276/1913/40 1275/1651/45
f 1276/1913/40 1278/1908/36 1277/1061/68
f 1271/1063/68 1276/1913/40 1277/1061/68
f 1276/1913/40 1273/1914/79 1275/1651/45
f 1273/1914/79 1276/1913/40 1271/1063/68
f 1273/1914/79 1274/1640/56 1275/1651/45
f 1273/1914/79 1272/1639/45 1274/1640/56
f 1272/1639/45 1273/1914/79 1271/1063/68
f 1272/1639/45 1271/1063/68 1267/1915/122
f 1267/1915/122 1251/1638/46 1272/1639/45
f 1270/1916/36 1267/1915/122 1271/1063/68
f 1269/1121/30 1270/1916/36 1271/1063/68
f 1270/1916/36 1265/1917/36 1267/1915/122
f 1269/1121/30 1265/1917/36 1270/1916/36
f 1255/1918/62 1251/1638/46 1267/1915/122
f 1266/1919/30 1265/1917/36 1269/1121/30
f 1266/1919/30 1269/1121/30 1268/1137/36
f 1264/1138/40 1266/1919/30 1268/1137/36
f 1258/1920/36 1267/1915/122 1265/1917/36
f 1258/1920/36 1255/1918/62 1267/1915/122
f 1266/1919/30 1263/1921/30 1265/1917/36
f 1266/1919/30 1264/1138/40 1263/1921/30
f 1258/1920/36 1265/1917/36 1263/1921/30
f 1264/1138/40 1262/1178/40 1263/1921/30
f 1262/1178/40 1261/1922/40 1263/1921/30
f 1261/1922/40 1258/1920/36 1263/1921/30
f 1261/1922/40 1262/1178/40 1260/1179/65
f 1257/1923/36 1261/1922/40 1260/1179/65
f 1261/1922/40 1257/1923/36 1258/1920/36
f 1259/1181/40 1257/1923/36 1260/1179/65
f 1259/1181/40 1254/1588/36 1257/1923/36
f 1257/1923/36 1256/1924/36 1258/1920/36
f 1256/1924/36 1255/1918/62 1258/1920/36
f 1257/1923/36 1254/1588/36 1253/1925/30
f 1257/1923/36 1253/1925/30 1256/1924/36
f 1256/1924/36 1253/1925/30 1255/1918/62
f 1255/1918/62 1253/1925/30 1251/1638/46
f 1252/1587/30 1253/1925/30 1254/1588/36
f 1253/1925/30 1252/1587/30 1251/1638/46
f 1248/1926/29 1250/1927/21 1247/1928/123
f 1246/1929/124 1249/1930/125 1248/1926/29
f 1247/1928/123 1245/1931/126 1248/1926/29
f 1248/1926/29 1245/1931/126 1246/1929/124
f 1245/1931/126 1247/1928/123 1244/1932/9
f 1243/1933/127 1246/1929/124 1245/1931/126
f 1244/1932/9 1242/1934/9 1245/1931/126
f 1245/1931/126 1242/1934/9 1243/1933/127
f 1242/1934/9 1244/1932/9 1241/1935/9
f 1240/1936/34 1243/1933/127 1242/1934/9
f 1241/1935/9 1239/1937/8 1242/1934/9
f 1242/1934/9 1239/1937/8 1240/1936/34
f 1239/1937/8 1241/1935/9 1238/1938/5
f 1237/1939/128 1240/1936/34 1239/1937/8
f 1238/1938/5 1236/1940/12 1239/1937/8
f 1239/1937/8 1236/1940/12 1237/1939/128
f 1236/1940/12 1238/1938/5 1235/1941/9
f 1234/1942/34 1237/1939/128 1236/1940/12
f 1235/1941/9 1233/1943/12 1236/1940/12
f 1236/1940/12 1233/1943/12 1234/1942/34
f 1233/1943/12 1235/1941/9 1232/1944/15
f 1231/1945/34 1234/1942/34 1233/1943/12
f 1232/1944/15 1230/1946/18 1233/1943/12
f 1233/1943/12 1230/1946/18 1231/1945/34
f 1230/1946/18 1232/1944/15 1229/1947/15
f 1228/1948/34 1231/1945/34 1230/1946/18
f 1229/1947/15 1227/1949/12 1230/1946/18
f 1230/1946/18 1227/1949/12 1228/1948/34
f 1227/1949/12 1229/1947/15 1226/1950/8
f 1225/1951/129 1228/1948/34 1227/1949/12
f 1226/1950/8 1224/1952/8 1227/1949/12
f 1227/1949/12 1224/1952/8 1225/1951/129
f 1224/1952/8 1226/1950/8 1223/1953/7
f 1222/1954/130 1225/1951/129 1224/1952/8
f 1223/1953/7 1221/1955/3 1224/1952/8
f 1224/1952/8 1221/1955/3 1222/1954/130
f 1221/1955/3 1223/1953/7 1220/1956/25
f 1219/1957/131 1222/1954/130 1221/1955/3
f 1220/1956/25 1218/1958/24 1221/1955/3
f 1221/1955/3 1218/1958/24 1219/1957/131
f 1218/1958/24 1220/1956/25 1217/1959/25
f 1216/1960/132 1219/1957/131 1218/1958/24
f 1217/1959/25 1215/1961/26 1218/1958/24
f 1218/1958/24 1215/1961/26 1216/1960/132
f 1215/1961/26 1217/1959/25 1214/1962/24
f 1213/1963/131 1216/1960/132 1215/1961/26
f 1214/1962/24 1212/1964/27 1215/1961/26
f 1215/1961/26 1212/1964/27 1213/1963/131
f 1212/1964/27 1214/1962/24 1211/1965/3
f 1210/1966/131 1213/1963/131 1212/1964/27
f 1211/1965/3 1209/1967/27 1212/1964/27
f 1212/1964/27 1209/1967/27 1210/1966/131
f 1209/1967/27 1211/1965/3 1208/1968/3
f 1207/1969/131 1210/1966/131 1209/1967/27
f 1208/1968/3 1206/1970/3 1209/1967/27
f 1209/1967/27 1206/1970/3 1207/1969/131
f 1206/1970/3 1208/1968/3 1205/1971/3
f 1204/1972/131 1207/1969/131 1206/1970/3
f 1205/1971/3 1203/1973/24 1206/1970/3
f 1206/1970/3 1203/1973/24 1204/1972/131
f 1203/1973/24 1205/1971/3 1202/1974/101
f 1201/1975/133 1204/1972/131 1203/1973/24
f 1202/1974/101 1200/1976/101 1203/1973/24
f 1203/1973/24 1200/1976/101 1201/1975/133
f 1200/1976/101 1202/1974/101 1199/1977/52
f 1198/1978/134 1201/1975/133 1200/1976/101
f 1199/1977/52 1197/1979/66 1200/1976/101
f 1200/1976/101 1197/1979/66 1198/1978/134
f 1197/1979/66 1199/1977/52 1196/1980/66
f 1195/1981/54 1198/1978/134 1197/1979/66
f 1196/1980/66 1194/1982/50 1197/1979/66
f 1197/1979/66 1194/1982/50 1195/1981/54
f 1194/1982/50 1196/1980/66 1193/1983/66
f 1192/1984/135 1195/1981/54 1194/1982/50
f 1193/1983/66 1191/1985/50 1194/1982/50
f 1194/1982/50 1191/1985/50 1192/1984/135
f 1191/1985/50 1193/1983/66 1190/1986/51
f 1189/1987/54 1192/1984/135 1191/1985/50
f 1190/1986/51 1188/1988/49 1191/1985/50
f 1191/1985/50 1188/1988/49 1189/1987/54
f 1188/1988/49 1190/1986/51 1187/1989/53
f 1186/1990/136 1189/1987/54 1188/1988/49
f 1187/1989/53 1185/1991/52 1188/1988/49
f 1188/1988/49 1185/1991/52 1186/1990/136
f 1185/1991/52 1187/1989/53 1184/1992/51
f 1183/1993/54 1186/1990/136 1185/1991/52
f 1184/1992/51 1182/1994/51 1185/1991/52
f 1185/1991/52 1182/1994/51 1183/1993/54
f 1182/1994/51 1184/1992/51 1181/1995/52
f 1180/1996/137 1183/1993/54 1182/1994/51
f 1181/1995/52 1179/1997/50 1182/1994/51
f 1182/1994/51 1179/1997/50 1180/1996/137
f 1179/1997/50 1181/1995/52 1178/1998/47
f 1177/1999/73 1180/1996/137 1179/1997/50
f 1178/1998/47 1176/2000/21 1179/1997/50
f 1179/1997/50 1176/2000/21 1177/1999/73
f 1176/2000/21 1178/1998/47 1175/2001/29
f 1174/2002/73 1177/1999/73 1176/2000/21
f 1175/2001/29 1173/2003/21 1176/2000/21
f 1176/2000/21 1173/2003/21 1174/2002/73
f 1173/2003/21 1175/2001/29 1172/2004/29
f 1171/2005/138 1174/2002/73 1173/2003/21
f 1172/2004/29 1170/2006/31 1173/2003/21
f 1173/2003/21 1170/2006/31 1171/2005/138
f 1170/2006/31 1172/2004/29 1169/2007/21
f 1168/2008/139 1171/2005/138 1170/2006/31
f 1169/2007/21 1167/2009/31 1170/2006/31
f 1170/2006/31 1167/2009/31 1168/2008/139
f 1167/2009/31 1169/2007/21 1166/2010/47
f 1165/2011/73 1168/2008/139 1167/2009/31
f 1166/2010/47 1164/2012/16 1167/2009/31
f 1167/2009/31 1164/2012/16 1165/2011/73
f 1164/2012/16 1166/2010/47 1163/2013/47
f 1162/2014/139 1165/2011/73 1164/2012/16
f 1163/2013/47 1160/2015/69 1164/2012/16
f 1164/2012/16 1160/2015/69 1162/2014/139
f 1160/2015/69 1163/2013/47 1161/2016/69
f 1158/2017/73 1162/2014/139 1160/2015/69
f 1161/2016/69 1159/2018/69 1160/2015/69
f 1160/2015/69 1159/2018/69 1158/2017/73
f 1157/2019/140 1155/2020/47 1153/2021/5
f 1155/2020/47 1156/2022/29 1145/2023/47
f 1145/2023/47 1153/2021/5 1155/2020/47
f 1137/2024/15 1154/2025/5 1153/2021/5
f 1153/2021/5 1145/2023/47 1137/2024/15
f 1145/2023/47 1152/2026/29 1150/2027/47
f 1150/2027/47 1151/2028/47 1148/2029/29
f 1150/2027/47 1148/2029/29 1145/2023/47
f 1148/2029/29 1149/2030/66 1147/2031/66
f 1145/2023/47 1148/2029/29 1140/2032/66
f 1147/2031/66 1140/2032/66 1148/2029/29
f 1147/2031/66 1146/2033/53 1140/2032/66
f 1140/2032/66 1137/2024/15 1145/2023/47
f 1138/2034/15 1143/2035/5 1137/2024/15
f 1140/2032/66 1144/2036/66 1142/2037/53
f 1138/2034/15 1137/2024/15 1128/2038/5
f 1128/2038/5 1139/2039/15 1138/2034/15
f 1142/2037/53 1135/2040/103 1140/2032/66
f 1142/2037/53 1141/2041/51 1135/2040/103
f 1132/2042/3 1137/2024/15 1140/2032/66
f 1140/2032/66 1135/2040/103 1132/2042/3
f 1132/2042/3 1128/2038/5 1137/2024/15
f 1135/2040/103 1136/2043/25 1134/2044/25
f 1134/2044/25 1132/2042/3 1135/2040/103
f 1134/2044/25 1133/2045/3 1132/2042/3
f 1130/2046/25 1128/2038/5 1132/2042/3
f 1130/2046/25 1129/2047/25 1128/2038/5
f 1132/2042/3 1131/2048/3 1130/2046/25
f 1125/2049/19 1127/2050/69 1126/2051/29
f 1125/2049/19 1126/2051/29 1119/2052/43
f 1082/2053/43 1119/2052/43 1126/2051/29
f 1120/2054/22 1125/2049/19 1119/2052/43
f 1125/2049/19 1120/2054/22 1124/2055/2
f 1120/2054/22 1123/2056/56 1124/2055/2
f 1122/2057/46 1123/2056/56 1120/2054/22
f 1116/2058/46 1122/2057/46 1120/2054/22
f 1122/2057/46 1116/2058/46 1121/2059/23
f 1116/2058/46 1115/2060/69 1121/2059/23
f 1119/2052/43 1117/2061/66 1120/2054/22
f 1116/2058/46 1120/2054/22 1117/2061/66
f 1117/2061/66 1119/2052/43 1118/2062/22
f 1082/2053/43 1118/2062/22 1119/2052/43
f 1117/2061/66 1118/2062/22 1088/2063/49
f 1088/2063/49 1118/2062/22 1082/2053/43
f 1117/2061/66 1092/2064/53 1116/2058/46
f 1117/2061/66 1088/2063/49 1091/2065/53
f 1091/2065/53 1092/2064/53 1117/2061/66
f 1113/2066/52 1115/2060/69 1116/2058/46
f 1113/2066/52 1116/2058/46 1092/2064/53
f 1115/2060/69 1113/2066/52 1112/2067/49
f 1114/2068/50 1115/2060/69 1112/2067/49
f 1114/2068/50 1112/2067/49 1111/2069/7
f 1113/2066/52 1109/2070/50 1112/2067/49
f 1092/2064/53 1109/2070/50 1113/2066/52
f 1112/2067/49 1110/2071/5 1111/2069/7
f 1109/2070/50 1110/2071/5 1112/2067/49
f 1110/2071/5 1104/2072/5 1111/2069/7
f 1104/2072/5 1108/2073/13 1111/2069/7
f 1110/2071/5 1109/2070/50 1101/2074/25
f 1104/2072/5 1110/2071/5 1101/2074/25
f 1093/2075/27 1109/2070/50 1092/2064/53
f 1093/2075/27 1101/2074/25 1109/2070/50
f 1108/2073/13 1104/2072/5 1107/2076/13
f 1108/2073/13 1107/2076/13 1106/2077/46
f 1106/2077/46 1107/2076/13 1103/2078/19
f 1104/2072/5 1103/2078/19 1107/2076/13
f 1103/2078/19 1105/2079/2 1106/2077/46
f 1102/2080/10 1105/2079/2 1103/2078/19
f 1095/2081/24 1104/2072/5 1101/2074/25
f 1104/2072/5 1095/2081/24 1103/2078/19
f 1102/2080/10 1103/2078/19 1096/2082/10
f 1095/2081/24 1096/2082/10 1103/2078/19
f 1096/2082/10 1097/2083/4 1102/2080/10
f 1102/2080/10 1097/2083/4 1100/2084/29
f 1101/2074/25 1094/2085/26 1095/2081/24
f 1093/2075/27 1094/2085/26 1101/2074/25
f 1097/2083/4 1098/2086/66 1100/2084/29
f 1098/2086/66 1099/2087/46 1100/2084/29
f 903/2088/53 1099/2087/46 1098/2086/66
f 895/2089/3 1098/2086/66 1097/2083/4
f 1098/2086/66 895/2089/3 903/2088/53
f 1097/2083/4 1096/2082/10 895/2089/3
f 1095/2081/24 895/2089/3 1096/2082/10
f 1095/2081/24 1094/2085/26 895/2089/3
f 1094/2085/26 1093/2075/27 1089/2090/24
f 1089/2090/24 895/2089/3 1094/2085/26
f 1089/2090/24 1093/2075/27 1090/2091/66
f 1093/2075/27 1092/2064/53 1090/2091/66
f 1091/2065/53 1090/2091/66 1092/2064/53
f 1089/2090/24 894/2092/24 895/2089/3
f 1091/2065/53 1087/2093/52 1090/2091/66
f 1088/2063/49 1087/2093/52 1091/2065/53
f 1089/2090/24 1090/2091/66 1085/2094/50
f 1090/2091/66 1087/2093/52 1085/2094/50
f 1085/2094/50 894/2092/24 1089/2090/24
f 1087/2093/52 1088/2063/49 1084/2095/66
f 1084/2095/66 1088/2063/49 1082/2053/43
f 1087/2093/52 1086/2096/66 1085/2094/50
f 1080/2097/43 1084/2095/66 1082/2053/43
f 1086/2096/66 1087/2093/52 1083/2098/50
f 1083/2098/50 1087/2093/52 1084/2095/66
f 1085/2094/50 1086/2096/66 888/2099/52
f 1083/2098/50 888/2099/52 1086/2096/66
f 892/2100/52 894/2092/24 1085/2094/50
f 892/2100/52 1085/2094/50 888/2099/52
f 1073/2101/56 1083/2098/50 1084/2095/66
f 1080/2097/43 1073/2101/56 1084/2095/66
f 1071/2102/52 888/2099/52 1083/2098/50
f 1071/2102/52 1083/2098/50 1073/2101/56
f 1079/2103/45 1080/2097/43 1082/2053/43
f 1081/2104/22 1079/2103/45 1082/2053/43
f 1079/2103/45 1081/2104/22 1078/2105/29
f 1080/2097/43 1079/2103/45 1077/2106/66
f 1080/2097/43 1077/2106/66 1073/2101/56
f 1078/2105/29 1076/2107/66 1079/2103/45
f 1079/2103/45 1076/2107/66 1077/2106/66
f 1065/2108/21 1076/2107/66 1078/2105/29
f 1076/2107/66 1075/2109/56 1077/2106/66
f 1075/2109/56 1073/2101/56 1077/2106/66
f 1076/2107/66 1074/2110/22 1075/2109/56
f 1074/2110/22 1076/2107/66 1065/2108/21
f 1073/2101/56 1075/2109/56 1069/2111/45
f 1069/2111/45 1075/2109/56 1074/2110/22
f 1074/2110/22 1065/2108/21 1072/2112/22
f 1069/2111/45 1074/2110/22 1072/2112/22
f 1065/2108/21 1066/2113/56 1072/2112/22
f 1073/2101/56 1069/2111/45 1070/2114/68
f 1071/2102/52 1073/2101/56 1070/2114/68
f 1067/2115/38 1069/2111/45 1072/2112/22
f 1072/2112/22 1066/2113/56 1067/2115/38
f 1071/2102/52 1070/2114/68 1041/2116/68
f 1041/2116/68 888/2099/52 1071/2102/52
f 1069/2111/45 1042/2117/45 1070/2114/68
f 1041/2116/68 1070/2114/68 1042/2117/45
f 1067/2115/38 1068/2118/68 1069/2111/45
f 1068/2118/68 1042/2117/45 1069/2111/45
f 1053/2119/75 1068/2118/68 1067/2115/38
f 1053/2119/75 1042/2117/45 1068/2118/68
f 1067/2115/38 1066/2113/56 1061/2120/56
f 1053/2119/75 1067/2115/38 1062/2121/68
f 1062/2121/68 1067/2115/38 1061/2120/56
f 1054/2122/47 1053/2119/75 1062/2121/68
f 1061/2120/56 1066/2113/56 1060/2123/22
f 1060/2123/22 1066/2113/56 1065/2108/21
f 1064/2124/21 1060/2123/22 1065/2108/21
f 1064/2124/21 1063/2125/31 1060/2123/22
f 1063/2125/31 1057/2126/42 1060/2123/22
f 1061/2120/56 1055/2127/40 1062/2121/68
f 1062/2121/68 1055/2127/40 1054/2122/47
f 1061/2120/56 1060/2123/22 1058/2128/75
f 1061/2120/56 1058/2128/75 1055/2127/40
f 1057/2126/42 1059/2129/43 1060/2123/22
f 1058/2128/75 1060/2123/22 1059/2129/43
f 1059/2129/43 1057/2126/42 1056/2130/42
f 1059/2129/43 1056/2130/42 1058/2128/75
f 1058/2128/75 1056/2130/42 1055/2127/40
f 1052/2131/38 1056/2130/42 1057/2126/42
f 1056/2130/42 1052/2131/38 1055/2127/40
f 1055/2127/40 1051/2132/43 1054/2122/47
f 1055/2127/40 1052/2131/38 1051/2132/43
f 1051/2132/43 1053/2119/75 1054/2122/47
f 1042/2117/45 1053/2119/75 1051/2132/43
f 1050/2133/22 1051/2132/43 1052/2131/38
f 1051/2132/43 1047/2134/79 1042/2117/45
f 1052/2131/38 1049/2135/10 1050/2133/22
f 1052/2131/38 1048/2136/10 1049/2135/10
f 1050/2133/22 1046/2137/75 1051/2132/43
f 1046/2137/75 1047/2134/79 1051/2132/43
f 1049/2135/10 1044/2138/46 1050/2133/22
f 1050/2133/22 1044/2138/46 1046/2137/75
f 1048/2136/10 1045/2139/19 1049/2135/10
f 1049/2135/10 1045/2139/19 1044/2138/46
f 1048/2136/10 1040/2140/27 1045/2139/19
f 1046/2137/75 1043/2141/79 1047/2134/79
f 1042/2117/45 1047/2134/79 1043/2141/79
f 1044/2138/46 882/2142/56 1046/2137/75
f 882/2142/56 1043/2141/79 1046/2137/75
f 878/2143/62 1044/2138/46 1045/2139/19
f 1040/2140/27 878/2143/62 1045/2139/19
f 882/2142/56 1044/2138/46 878/2143/62
f 1043/2141/79 886/2144/68 1042/2117/45
f 886/2144/68 1043/2141/79 882/2142/56
f 886/2144/68 1041/2116/68 1042/2117/45
f 886/2144/68 888/2099/52 1041/2116/68
f 1040/2140/27 1038/2145/56 878/2143/62
f 1038/2145/56 1040/2140/27 1039/2146/2
f 1037/2147/22 1038/2145/56 1039/2146/2
f 1037/2147/22 1039/2146/2 1035/2148/23
f 1037/2147/22 1036/2149/39 1038/2145/56
f 1038/2145/56 1036/2149/39 878/2143/62
f 1030/2150/11 1037/2147/22 1035/2148/23
f 1036/2149/39 1037/2147/22 953/2151/2
f 1037/2147/22 1030/2150/11 953/2151/2
f 878/2143/62 1036/2149/39 926/2152/19
f 1036/2149/39 953/2151/2 926/2152/19
f 1032/2153/21 1030/2150/11 1035/2148/23
f 1035/2148/23 1034/2154/38 1032/2153/21
f 1033/2155/21 1032/2153/21 1034/2154/38
f 1034/2154/38 1031/2156/16 1033/2155/21
f 1032/2153/21 1033/2155/21 1000/2157/69
f 1000/2157/69 1033/2155/21 1031/2156/16
f 1032/2153/21 1000/2157/69 1030/2150/11
f 1031/2156/16 1002/2158/16 1000/2157/69
f 954/2159/4 953/2151/2 1030/2150/11
f 1031/2156/16 1003/2160/47 1002/2158/16
f 1029/2161/21 1003/2160/47 1031/2156/16
f 1030/2150/11 1000/2157/69 957/2162/2
f 1030/2150/11 957/2162/2 954/2159/4
f 1027/2163/5 1003/2160/47 1029/2161/21
f 1028/2164/31 1027/2163/5 1029/2161/21
f 1028/2164/31 1024/2165/47 1027/2163/5
f 1028/2164/31 1026/2166/21 1024/2165/47
f 1027/2163/5 1009/2167/69 1003/2160/47
f 1027/2163/5 1024/2165/47 1009/2167/69
f 1023/2168/22 1024/2165/47 1026/2166/21
f 1003/2160/47 1009/2167/69 1004/2169/69
f 1022/2170/39 1023/2168/22 1026/2166/21
f 1025/806/39 1022/2170/39 1026/2166/21
f 1022/2170/39 1025/806/39 1020/805/38
f 1023/2168/22 1011/2171/39 1024/2165/47
f 1024/2165/47 1011/2171/39 1009/2167/69
f 1023/2168/22 1022/2170/39 1018/2172/38
f 1023/2168/22 1018/2172/38 1011/2171/39
f 1022/2170/39 1020/805/38 1021/2173/23
f 1018/2172/38 1022/2170/39 1021/2173/23
f 1019/2174/22 1021/2173/23 1020/805/38
f 1019/2174/22 1018/2172/38 1021/2173/23
f 1017/809/22 1019/2174/22 1020/805/38
f 1018/2172/38 1019/2174/22 1016/2175/39
f 1016/2175/39 1019/2174/22 1017/809/22
f 1011/2171/39 1018/2172/38 1014/2176/42
f 1016/2175/39 1014/2176/42 1018/2172/38
f 1015/2177/23 1016/2175/39 1017/809/22
f 1014/2176/42 1012/2178/43 1011/2171/39
f 1015/2177/23 1017/809/22 186/2179/39
f 184/810/91 186/2179/39 1017/809/22
f 1015/2177/23 984/2180/39 1016/2175/39
f 1014/2176/42 1016/2175/39 984/2180/39
f 1015/2177/23 186/2179/39 189/2181/23
f 984/2180/39 1015/2177/23 189/2181/23
f 1014/2176/42 1013/2182/38 1012/2178/43
f 1013/2182/38 1014/2176/42 984/2180/39
f 1010/2183/23 1012/2178/43 1013/2182/38
f 986/2184/43 1013/2182/38 984/2180/39
f 986/2184/43 1010/2183/23 1013/2182/38
f 1012/2178/43 1007/2185/38 1011/2171/39
f 1007/2185/38 1012/2178/43 1010/2183/23
f 1011/2171/39 1007/2185/38 1009/2167/69
f 986/2184/43 1008/2186/39 1010/2183/23
f 1007/2185/38 1010/2183/23 1008/2186/39
f 1006/2187/69 1009/2167/69 1007/2185/38
f 1006/2187/69 1004/2169/69 1009/2167/69
f 991/2188/23 1007/2185/38 1008/2186/39
f 1005/2189/47 1004/2169/69 1006/2187/69
f 991/2188/23 1008/2186/39 988/2190/22
f 986/2184/43 988/2190/22 1008/2186/39
f 1007/2185/38 992/2191/9 1006/2187/69
f 991/2188/23 992/2191/9 1007/2185/38
f 1005/2189/47 1006/2187/69 995/2192/21
f 992/2191/9 995/2192/21 1006/2187/69
f 1001/2193/47 1004/2169/69 1005/2189/47
f 995/2192/21 1001/2193/47 1005/2189/47
f 1003/2160/47 1004/2169/69 1001/2193/47
f 1001/2193/47 1002/2158/16 1003/2160/47
f 1001/2193/47 999/2194/5 1002/2158/16
f 1000/2157/69 1002/2158/16 999/2194/5
f 996/2195/9 1001/2193/47 995/2192/21
f 999/2194/5 1001/2193/47 996/2195/9
f 1000/2157/69 999/2194/5 998/2196/8
f 998/2196/8 957/2162/2 1000/2157/69
f 999/2194/5 996/2195/9 997/2197/12
f 999/2194/5 963/2198/18 998/2196/8
f 997/2197/12 963/2198/18 999/2194/5
f 958/2199/19 957/2162/2 998/2196/8
f 963/2198/18 958/2199/19 998/2196/8
f 997/2197/12 996/2195/9 964/2200/12
f 964/2200/12 963/2198/18 997/2197/12
f 995/2192/21 994/2201/16 996/2195/9
f 996/2195/9 994/2201/16 964/2200/12
f 994/2201/16 995/2192/21 993/2202/31
f 993/2202/31 995/2192/21 992/2191/9
f 964/2200/12 994/2201/16 966/2203/12
f 968/2204/9 994/2201/16 993/2202/31
f 966/2203/12 994/2201/16 968/2204/9
f 993/2202/31 992/2191/9 989/2205/22
f 993/2202/31 989/2205/22 968/2204/9
f 990/2206/38 989/2205/22 992/2191/9
f 990/2206/38 992/2191/9 991/2188/23
f 968/2204/9 989/2205/22 969/2207/4
f 991/2188/23 987/2208/38 990/2206/38
f 987/2208/38 991/2188/23 988/2190/22
f 973/2209/11 989/2205/22 990/2206/38
f 987/2208/38 973/2209/11 990/2206/38
f 973/2209/11 969/2207/4 989/2205/22
f 988/2190/22 983/2210/43 987/2208/38
f 988/2190/22 986/2184/43 983/2210/43
f 981/2211/13 973/2209/11 987/2208/38
f 983/2210/43 981/2211/13 987/2208/38
f 985/2212/42 983/2210/43 986/2184/43
f 986/2184/43 984/2180/39 985/2212/42
f 984/2180/39 982/2213/43 985/2212/42
f 985/2212/42 982/2213/43 983/2210/43
f 982/2213/43 984/2180/39 189/2181/23
f 981/2211/13 983/2210/43 980/2214/11
f 979/2215/23 983/2210/43 982/2213/43
f 979/2215/23 980/2214/11 983/2210/43
f 190/2216/42 982/2213/43 189/2181/23
f 979/2215/23 982/2213/43 190/2216/42
f 980/2214/11 977/2217/11 981/2211/13
f 981/2211/13 977/2217/11 973/2209/11
f 978/2218/13 980/2214/11 979/2215/23
f 978/2218/13 977/2217/11 980/2214/11
f 978/2218/13 979/2215/23 231/2219/11
f 979/2215/23 190/2216/42 231/2219/11
f 978/2218/13 976/2220/61 977/2217/11
f 231/2219/11 976/2220/61 978/2218/13
f 975/2221/27 977/2217/11 976/2220/61
f 973/2209/11 977/2217/11 974/2222/12
f 977/2217/11 975/2221/27 974/2222/12
f 236/2223/24 975/2221/27 976/2220/61
f 236/2223/24 976/2220/61 231/2219/11
f 974/2222/12 975/2221/27 243/2224/10
f 236/2223/24 243/2224/10 975/2221/27
f 972/2225/42 973/2209/11 974/2222/12
f 974/2222/12 243/2224/10 972/2225/42
f 971/2226/19 973/2209/11 972/2225/42
f 969/2207/4 973/2209/11 971/2226/19
f 243/2224/10 269/2227/141 972/2225/42
f 970/2228/19 971/2226/19 972/2225/42
f 972/2225/42 269/2227/141 970/2228/19
f 965/2229/19 969/2207/4 971/2226/19
f 273/2230/13 971/2226/19 970/2228/19
f 971/2226/19 273/2230/13 965/2229/19
f 269/2227/141 270/2231/10 970/2228/19
f 273/2230/13 970/2228/19 270/2231/10
f 969/2207/4 965/2229/19 967/2232/2
f 968/2204/9 969/2207/4 967/2232/2
f 966/2203/12 968/2204/9 967/2232/2
f 967/2232/2 960/2233/10 966/2203/12
f 967/2232/2 965/2229/19 960/2233/10
f 964/2200/12 966/2203/12 960/2233/10
f 273/2230/13 275/2234/4 965/2229/19
f 960/2233/10 965/2229/19 275/2234/4
f 960/2233/10 962/2235/8 964/2200/12
f 962/2235/8 963/2198/18 964/2200/12
f 961/2236/10 962/2235/8 960/2233/10
f 962/2235/8 959/2237/12 963/2198/18
f 959/2237/12 958/2199/19 963/2198/18
f 962/2235/8 961/2236/10 284/2238/10
f 962/2235/8 284/2238/10 959/2237/12
f 961/2236/10 960/2233/10 279/2239/13
f 284/2238/10 961/2236/10 279/2239/13
f 275/2234/4 279/2239/13 960/2233/10
f 959/2237/12 956/2240/62 958/2199/19
f 946/2241/30 959/2237/12 284/2238/10
f 959/2237/12 946/2241/30 956/2240/62
f 956/2240/62 955/2242/4 958/2199/19
f 957/2162/2 958/2199/19 955/2242/4
f 957/2162/2 955/2242/4 954/2159/4
f 946/2241/30 948/2243/30 956/2240/62
f 954/2159/4 955/2242/4 952/2244/4
f 950/2245/36 955/2242/4 956/2240/62
f 956/2240/62 948/2243/30 950/2245/36
f 951/2246/10 952/2244/4 955/2242/4
f 955/2242/4 950/2245/36 951/2246/10
f 927/2247/2 954/2159/4 952/2244/4
f 954/2159/4 927/2247/2 953/2151/2
f 927/2247/2 926/2152/19 953/2151/2
f 951/2246/10 932/2248/10 952/2244/4
f 927/2247/2 952/2244/4 932/2248/10
f 951/2246/10 950/2245/36 947/2249/40
f 947/2249/40 932/2248/10 951/2246/10
f 947/2249/40 950/2245/36 949/2250/59
f 948/2243/30 949/2250/59 950/2245/36
f 949/2250/59 942/2251/62 947/2249/40
f 948/2243/30 943/2252/36 949/2250/59
f 949/2250/59 943/2252/36 942/2251/62
f 948/2243/30 944/2253/36 943/2252/36
f 946/2241/30 944/2253/36 948/2243/30
f 942/2251/62 936/2254/59 947/2249/40
f 936/2254/59 932/2248/10 947/2249/40
f 946/2241/30 945/2255/59 944/2253/36
f 942/2251/62 937/2256/36 936/2254/59
f 946/2241/30 285/2257/24 945/2255/59
f 285/2257/24 946/2241/30 284/2238/10
f 940/2258/27 944/2253/36 945/2255/59
f 285/2257/24 940/2258/27 945/2255/59
f 940/2258/27 941/2259/36 944/2253/36
f 943/2252/36 944/2253/36 941/2259/36
f 942/2251/62 943/2252/36 938/2260/25
f 943/2252/36 941/2259/36 938/2260/25
f 942/2251/62 938/2260/25 937/2256/36
f 940/2258/27 939/2261/26 941/2259/36
f 939/2261/26 938/2260/25 941/2259/36
f 940/2258/27 288/2262/26 939/2261/26
f 940/2258/27 285/2257/24 288/2262/26
f 938/2260/25 939/2261/26 935/2263/26
f 288/2262/26 935/2263/26 939/2261/26
f 937/2256/36 938/2260/25 933/2264/16
f 938/2260/25 935/2263/26 933/2264/16
f 922/2265/30 937/2256/36 933/2264/16
f 922/2265/30 936/2254/59 937/2256/36
f 933/2264/16 935/2263/26 934/2266/25
f 929/2267/30 936/2254/59 922/2265/30
f 936/2254/59 929/2267/30 932/2248/10
f 908/2268/26 934/2266/25 935/2263/26
f 288/2262/26 908/2268/26 935/2263/26
f 933/2264/16 934/2266/25 918/2269/25
f 908/2268/26 918/2269/25 934/2266/25
f 922/2265/30 933/2264/16 918/2269/25
f 932/2248/10 929/2267/30 930/2270/30
f 930/2270/30 931/2271/43 932/2248/10
f 927/2247/2 932/2248/10 931/2271/43
f 930/2270/30 929/2267/30 928/2272/30
f 930/2270/30 925/2273/40 931/2271/43
f 927/2247/2 931/2271/43 925/2273/40
f 930/2270/30 928/2272/30 925/2273/40
f 923/2274/62 928/2272/30 929/2267/30
f 929/2267/30 922/2265/30 923/2274/62
f 925/2273/40 928/2272/30 924/2275/36
f 923/2274/62 924/2275/36 928/2272/30
f 925/2273/40 877/2276/65 927/2247/2
f 927/2247/2 877/2276/65 926/2152/19
f 878/2143/62 926/2152/19 877/2276/65
f 924/2275/36 875/2277/65 925/2273/40
f 877/2276/65 925/2273/40 875/2277/65
f 870/2278/62 924/2275/36 923/2274/62
f 924/2275/36 870/2278/62 875/2277/65
f 921/2279/65 923/2274/62 922/2265/30
f 870/2278/62 923/2274/62 921/2279/65
f 920/2280/26 921/2279/65 922/2265/30
f 920/2280/26 922/2265/30 918/2269/25
f 921/2279/65 920/2280/26 919/2281/52
f 870/2278/62 921/2279/65 919/2281/52
f 920/2280/26 918/2269/25 917/2282/26
f 920/2280/26 917/2282/26 919/2281/52
f 916/2283/3 917/2282/26 918/2269/25
f 917/2282/26 866/2284/24 919/2281/52
f 866/2284/24 870/2278/62 919/2281/52
f 915/2285/25 916/2283/3 918/2269/25
f 908/2268/26 915/2285/25 918/2269/25
f 917/2282/26 916/2283/3 901/2286/7
f 866/2284/24 917/2282/26 901/2286/7
f 915/2285/25 914/2287/24 916/2283/3
f 916/2283/3 914/2287/24 901/2286/7
f 914/2287/24 915/2285/25 913/2288/3
f 915/2285/25 908/2268/26 913/2288/3
f 914/2287/24 905/2289/7 901/2286/7
f 913/2288/3 905/2289/7 914/2287/24
f 910/2290/7 913/2288/3 908/2268/26
f 913/2288/3 912/2291/25 905/2289/7
f 912/2291/25 913/2288/3 910/2290/7
f 910/2290/7 911/2292/27 912/2291/25
f 912/2291/25 909/2293/7 905/2289/7
f 910/2290/7 292/2294/15 911/2292/27
f 910/2290/7 908/2268/26 292/2294/15
f 906/2295/3 905/2289/7 909/2293/7
f 909/2293/7 907/2296/66 906/2295/3
f 290/2297/27 292/2294/15 908/2268/26
f 288/2262/26 290/2297/27 908/2268/26
f 902/2298/53 906/2295/3 907/2296/66
f 902/2298/53 907/2296/66 904/2299/66
f 905/2289/7 906/2295/3 900/2300/25
f 900/2300/25 906/2295/3 902/2298/53
f 900/2300/25 901/2286/7 905/2289/7
f 902/2298/53 904/2299/66 896/2301/66
f 904/2299/66 903/2088/53 896/2301/66
f 896/2301/66 903/2088/53 895/2089/3
f 897/2302/50 900/2300/25 902/2298/53
f 896/2301/66 897/2302/50 902/2298/53
f 900/2300/25 899/2303/142 901/2286/7
f 899/2303/142 866/2284/24 901/2286/7
f 898/2304/51 899/2303/142 900/2300/25
f 900/2300/25 897/2302/50 898/2304/51
f 899/2303/142 898/2304/51 871/2305/26
f 866/2284/24 899/2303/142 871/2305/26
f 872/2306/51 898/2304/51 897/2302/50
f 872/2306/51 871/2305/26 898/2304/51
f 893/2307/49 897/2302/50 896/2301/66
f 872/2306/51 897/2302/50 893/2307/49
f 895/2089/3 889/2308/66 896/2301/66
f 889/2308/66 893/2307/49 896/2301/66
f 889/2308/66 895/2089/3 894/2092/24
f 892/2100/52 889/2308/66 894/2092/24
f 893/2307/49 891/2309/25 872/2306/51
f 893/2307/49 889/2308/66 891/2309/25
f 892/2100/52 890/2310/49 889/2308/66
f 888/2099/52 890/2310/49 892/2100/52
f 884/2311/53 891/2309/25 889/2308/66
f 891/2309/25 884/2311/53 872/2306/51
f 889/2308/66 890/2310/49 887/2312/53
f 890/2310/49 888/2099/52 887/2312/53
f 887/2312/53 884/2311/53 889/2308/66
f 888/2099/52 886/2144/68 887/2312/53
f 887/2312/53 885/2313/79 884/2311/53
f 886/2144/68 885/2313/79 887/2312/53
f 884/2311/53 873/2314/52 872/2306/51
f 886/2144/68 883/2315/40 885/2313/79
f 886/2144/68 882/2142/56 883/2315/40
f 884/2311/53 885/2313/79 881/2316/79
f 881/2316/79 885/2313/79 883/2315/40
f 884/2311/53 881/2316/79 873/2314/52
f 882/2142/56 879/2317/68 883/2315/40
f 883/2315/40 879/2317/68 881/2316/79
f 882/2142/56 880/2318/46 879/2317/68
f 882/2142/56 878/2143/62 880/2318/46
f 881/2316/79 879/2317/68 874/2319/79
f 874/2319/79 873/2314/52 881/2316/79
f 876/2320/68 879/2317/68 880/2318/46
f 876/2320/68 880/2318/46 878/2143/62
f 879/2317/68 876/2320/68 874/2319/79
f 878/2143/62 877/2276/65 876/2320/68
f 875/2277/65 876/2320/68 877/2276/65
f 875/2277/65 869/2321/59 876/2320/68
f 874/2319/79 876/2320/68 869/2321/59
f 870/2278/62 869/2321/59 875/2277/65
f 868/2322/51 873/2314/52 874/2319/79
f 874/2319/79 869/2321/59 868/2322/51
f 868/2322/51 872/2306/51 873/2314/52
f 868/2322/51 871/2305/26 872/2306/51
f 868/2322/51 866/2284/24 871/2305/26
f 870/2278/62 867/2323/3 869/2321/59
f 866/2284/24 867/2323/3 870/2278/62
f 869/2321/59 867/2323/3 868/2322/51
f 868/2322/51 867/2323/3 866/2284/24
f 864/2324/30 863/2325/68 865/2326/45
f 863/2325/68 864/2324/30 860/2327/56
f 864/2324/30 861/2328/62 860/2327/56
f 863/2325/68 860/2327/56 855/2329/42
f 862/2330/22 863/2325/68 855/2329/42
f 855/2329/42 853/2331/66 862/2330/22
f 860/2327/56 861/2328/62 858/2332/36
f 859/2333/10 858/2332/36 861/2328/62
f 855/2329/42 860/2327/56 856/2334/56
f 856/2334/56 860/2327/56 858/2332/36
f 859/2333/10 857/2335/40 858/2332/36
f 857/2335/40 859/2333/10 850/2336/30
f 857/2335/40 854/2337/26 858/2332/36
f 858/2332/36 854/2337/26 856/2334/56
f 854/2337/26 857/2335/40 850/2336/30
f 856/2334/56 852/2338/54 855/2329/42
f 852/2338/54 856/2334/56 854/2337/26
f 855/2329/42 852/2338/54 853/2331/66
f 850/2336/30 851/2339/50 854/2337/26
f 851/2339/50 852/2338/54 854/2337/26
f 853/2331/66 852/2338/54 848/2340/51
f 849/2341/46 853/2331/66 848/2340/51
f 851/2339/50 847/2342/42 852/2338/54
f 852/2338/54 847/2342/42 848/2340/51
f 845/2343/79 851/2339/50 850/2336/30
f 845/2343/79 847/2342/42 851/2339/50
f 846/2344/30 845/2343/79 850/2336/30
f 848/2340/51 832/2345/56 849/2341/46
f 831/2346/47 849/2341/46 832/2345/56
f 847/2342/42 834/2347/45 848/2340/51
f 832/2345/56 848/2340/51 834/2347/45
f 840/2348/45 847/2342/42 845/2343/79
f 840/2348/45 834/2347/45 847/2342/42
f 844/2349/30 845/2343/79 846/2344/30
f 844/2349/30 846/2344/30 843/2350/2
f 840/2348/45 845/2343/79 841/2351/75
f 841/2351/75 845/2343/79 844/2349/30
f 839/2352/47 844/2349/30 843/2350/2
f 841/2351/75 844/2349/30 839/2352/47
f 842/1724/31 839/2352/47 843/2350/2
f 838/1722/47 839/2352/47 842/1724/31
f 841/2351/75 836/2353/66 840/2348/45
f 841/2351/75 839/2352/47 836/2353/66
f 834/2347/45 840/2348/45 836/2353/66
f 839/2352/47 838/1722/47 837/2354/31
f 837/2354/31 836/2353/66 839/2352/47
f 838/1722/47 820/1721/16 837/2354/31
f 836/2353/66 837/2354/31 835/2355/21
f 820/1721/16 821/2356/21 837/2354/31
f 837/2354/31 821/2356/21 835/2355/21
f 827/2357/50 834/2347/45 836/2353/66
f 836/2353/66 835/2355/21 827/2357/50
f 835/2355/21 821/2356/21 824/2358/47
f 835/2355/21 824/2358/47 827/2357/50
f 833/2359/79 834/2347/45 827/2357/50
f 832/2345/56 834/2347/45 833/2359/79
f 828/2360/69 832/2345/56 833/2359/79
f 833/2359/79 827/2357/50 828/2360/69
f 831/2346/47 832/2345/56 828/2360/69
f 830/2361/18 831/2346/47 828/2360/69
f 830/2361/18 828/2360/69 829/2362/19
f 828/2360/69 825/2363/31 829/2362/19
f 828/2360/69 827/2357/50 826/2364/47
f 826/2364/47 825/2363/31 828/2360/69
f 826/2364/47 827/2357/50 823/2365/69
f 824/2358/47 823/2365/69 827/2357/50
f 825/2363/31 826/2364/47 814/2366/22
f 826/2364/47 823/2365/69 814/2366/22
f 811/2367/4 825/2363/31 814/2366/22
f 822/2368/50 823/2365/69 824/2358/47
f 822/2368/50 824/2358/47 821/2356/21
f 815/2369/66 814/2366/22 823/2365/69
f 822/2368/50 815/2369/66 823/2365/69
f 821/2356/21 817/2370/21 822/2368/50
f 815/2369/66 822/2368/50 817/2370/21
f 817/2370/21 821/2356/21 820/1721/16
f 817/2370/21 820/1721/16 819/2371/47
f 819/2371/47 820/1721/16 818/1717/31
f 817/2370/21 819/2371/47 545/2372/38
f 545/2372/38 819/2371/47 818/1717/31
f 816/2373/21 815/2369/66 817/2370/21
f 545/2372/38 818/1717/31 543/2374/21
f 818/1717/31 542/1715/29 543/2374/21
f 547/2375/47 816/2373/21 817/2370/21
f 545/2372/38 547/2375/47 817/2370/21
f 813/2376/66 815/2369/66 816/2373/21
f 813/2376/66 816/2373/21 547/2375/47
f 815/2369/66 813/2376/66 812/2377/46
f 814/2366/22 815/2369/66 812/2377/46
f 802/2378/47 813/2376/66 547/2375/47
f 812/2377/46 808/2379/36 814/2366/22
f 811/2367/4 814/2366/22 808/2379/36
f 812/2377/46 813/2376/66 804/2380/42
f 804/2380/42 813/2376/66 802/2378/47
f 799/2381/22 808/2379/36 812/2377/46
f 812/2377/46 804/2380/42 799/2381/22
f 811/2367/4 808/2379/36 807/2382/19
f 811/2367/4 807/2382/19 810/2383/10
f 809/2384/10 810/2383/10 807/2382/19
f 807/2382/19 805/2385/10 809/2384/10
f 808/2379/36 806/2386/4 807/2382/19
f 808/2379/36 799/2381/22 806/2386/4
f 797/2387/2 805/2385/10 807/2382/19
f 807/2382/19 806/2386/4 797/2387/2
f 799/2381/22 797/2387/2 806/2386/4
f 805/2385/10 797/2387/2 803/2388/19
f 801/2389/21 799/2381/22 804/2380/42
f 804/2380/42 802/2378/47 801/2389/21
f 792/2390/11 803/2388/19 797/2387/2
f 792/2390/11 789/2391/19 803/2388/19
f 800/2392/50 801/2389/21 802/2378/47
f 800/2392/50 802/2378/47 547/2375/47
f 801/2389/21 798/2393/45 799/2381/22
f 765/2394/51 801/2389/21 800/2392/50
f 765/2394/51 798/2393/45 801/2389/21
f 547/2375/47 548/2395/47 800/2392/50
f 765/2394/51 800/2392/50 548/2395/47
f 795/2396/39 799/2381/22 798/2393/45
f 797/2387/2 799/2381/22 795/2396/39
f 766/2397/21 798/2393/45 765/2394/51
f 766/2397/21 795/2396/39 798/2393/45
f 796/2398/11 797/2387/2 795/2396/39
f 792/2390/11 797/2387/2 796/2398/11
f 796/2398/11 795/2396/39 794/2399/42
f 792/2390/11 796/2398/11 794/2399/42
f 766/2397/21 794/2399/42 795/2396/39
f 793/2400/13 792/2390/11 794/2399/42
f 793/2400/13 794/2399/42 791/2401/23
f 794/2399/42 766/2397/21 791/2401/23
f 790/2402/15 792/2390/11 793/2400/13
f 793/2400/13 791/2401/23 790/2402/15
f 789/2391/19 792/2390/11 790/2402/15
f 769/2403/22 790/2402/15 791/2401/23
f 766/2397/21 769/2403/22 791/2401/23
f 782/2404/30 789/2391/19 790/2402/15
f 769/2403/22 782/2404/30 790/2402/15
f 789/2391/19 782/2404/30 788/2405/11
f 788/2405/11 782/2404/30 787/2406/19
f 786/2407/10 787/2406/19 782/2404/30
f 787/2406/19 786/2407/10 785/2408/5
f 778/2409/10 785/2408/5 786/2407/10
f 782/2404/30 778/2409/10 786/2407/10
f 777/2410/18 785/2408/5 778/2409/10
f 777/2410/18 784/2411/12 785/2408/5
f 778/2409/10 782/2404/30 783/2412/19
f 784/2411/12 777/2410/18 774/2413/5
f 774/2413/5 759/2414/12 784/2411/12
f 780/2415/45 783/2412/19 782/2404/30
f 783/2412/19 779/2416/42 778/2409/10
f 780/2415/45 779/2416/42 783/2412/19
f 781/2417/46 780/2415/45 782/2404/30
f 782/2404/30 769/2403/22 781/2417/46
f 781/2417/46 770/2418/143 780/2415/45
f 769/2403/22 770/2418/143 781/2417/46
f 770/2418/143 779/2416/42 780/2415/45
f 776/2419/39 778/2409/10 779/2416/42
f 770/2418/143 776/2419/39 779/2416/42
f 776/2419/39 777/2410/18 778/2409/10
f 777/2410/18 776/2419/39 775/2420/18
f 775/2420/18 774/2413/5 777/2410/18
f 776/2419/39 772/2421/21 775/2420/18
f 772/2421/21 776/2419/39 770/2418/143
f 773/2422/31 774/2413/5 775/2420/18
f 773/2422/31 775/2420/18 772/2421/21
f 773/2422/31 760/2423/29 774/2413/5
f 759/2414/12 774/2413/5 760/2423/29
f 773/2422/31 772/2421/21 767/2424/51
f 767/2424/51 760/2423/29 773/2422/31
f 772/2421/21 770/2418/143 771/2425/43
f 772/2421/21 771/2425/43 767/2424/51
f 771/2425/43 770/2418/143 768/2426/79
f 767/2424/51 771/2425/43 768/2426/79
f 763/2427/51 768/2426/79 770/2418/143
f 769/2403/22 763/2427/51 770/2418/143
f 766/2397/21 763/2427/51 769/2403/22
f 767/2424/51 768/2426/79 762/2428/68
f 762/2428/68 768/2426/79 763/2427/51
f 760/2423/29 767/2424/51 761/2429/46
f 761/2429/46 767/2424/51 762/2428/68
f 763/2427/51 766/2397/21 764/2430/50
f 764/2430/50 766/2397/21 765/2394/51
f 548/2395/47 764/2430/50 765/2394/51
f 549/2431/42 763/2427/51 764/2430/50
f 548/2395/47 549/2431/42 764/2430/50
f 763/2427/51 549/2431/42 762/2428/68
f 762/2428/68 756/2432/50 761/2429/46
f 756/2432/50 762/2428/68 549/2431/42
f 761/2429/46 758/2433/31 760/2423/29
f 758/2433/31 761/2429/46 756/2432/50
f 759/2414/12 760/2423/29 758/2433/31
f 758/2433/31 757/2434/38 759/2414/12
f 755/2435/46 758/2433/31 756/2432/50
f 757/2434/38 758/2433/31 752/2436/43
f 752/2436/43 758/2433/31 755/2435/46
f 753/2437/144 757/2434/38 752/2436/43
f 755/2435/46 756/2432/50 550/2438/69
f 549/2431/42 550/2438/69 756/2432/50
f 752/2436/43 755/2435/46 740/2439/75
f 755/2435/46 550/2438/69 740/2439/75
f 751/2440/38 754/2441/39 753/2437/144
f 749/2442/39 753/2437/144 752/2436/43
f 749/2442/39 751/2440/38 753/2437/144
f 752/2436/43 740/2439/75 745/2443/68
f 745/2443/68 749/2442/39 752/2436/43
f 749/2442/39 750/2444/29 751/2440/38
f 750/2444/29 748/2445/47 751/2440/38
f 749/2442/39 745/2443/68 744/2446/50
f 743/2447/21 750/2444/29 749/2442/39
f 748/2445/47 750/2444/29 743/2447/21
f 743/2447/21 749/2442/39 744/2446/50
f 746/2448/21 748/2445/47 743/2447/21
f 746/2448/21 747/2449/8 748/2445/47
f 747/2449/8 746/2448/21 720/2450/69
f 720/2450/69 746/2448/21 743/2447/21
f 744/2446/50 745/2443/68 737/2451/22
f 745/2443/68 740/2439/75 737/2451/22
f 743/2447/21 744/2446/50 742/2452/50
f 744/2446/50 737/2451/22 742/2452/50
f 742/2452/50 741/2453/31 743/2447/21
f 720/2450/69 743/2447/21 741/2453/31
f 742/2452/50 739/2454/56 741/2453/31
f 737/2451/22 739/2454/56 742/2452/50
f 720/2450/69 741/2453/31 719/2455/39
f 741/2453/31 739/2454/56 719/2455/39
f 737/2451/22 740/2439/75 738/2456/45
f 550/2438/69 738/2456/45 740/2439/75
f 739/2454/56 737/2451/22 736/2457/68
f 550/2438/69 551/2458/31 738/2456/45
f 739/2454/56 736/2457/68 735/2459/45
f 735/2459/45 719/2455/39 739/2454/56
f 738/2456/45 554/2460/16 737/2451/22
f 738/2456/45 551/2458/31 554/2460/16
f 697/2461/69 736/2457/68 737/2451/22
f 737/2451/22 554/2460/16 697/2461/69
f 735/2459/45 736/2457/68 734/2462/68
f 732/2463/53 736/2457/68 697/2461/69
f 732/2463/53 734/2462/68 736/2457/68
f 734/2462/68 730/2464/39 735/2459/45
f 730/2464/39 719/2455/39 735/2459/45
f 732/2463/53 733/2465/22 734/2462/68
f 733/2465/22 730/2464/39 734/2462/68
f 732/2463/53 731/2466/29 733/2465/22
f 733/2465/22 731/2466/29 730/2464/39
f 728/2467/47 731/2466/29 732/2463/53
f 714/2468/23 719/2455/39 730/2464/39
f 732/2463/53 698/2469/29 728/2467/47
f 698/2469/29 732/2463/53 697/2461/69
f 731/2466/29 729/2470/47 730/2464/39
f 728/2467/47 726/2471/5 731/2466/29
f 729/2470/47 731/2466/29 726/2471/5
f 730/2464/39 729/2470/47 716/2472/81
f 714/2468/23 730/2464/39 716/2472/81
f 727/2473/12 729/2470/47 726/2471/5
f 729/2470/47 727/2473/12 716/2472/81
f 726/2471/5 728/2467/47 712/2474/31
f 712/2474/31 728/2467/47 698/2469/29
f 727/2473/12 726/2471/5 725/2475/27
f 727/2473/12 724/2476/5 716/2472/81
f 724/2476/5 727/2473/12 725/2475/27
f 723/2477/26 725/2475/27 726/2471/5
f 712/2474/31 723/2477/26 726/2471/5
f 722/2478/62 724/2476/5 725/2475/27
f 725/2475/27 723/2477/26 722/2478/62
f 724/2476/5 717/2479/10 716/2472/81
f 722/2478/62 717/2479/10 724/2476/5
f 721/2480/9 722/2478/62 723/2477/26
f 723/2477/26 712/2474/31 713/2481/13
f 718/2482/19 722/2478/62 721/2480/9
f 718/2482/19 717/2479/10 722/2478/62
f 721/2480/9 720/2450/69 718/2482/19
f 720/2450/69 719/2455/39 718/2482/19
f 714/2468/23 718/2482/19 719/2455/39
f 718/2482/19 715/2483/43 717/2479/10
f 715/2483/43 718/2482/19 714/2468/23
f 716/2472/81 717/2479/10 715/2483/43
f 716/2472/81 715/2483/43 714/2468/23
f 712/2474/31 711/2484/9 713/2481/13
f 711/2484/9 710/2485/2 713/2481/13
f 711/2484/9 712/2474/31 702/2486/31
f 702/2486/31 712/2474/31 698/2469/29
f 708/2487/12 710/2485/2 711/2484/9
f 702/2486/31 708/2487/12 711/2484/9
f 708/2487/12 709/2488/62 710/2485/2
f 709/2488/62 707/2489/145 710/2485/2
f 708/2487/12 706/2490/27 709/2488/62
f 706/2490/27 707/2489/145 709/2488/62
f 706/2490/27 708/2487/12 702/2486/31
f 706/2490/27 704/2491/7 707/2489/145
f 705/2492/8 706/2490/27 702/2486/31
f 705/2492/8 704/2491/7 706/2490/27
f 705/2492/8 702/2486/31 701/2493/3
f 705/2492/8 701/2493/3 704/2491/7
f 702/2486/31 698/2469/29 699/2494/21
f 685/2495/27 704/2491/7 701/2493/3
f 685/2495/27 703/2496/3 704/2491/7
f 685/2495/27 684/2497/27 703/2496/3
f 702/2486/31 700/2498/18 701/2493/3
f 699/2494/21 700/2498/18 702/2486/31
f 695/2499/8 701/2493/3 700/2498/18
f 695/2499/8 685/2495/27 701/2493/3
f 699/2494/21 696/2500/21 700/2498/18
f 700/2498/18 696/2500/21 695/2499/8
f 698/2469/29 691/2501/69 699/2494/21
f 691/2501/69 696/2500/21 699/2494/21
f 697/2461/69 691/2501/69 698/2469/29
f 694/2502/16 695/2499/8 696/2500/21
f 697/2461/69 558/2503/31 691/2501/69
f 554/2460/16 558/2503/31 697/2461/69
f 691/2501/69 693/2504/29 696/2500/21
f 693/2504/29 694/2502/16 696/2500/21
f 687/2505/25 695/2499/8 694/2502/16
f 685/2495/27 695/2499/8 687/2505/25
f 694/2502/16 693/2504/29 688/2506/66
f 687/2505/25 694/2502/16 688/2506/66
f 693/2504/29 691/2501/69 692/2507/38
f 693/2504/29 690/2508/146 688/2506/66
f 692/2507/38 690/2508/146 693/2504/29
f 561/2509/147 692/2507/38 691/2501/69
f 561/2509/147 690/2508/146 692/2507/38
f 558/2503/31 561/2509/147 691/2501/69
f 689/2510/56 688/2506/66 690/2508/146
f 561/2509/147 686/2511/47 690/2508/146
f 689/2510/56 690/2508/146 686/2511/47
f 661/2512/69 688/2506/66 689/2510/56
f 686/2511/47 661/2512/69 689/2510/56
f 687/2505/25 688/2506/66 661/2512/69
f 562/2513/31 686/2511/47 561/2509/147
f 687/2505/25 661/2512/69 683/2514/49
f 687/2505/25 683/2514/49 685/2495/27
f 639/2515/47 661/2512/69 686/2511/47
f 686/2511/47 562/2513/31 639/2515/47
f 682/2516/18 685/2495/27 683/2514/49
f 684/2497/27 685/2495/27 682/2516/18
f 682/2516/18 680/2517/5 684/2497/27
f 683/2514/49 681/2518/12 682/2516/18
f 683/2514/49 661/2512/69 681/2518/12
f 682/2516/18 681/2518/12 677/2519/69
f 682/2516/18 677/2519/69 680/2517/5
f 663/2520/15 681/2518/12 661/2512/69
f 677/2519/69 678/2521/31 680/2517/5
f 680/2517/5 678/2521/31 679/2522/11
f 662/2523/5 663/2520/15 661/2512/69
f 678/2521/31 666/2524/4 679/2522/11
f 666/2524/4 664/2525/19 679/2522/11
f 678/2521/31 677/2519/69 676/2526/42
f 666/2524/4 678/2521/31 676/2526/42
f 675/2527/21 676/2526/42 677/2519/69
f 675/2527/21 677/2519/69 674/2528/51
f 669/2529/43 676/2526/42 675/2527/21
f 669/2529/43 666/2524/4 676/2526/42
f 674/2528/51 672/2530/53 675/2527/21
f 672/2530/53 669/2529/43 675/2527/21
f 674/2528/51 671/2531/3 672/2530/53
f 673/2532/3 671/2531/3 674/2528/51
f 667/2533/7 671/2531/3 673/2532/3
f 671/2531/3 670/2534/8 672/2530/53
f 672/2530/53 670/2534/8 669/2529/43
f 671/2531/3 667/2533/7 670/2534/8
f 670/2534/8 668/2535/148 669/2529/43
f 670/2534/8 667/2533/7 668/2535/148
f 668/2535/148 666/2524/4 669/2529/43
f 667/2533/7 665/2536/19 668/2535/148
f 668/2535/148 665/2536/19 666/2524/4
f 664/2525/19 665/2536/19 667/2533/7
f 666/2524/4 665/2536/19 664/2525/19
f 662/2523/5 656/2537/4 663/2520/15
f 656/2537/4 660/2538/27 663/2520/15
f 662/2523/5 655/2539/2 656/2537/4
f 656/2537/4 658/2540/10 660/2538/27
f 641/2541/23 655/2539/2 662/2523/5
f 641/2541/23 662/2523/5 661/2512/69
f 639/2515/47 641/2541/23 661/2512/69
f 658/2540/10 657/2542/5 660/2538/27
f 660/2538/27 657/2542/5 659/2543/49
f 659/2543/49 657/2542/5 652/2544/69
f 654/2545/4 657/2542/5 658/2540/10
f 658/2540/10 656/2537/4 654/2545/4
f 657/2542/5 654/2545/4 652/2544/69
f 655/2539/2 654/2545/4 656/2537/4
f 652/2544/69 654/2545/4 653/2546/69
f 647/2547/149 654/2545/4 655/2539/2
f 647/2547/149 655/2539/2 641/2541/23
f 651/2548/23 653/2546/69 654/2545/4
f 654/2545/4 647/2547/149 651/2548/23
f 649/2549/50 652/2544/69 653/2546/69
f 649/2549/50 653/2546/69 651/2548/23
f 648/2550/53 652/2544/69 649/2549/50
f 650/2551/22 651/2548/23 647/2547/149
f 650/2551/22 649/2549/50 651/2548/23
f 647/2547/149 643/2552/47 650/2551/22
f 643/2552/47 649/2549/50 650/2551/22
f 648/2550/53 649/2549/50 644/2553/53
f 644/2553/53 649/2549/50 643/2552/47
f 646/2554/3 648/2550/53 644/2553/53
f 647/2547/149 642/2555/23 643/2552/47
f 641/2541/23 642/2555/23 647/2547/149
f 640/2556/27 646/2554/3 644/2553/53
f 646/2554/3 640/2556/27 645/2557/12
f 645/2557/12 640/2556/27 629/2558/12
f 637/2559/21 644/2553/53 643/2552/47
f 637/2559/21 640/2556/27 644/2553/53
f 642/2555/23 636/2560/69 643/2552/47
f 643/2552/47 636/2560/69 637/2559/21
f 641/2541/23 638/2561/69 642/2555/23
f 638/2561/69 636/2560/69 642/2555/23
f 639/2515/47 638/2561/69 641/2541/23
f 637/2559/21 633/2562/26 640/2556/27
f 640/2556/27 633/2562/26 629/2558/12
f 639/2515/47 568/2563/16 638/2561/69
f 562/2513/31 568/2563/16 639/2515/47
f 638/2561/69 635/2564/29 636/2560/69
f 638/2561/69 568/2563/16 635/2564/29
f 637/2559/21 636/2560/69 634/2565/21
f 633/2562/26 637/2559/21 634/2565/21
f 635/2564/29 589/2566/16 636/2560/69
f 636/2560/69 589/2566/16 634/2565/21
f 635/2564/29 568/2563/16 589/2566/16
f 633/2562/26 634/2565/21 631/2567/66
f 634/2565/21 589/2566/16 632/2568/66
f 634/2565/21 632/2568/66 631/2567/66
f 630/2569/27 633/2562/26 631/2567/66
f 629/2558/12 633/2562/26 630/2569/27
f 632/2568/66 595/2570/66 631/2567/66
f 589/2566/16 595/2570/66 632/2568/66
f 630/2569/27 631/2567/66 599/2571/50
f 631/2567/66 595/2570/66 599/2571/50
f 629/2558/12 630/2569/27 627/2572/49
f 630/2569/27 599/2571/50 627/2572/49
f 627/2572/49 628/2573/47 629/2558/12
f 627/2572/49 626/2574/49 628/2573/47
f 601/2575/50 627/2572/49 599/2571/50
f 627/2572/49 618/2576/53 626/2574/49
f 618/2576/53 627/2572/49 601/2575/50
f 618/2576/53 619/2577/3 626/2574/49
f 619/2577/3 622/2578/27 626/2574/49
f 603/2579/51 618/2576/53 601/2575/50
f 622/2578/27 624/2580/1 625/2581/3
f 623/2582/36 624/2580/1 622/2578/27
f 624/2580/1 623/2582/36 620/2583/18
f 623/2582/36 622/2578/27 621/2584/26
f 621/2584/26 620/2583/18 623/2582/36
f 621/2584/26 622/2578/27 619/2577/3
f 620/2583/18 621/2584/26 616/2585/26
f 619/2577/3 616/2585/26 621/2584/26
f 616/2585/26 617/2586/18 620/2583/18
f 606/2587/7 619/2577/3 618/2576/53
f 606/2587/7 616/2585/26 619/2577/3
f 603/2579/51 606/2587/7 618/2576/53
f 614/2588/5 617/2586/18 616/2585/26
f 617/2586/18 614/2588/5 615/2589/9
f 606/2587/7 612/2590/27 616/2585/26
f 612/2590/27 614/2588/5 616/2585/26
f 614/2588/5 608/2591/36 615/2589/9
f 613/2592/3 615/2589/9 608/2591/36
f 614/2588/5 612/2590/27 610/2593/30
f 610/2593/30 608/2591/36 614/2588/5
f 610/2593/30 612/2590/27 611/2594/7
f 439/2595/59 613/2592/3 608/2591/36
f 613/2592/3 439/2595/59 442/2596/13
f 609/2597/3 611/2594/7 612/2590/27
f 609/2597/3 612/2590/27 606/2587/7
f 611/2594/7 607/2598/59 610/2593/30
f 607/2598/59 611/2594/7 609/2597/3
f 607/2598/59 608/2591/36 610/2593/30
f 609/2597/3 606/2587/7 605/2599/24
f 607/2598/59 609/2597/3 605/2599/24
f 438/2600/30 608/2591/36 607/2598/59
f 439/2595/59 608/2591/36 438/2600/30
f 605/2599/24 604/2601/40 607/2598/59
f 607/2598/59 604/2601/40 438/2600/30
f 602/2602/52 605/2599/24 606/2587/7
f 603/2579/51 602/2602/52 606/2587/7
f 605/2599/24 600/2603/7 604/2601/40
f 602/2602/52 600/2603/7 605/2599/24
f 604/2601/40 434/2604/7 438/2600/30
f 600/2603/7 434/2604/7 604/2601/40
f 597/2605/66 602/2602/52 603/2579/51
f 601/2575/50 597/2605/66 603/2579/51
f 600/2603/7 602/2602/52 581/2606/3
f 602/2602/52 597/2605/66 581/2606/3
f 597/2605/66 601/2575/50 598/2607/66
f 599/2571/50 598/2607/66 601/2575/50
f 581/2606/3 430/2608/27 600/2603/7
f 600/2603/7 430/2608/27 434/2604/7
f 599/2571/50 593/2609/53 598/2607/66
f 593/2609/53 599/2571/50 595/2570/66
f 598/2607/66 596/2610/66 597/2605/66
f 593/2609/53 596/2610/66 598/2607/66
f 597/2605/66 596/2610/66 582/2611/49
f 597/2605/66 582/2611/49 581/2606/3
f 593/2609/53 586/2612/49 596/2610/66
f 596/2610/66 586/2612/49 582/2611/49
f 594/2613/29 593/2609/53 595/2570/66
f 589/2566/16 594/2613/29 595/2570/66
f 594/2613/29 592/2614/150 593/2609/53
f 589/2566/16 588/2615/69 594/2613/29
f 594/2613/29 588/2615/69 592/2614/150
f 593/2609/53 592/2614/150 591/2616/53
f 593/2609/53 591/2616/53 586/2612/49
f 592/2614/150 590/2617/45 591/2616/53
f 592/2614/150 588/2615/69 590/2617/45
f 585/2618/51 586/2612/49 591/2616/53
f 591/2616/53 590/2617/45 585/2618/51
f 588/2615/69 587/2619/43 590/2617/45
f 587/2619/43 585/2618/51 590/2617/45
f 589/2566/16 570/2620/16 588/2615/69
f 568/2563/16 570/2620/16 589/2566/16
f 587/2619/43 588/2615/69 572/2621/22
f 588/2615/69 570/2620/16 572/2621/22
f 573/2622/22 585/2618/51 587/2619/43
f 573/2622/22 587/2619/43 572/2621/22
f 584/2623/66 586/2612/49 585/2618/51
f 584/2623/66 582/2611/49 586/2612/49
f 584/2623/66 585/2618/51 577/2624/66
f 573/2622/22 577/2624/66 585/2618/51
f 583/2625/52 582/2611/49 584/2623/66
f 583/2625/52 584/2623/66 579/2626/52
f 584/2623/66 577/2624/66 579/2626/52
f 583/2625/52 580/2627/66 582/2611/49
f 579/2626/52 580/2627/66 583/2625/52
f 580/2627/66 383/2628/151 582/2611/49
f 581/2606/3 582/2611/49 383/2628/151
f 581/2606/3 383/2628/151 430/2608/27
f 579/2626/52 403/2629/49 580/2627/66
f 580/2627/66 399/2630/66 383/2628/151
f 580/2627/66 403/2629/49 399/2630/66
f 577/2624/66 578/2631/21 579/2626/52
f 579/2626/52 578/2631/21 403/2629/49
f 578/2631/21 577/2624/66 574/2632/152
f 414/2633/69 403/2629/49 578/2631/21
f 414/2633/69 578/2631/21 574/2632/152
f 574/2632/152 577/2624/66 576/2634/43
f 576/2634/43 577/2624/66 573/2622/22
f 574/2632/152 576/2634/43 575/2635/43
f 576/2634/43 573/2622/22 489/2636/43
f 576/2634/43 489/2636/43 575/2635/43
f 575/2635/43 481/2637/39 574/2632/152
f 489/2636/43 481/2637/39 575/2635/43
f 574/2632/152 415/2638/39 414/2633/69
f 415/2638/39 574/2632/152 481/2637/39
f 573/2622/22 569/2639/42 489/2636/43
f 573/2622/22 571/2640/38 569/2639/42
f 571/2640/38 573/2622/22 572/2621/22
f 489/2636/43 569/2639/42 490/2641/42
f 572/2621/22 564/2642/69 571/2640/38
f 572/2621/22 570/2620/16 564/2642/69
f 569/2639/42 571/2640/38 535/2643/23
f 564/2642/69 535/2643/23 571/2640/38
f 564/2642/69 570/2620/16 567/2644/16
f 567/2644/16 570/2620/16 568/2563/16
f 493/2645/38 569/2639/42 535/2643/23
f 569/2639/42 493/2645/38 490/2641/42
f 568/2563/16 566/2646/29 567/2644/16
f 562/2513/31 566/2646/29 568/2563/16
f 566/2646/29 563/2647/69 567/2644/16
f 567/2644/16 563/2647/69 564/2642/69
f 562/2513/31 565/2648/47 566/2646/29
f 565/2648/47 563/2647/69 566/2646/29
f 560/2649/16 565/2648/47 562/2513/31
f 563/2647/69 565/2648/47 560/2649/16
f 536/2650/29 564/2642/69 563/2647/69
f 535/2643/23 564/2642/69 536/2650/29
f 563/2647/69 560/2649/16 539/2651/31
f 536/2650/29 563/2647/69 539/2651/31
f 560/2649/16 562/2513/31 559/2652/47
f 562/2513/31 561/2509/147 559/2652/47
f 559/2652/47 561/2509/147 558/2503/31
f 560/2649/16 559/2652/47 555/2653/29
f 539/2651/31 560/2649/16 555/2653/29
f 559/2652/47 558/2503/31 557/2654/69
f 559/2652/47 557/2654/69 555/2653/29
f 556/2655/69 557/2654/69 558/2503/31
f 554/2460/16 556/2655/69 558/2503/31
f 553/2656/29 555/2653/29 557/2654/69
f 556/2655/69 553/2656/29 557/2654/69
f 556/2655/69 554/2460/16 553/2656/29
f 555/2653/29 553/2656/29 539/2651/31
f 551/2458/31 553/2656/29 554/2460/16
f 539/2651/31 553/2656/29 552/2657/16
f 553/2656/29 551/2458/31 544/2658/29
f 553/2656/29 544/2658/29 552/2657/16
f 552/2657/16 540/2659/29 539/2651/31
f 540/2659/29 552/2657/16 544/2658/29
f 546/2660/42 544/2658/29 551/2458/31
f 546/2660/42 551/2458/31 550/2438/69
f 546/2660/42 550/2438/69 549/2431/42
f 546/2660/42 549/2431/42 548/2395/47
f 548/2395/47 547/2375/47 546/2660/42
f 545/2372/38 546/2660/42 547/2375/47
f 545/2372/38 544/2658/29 546/2660/42
f 543/2374/21 544/2658/29 545/2372/38
f 543/2374/21 540/2659/29 544/2658/29
f 540/2659/29 543/2374/21 542/1715/29
f 541/1711/16 540/2659/29 542/1715/29
f 538/1713/69 540/2659/29 541/1711/16
f 540/2659/29 538/1713/69 539/2651/31
f 538/1713/69 534/2661/47 539/2651/31
f 539/2651/31 534/2661/47 536/2650/29
f 538/1713/69 533/2662/47 534/2661/47
f 537/1710/31 533/2662/47 538/1713/69
f 537/1710/31 530/1708/16 533/2662/47
f 536/2650/29 534/2661/47 495/2663/38
f 535/2643/23 536/2650/29 495/2663/38
f 493/2645/38 535/2643/23 495/2663/38
f 534/2661/47 533/2662/47 503/2664/69
f 495/2663/38 534/2661/47 503/2664/69
f 530/1708/16 532/2665/69 533/2662/47
f 503/2664/69 533/2662/47 531/2666/69
f 532/2665/69 531/2666/69 533/2662/47
f 532/2665/69 530/1708/16 528/2667/51
f 532/2665/69 528/2667/51 531/2666/69
f 503/2664/69 531/2666/69 504/2668/53
f 531/2666/69 528/2667/51 504/2668/53
f 530/1708/16 527/2669/66 528/2667/51
f 527/2669/66 530/1708/16 529/1706/66
f 528/2667/51 521/2670/53 504/2668/53
f 527/2669/66 529/1706/66 526/2671/50
f 526/2671/50 529/1706/66 525/1701/50
f 520/2672/49 528/2667/51 527/2669/66
f 520/2672/49 521/2670/53 528/2667/51
f 527/2669/66 526/2671/50 524/2673/66
f 520/2672/49 527/2669/66 524/2673/66
f 526/2671/50 525/1701/50 523/2674/49
f 526/2671/50 523/2674/49 524/2673/66
f 523/2674/49 525/1701/50 4/2675/49
f 9/1698/66 4/2675/49 525/1701/50
f 523/2674/49 522/2676/52 524/2673/66
f 522/2676/52 520/2672/49 524/2673/66
f 523/2674/49 3/2677/53 522/2676/52
f 3/2677/53 523/2674/49 4/2675/49
f 522/2676/52 516/2678/49 520/2672/49
f 3/2677/53 516/2678/49 522/2676/52
f 520/2672/49 519/2679/52 521/2670/53
f 504/2668/53 521/2670/53 519/2679/52
f 520/2672/49 518/2680/49 519/2679/52
f 518/2680/49 520/2672/49 516/2678/49
f 504/2668/53 519/2679/52 510/2681/49
f 510/2681/49 519/2679/52 518/2680/49
f 518/2680/49 516/2678/49 517/2682/66
f 512/2683/50 510/2681/49 518/2680/49
f 518/2680/49 517/2682/66 512/2683/50
f 517/2682/66 516/2678/49 515/2684/66
f 514/2685/66 512/2683/50 517/2682/66
f 516/2678/49 1/2686/51 515/2684/66
f 3/2677/53 1/2686/51 516/2678/49
f 515/2684/66 1/2686/51 16/2687/66
f 512/2683/50 514/2685/66 513/2688/50
f 514/2685/66 511/2689/50 513/2688/50
f 507/2690/51 512/2683/50 513/2688/50
f 507/2690/51 513/2688/50 511/2689/50
f 510/2681/49 512/2683/50 507/2690/51
f 507/2690/51 511/2689/50 509/2691/103
f 510/2681/49 507/2690/51 504/2668/53
f 508/2692/53 507/2690/51 509/2691/103
f 508/2692/53 506/2693/31 507/2690/51
f 507/2690/51 506/2693/31 492/2694/68
f 504/2668/53 507/2690/51 492/2694/68
f 505/2695/75 492/2694/68 506/2693/31
f 502/2696/43 492/2694/68 505/2695/75
f 501/2697/49 504/2668/53 492/2694/68
f 503/2664/69 504/2668/53 501/2697/49
f 503/2664/69 501/2697/49 495/2663/38
f 502/2696/43 491/2698/19 492/2694/68
f 495/2663/38 501/2697/49 499/2699/49
f 502/2696/43 447/2700/11 491/2698/19
f 502/2696/43 500/2701/19 447/2700/11
f 499/2699/49 501/2697/49 496/2702/53
f 501/2697/49 492/2694/68 496/2702/53
f 500/2701/19 444/2703/19 447/2700/11
f 496/2702/53 498/2704/26 499/2699/49
f 499/2699/49 498/2704/26 497/2705/19
f 499/2699/49 497/2705/19 495/2663/38
f 496/2702/53 494/2706/19 498/2704/26
f 497/2705/19 498/2704/26 494/2706/19
f 497/2705/19 494/2706/19 495/2663/38
f 492/2694/68 494/2706/19 496/2702/53
f 493/2645/38 495/2663/38 494/2706/19
f 492/2694/68 493/2645/38 494/2706/19
f 493/2645/38 492/2694/68 490/2641/42
f 492/2694/68 487/2707/19 490/2641/42
f 487/2707/19 492/2694/68 491/2698/19
f 487/2707/19 491/2698/19 447/2700/11
f 487/2707/19 488/2708/22 490/2641/42
f 490/2641/42 488/2708/22 489/2636/43
f 488/2708/22 481/2637/39 489/2636/43
f 486/2709/39 488/2708/22 487/2707/19
f 488/2708/22 485/2710/38 481/2637/39
f 486/2709/39 485/2710/38 488/2708/22
f 450/2711/4 486/2709/39 487/2707/19
f 447/2700/11 450/2711/4 487/2707/19
f 486/2709/39 484/2712/22 485/2710/38
f 486/2709/39 450/2711/4 484/2712/22
f 485/2710/38 483/2713/39 481/2637/39
f 484/2712/22 482/2714/43 485/2710/38
f 485/2710/38 482/2714/43 483/2713/39
f 450/2711/4 451/2715/19 484/2712/22
f 458/2716/21 481/2637/39 483/2713/39
f 484/2712/22 476/2717/13 482/2714/43
f 484/2712/22 451/2715/19 476/2717/13
f 483/2713/39 482/2714/43 480/2718/43
f 480/2718/43 458/2716/21 483/2713/39
f 476/2717/13 478/2719/39 482/2714/43
f 478/2719/39 480/2718/43 482/2714/43
f 481/2637/39 458/2716/21 415/2638/39
f 480/2718/43 478/2719/39 479/2720/153
f 458/2716/21 480/2718/43 469/2721/52
f 480/2718/43 479/2720/153 469/2721/52
f 478/2719/39 477/2722/75 479/2720/153
f 479/2720/153 472/2723/46 469/2721/52
f 479/2720/153 477/2722/75 472/2723/46
f 478/2719/39 475/2724/39 477/2722/75
f 476/2717/13 475/2724/39 478/2719/39
f 474/2725/56 472/2723/46 477/2722/75
f 474/2725/56 477/2722/75 475/2724/39
f 475/2724/39 476/2717/13 454/2726/4
f 451/2715/19 454/2726/4 476/2717/13
f 475/2724/39 473/2727/59 474/2725/56
f 473/2727/59 475/2724/39 454/2726/4
f 474/2725/56 470/2728/65 472/2723/46
f 473/2727/59 470/2728/65 474/2725/56
f 454/2726/4 456/2729/65 473/2727/59
f 470/2728/65 473/2727/59 456/2729/65
f 470/2728/65 471/2730/66 472/2723/46
f 472/2723/46 471/2730/66 469/2721/52
f 457/2731/27 470/2728/65 456/2729/65
f 469/2721/52 471/2730/66 468/2732/49
f 471/2730/66 470/2728/65 467/2733/52
f 471/2730/66 467/2733/52 468/2732/49
f 467/2733/52 470/2728/65 457/2731/27
f 469/2721/52 468/2732/49 466/2734/50
f 458/2716/21 469/2721/52 466/2734/50
f 468/2732/49 467/2733/52 465/2735/53
f 466/2734/50 468/2732/49 465/2735/53
f 465/2735/53 467/2733/52 464/2736/50
f 464/2736/50 467/2733/52 457/2731/27
f 466/2734/50 465/2735/53 463/2737/29
f 463/2737/29 458/2716/21 466/2734/50
f 462/2738/9 465/2735/53 464/2736/50
f 465/2735/53 462/2738/9 463/2737/29
f 464/2736/50 457/2731/27 460/2739/25
f 462/2738/9 464/2736/50 460/2739/25
f 463/2737/29 462/2738/9 461/2740/11
f 460/2739/25 457/2731/27 453/2741/3
f 461/2740/11 459/2742/4 463/2737/29
f 463/2737/29 459/2742/4 458/2716/21
f 428/2743/65 461/2740/11 462/2738/9
f 428/2743/65 462/2738/9 460/2739/25
f 428/2743/65 459/2742/4 461/2740/11
f 460/2739/25 453/2741/3 428/2743/65
f 459/2742/4 423/2744/43 458/2716/21
f 423/2744/43 459/2742/4 428/2743/65
f 423/2744/43 415/2638/39 458/2716/21
f 453/2741/3 457/2731/27 455/2745/30
f 457/2731/27 456/2729/65 455/2745/30
f 455/2745/30 456/2729/65 454/2726/4
f 454/2726/4 452/2746/11 455/2745/30
f 453/2741/3 455/2745/30 452/2746/11
f 452/2746/11 454/2726/4 451/2715/19
f 453/2741/3 452/2746/11 449/2747/36
f 453/2741/3 449/2747/36 428/2743/65
f 448/2748/2 452/2746/11 451/2715/19
f 449/2747/36 452/2746/11 448/2748/2
f 450/2711/4 448/2748/2 451/2715/19
f 447/2700/11 448/2748/2 450/2711/4
f 449/2747/36 448/2748/2 429/2749/40
f 449/2747/36 429/2749/40 428/2743/65
f 448/2748/2 447/2700/11 446/2750/59
f 448/2748/2 446/2750/59 429/2749/40
f 445/2751/40 446/2750/59 447/2700/11
f 447/2700/11 444/2703/19 445/2751/40
f 446/2750/59 445/2751/40 436/2752/62
f 436/2752/62 429/2749/40 446/2750/59
f 444/2703/19 440/2753/62 445/2751/40
f 436/2752/62 445/2751/40 440/2753/62
f 444/2703/19 441/2754/40 440/2753/62
f 443/2755/19 441/2754/40 444/2703/19
f 441/2754/40 443/2755/19 442/2596/13
f 439/2595/59 441/2754/40 442/2596/13
f 441/2754/40 439/2595/59 440/2753/62
f 439/2595/59 437/2756/36 440/2753/62
f 440/2753/62 437/2756/36 436/2752/62
f 437/2756/36 439/2595/59 438/2600/30
f 437/2756/36 438/2600/30 434/2604/7
f 435/2757/59 436/2752/62 437/2756/36
f 434/2604/7 435/2757/59 437/2756/36
f 435/2757/59 429/2749/40 436/2752/62
f 431/2758/3 435/2757/59 434/2604/7
f 429/2749/40 435/2757/59 433/2759/26
f 431/2758/3 433/2759/26 435/2757/59
f 434/2604/7 432/2760/26 431/2758/3
f 430/2608/27 432/2760/26 434/2604/7
f 431/2758/3 427/2761/59 433/2759/26
f 429/2749/40 433/2759/26 427/2761/59
f 432/2760/26 390/2762/7 431/2758/3
f 430/2608/27 390/2762/7 432/2760/26
f 390/2762/7 427/2761/59 431/2758/3
f 430/2608/27 384/2763/24 390/2762/7
f 430/2608/27 383/2628/151 384/2763/24
f 429/2749/40 427/2761/59 426/2764/62
f 429/2749/40 426/2764/62 428/2743/65
f 390/2762/7 391/2765/36 427/2761/59
f 426/2764/62 425/2766/4 428/2743/65
f 425/2766/4 423/2744/43 428/2743/65
f 427/2761/59 396/2767/62 426/2764/62
f 391/2765/36 396/2767/62 427/2761/59
f 426/2764/62 421/2768/30 425/2766/4
f 426/2764/62 396/2767/62 421/2768/30
f 425/2766/4 424/2769/19 423/2744/43
f 421/2768/30 422/2770/4 425/2766/4
f 422/2770/4 424/2769/19 425/2766/4
f 420/2771/23 423/2744/43 424/2769/19
f 424/2769/19 422/2770/4 420/2771/23
f 420/2771/23 417/2772/39 423/2744/43
f 423/2744/43 417/2772/39 415/2638/39
f 419/2773/75 420/2771/23 422/2770/4
f 422/2770/4 421/2768/30 418/2774/36
f 422/2770/4 418/2774/36 419/2773/75
f 418/2774/36 421/2768/30 396/2767/62
f 420/2771/23 419/2773/75 416/2775/68
f 420/2771/23 416/2775/68 417/2772/39
f 419/2773/75 418/2774/36 401/2776/75
f 416/2775/68 419/2773/75 401/2776/75
f 398/2777/56 418/2774/36 396/2767/62
f 418/2774/36 398/2777/56 401/2776/75
f 413/2778/143 417/2772/39 416/2775/68
f 415/2638/39 417/2772/39 413/2778/143
f 406/2779/75 416/2775/68 401/2776/75
f 416/2775/68 406/2779/75 413/2778/143
f 415/2638/39 413/2778/143 412/2780/43
f 414/2633/69 415/2638/39 412/2780/43
f 407/2781/68 413/2778/143 406/2779/75
f 414/2633/69 412/2780/43 409/2782/47
f 403/2629/49 414/2633/69 409/2782/47
f 413/2778/143 410/2783/66 412/2780/43
f 413/2778/143 407/2781/68 410/2783/66
f 409/2782/47 412/2780/43 411/2784/45
f 412/2780/43 410/2783/66 411/2784/45
f 411/2784/45 410/2783/66 408/2785/45
f 408/2785/45 409/2782/47 411/2784/45
f 408/2785/45 410/2783/66 407/2781/68
f 403/2629/49 409/2782/47 405/2786/52
f 405/2786/52 409/2782/47 408/2785/45
f 408/2785/45 407/2781/68 404/2787/68
f 408/2785/45 404/2787/68 405/2786/52
f 407/2781/68 406/2779/75 402/2788/79
f 404/2787/68 407/2781/68 402/2788/79
f 401/2776/75 402/2788/79 406/2779/75
f 405/2786/52 404/2787/68 400/2789/52
f 405/2786/52 400/2789/52 403/2629/49
f 404/2787/68 402/2788/79 400/2789/52
f 403/2629/49 400/2789/52 399/2630/66
f 402/2788/79 401/2776/75 393/2790/79
f 393/2790/79 400/2789/52 402/2788/79
f 393/2790/79 401/2776/75 398/2777/56
f 399/2630/66 400/2789/52 397/2791/52
f 393/2790/79 397/2791/52 400/2789/52
f 397/2791/52 383/2628/151 399/2630/66
f 394/2792/40 393/2790/79 398/2777/56
f 396/2767/62 394/2792/40 398/2777/56
f 397/2791/52 393/2790/79 385/2793/50
f 385/2793/50 383/2628/151 397/2791/52
f 394/2792/40 396/2767/62 395/2794/40
f 396/2767/62 391/2765/36 395/2794/40
f 394/2792/40 395/2794/40 392/2795/59
f 391/2765/36 392/2795/59 395/2794/40
f 388/2796/65 393/2790/79 394/2792/40
f 394/2792/40 392/2795/59 388/2796/65
f 388/2796/65 385/2793/50 393/2790/79
f 389/2797/59 392/2795/59 391/2765/36
f 389/2797/59 388/2796/65 392/2795/59
f 387/2798/26 389/2797/59 391/2765/36
f 390/2762/7 387/2798/26 391/2765/36
f 384/2763/24 387/2798/26 390/2762/7
f 386/2799/7 388/2796/65 389/2797/59
f 386/2799/7 389/2797/59 387/2798/26
f 388/2796/65 386/2799/7 385/2793/50
f 384/2763/24 386/2799/7 387/2798/26
f 382/2800/52 385/2793/50 386/2799/7
f 386/2799/7 384/2763/24 382/2800/52
f 385/2793/50 382/2800/52 383/2628/151
f 384/2763/24 383/2628/151 382/2800/52
f 379/2801/10 381/130/30 380/2802/40
f 381/130/30 379/2801/10 378/129/19
f 380/2802/40 343/2803/10 379/2801/10
f 356/2804/10 378/129/19 379/2801/10
f 356/2804/10 379/2801/10 343/2803/10
f 378/129/19 356/2804/10 359/2805/15
f 356/2804/10 343/2803/10 345/2806/10
f 359/2805/15 374/2807/2 378/129/19
f 374/2807/2 377/121/8 378/129/19
f 376/120/5 377/121/8 374/2807/2
f 374/2807/2 375/113/19 376/120/5
f 375/113/19 374/2807/2 373/2808/11
f 373/2808/11 372/2809/154 375/113/19
f 375/113/19 372/2809/154 370/114/19
f 374/2807/2 361/2810/2 373/2808/11
f 374/2807/2 359/2805/15 361/2810/2
f 372/2809/154 373/2808/11 369/2811/19
f 373/2808/11 361/2810/2 369/2811/19
f 371/2812/36 370/114/19 372/2809/154
f 371/2812/36 372/2809/154 369/2811/19
f 370/114/19 371/2812/36 367/2813/30
f 371/2812/36 369/2811/19 367/2813/30
f 332/2814/11 370/114/19 367/2813/30
f 332/2814/11 368/99/19 370/114/19
f 366/2815/10 367/2813/30 369/2811/19
f 361/2810/2 366/2815/10 369/2811/19
f 332/2814/11 323/70/11 368/99/19
f 366/2815/10 358/2816/19 367/2813/30
f 358/2816/19 332/2814/11 367/2813/30
f 361/2810/2 365/2817/15 366/2815/10
f 366/2815/10 362/2818/12 358/2816/19
f 365/2817/15 362/2818/12 366/2815/10
f 361/2810/2 364/2819/10 365/2817/15
f 365/2817/15 364/2819/10 363/2820/29
f 362/2818/12 365/2817/15 363/2820/29
f 364/2819/10 361/2810/2 353/2821/15
f 360/2822/2 362/2818/12 363/2820/29
f 358/2816/19 362/2818/12 360/2822/2
f 353/2821/15 361/2810/2 359/2805/15
f 358/2816/19 360/2822/2 357/2823/2
f 359/2805/15 355/2824/155 353/2821/15
f 359/2805/15 356/2804/10 355/2824/155
f 357/2823/2 330/2825/10 358/2816/19
f 330/2825/10 332/2814/11 358/2816/19
f 357/2823/2 327/2826/2 330/2825/10
f 349/2827/5 355/2824/155 356/2804/10
f 349/2827/5 356/2804/10 345/2806/10
f 355/2824/155 354/2828/12 353/2821/15
f 354/2828/12 355/2824/155 349/2827/5
f 352/2829/69 353/2821/15 354/2828/12
f 352/2829/69 354/2828/12 349/2827/5
f 353/2821/15 352/2829/69 351/2830/16
f 352/2829/69 350/2831/69 351/2830/16
f 352/2829/69 349/2827/5 350/2831/69
f 348/2832/56 351/2830/16 350/2831/69
f 346/2833/23 350/2831/69 349/2827/5
f 350/2831/69 346/2833/23 348/2832/56
f 345/2806/10 346/2833/23 349/2827/5
f 346/2833/23 347/2834/50 348/2832/56
f 346/2833/23 342/2835/42 347/2834/50
f 346/2833/23 345/2806/10 342/2835/42
f 344/2836/5 342/2835/42 345/2806/10
f 343/2803/10 344/2836/5 345/2806/10
f 343/2803/10 341/2837/9 344/2836/5
f 344/2836/5 341/2837/9 342/2835/42
f 340/2838/40 341/2837/9 343/2803/10
f 341/2837/9 339/2839/69 342/2835/42
f 342/2835/42 339/2839/69 338/2840/79
f 340/2838/40 336/2841/13 341/2837/9
f 341/2837/9 336/2841/13 339/2839/69
f 340/2838/40 337/2842/36 336/2841/13
f 339/2839/69 333/2843/23 338/2840/79
f 333/2843/23 339/2839/69 336/2841/13
f 338/2840/79 333/2843/23 334/2844/45
f 335/2845/10 336/2841/13 337/2842/36
f 335/2845/10 337/2842/36 334/2844/45
f 333/2843/23 336/2841/13 335/2845/10
f 335/2845/10 334/2844/45 333/2843/23
f 332/2814/11 330/2825/10 331/2846/156
f 323/70/11 332/2814/11 331/2846/156
f 330/2825/10 328/2847/10 331/2846/156
f 323/70/11 331/2846/156 324/2848/11
f 324/2848/11 331/2846/156 328/2847/10
f 329/2849/19 328/2847/10 330/2825/10
f 327/2826/2 329/2849/19 330/2825/10
f 328/2847/10 329/2849/19 325/2850/2
f 327/2826/2 325/2850/2 329/2849/19
f 324/2848/11 328/2847/10 325/2850/2
f 327/2826/2 326/2851/11 325/2850/2
f 325/2850/2 326/2851/11 321/2852/13
f 324/2848/11 325/2850/2 322/2853/2
f 322/2853/2 325/2850/2 321/2852/13
f 324/2848/11 317/2854/11 323/70/11
f 324/2848/11 322/2853/2 317/2854/11
f 323/70/11 317/2854/11 320/60/10
f 318/2855/13 322/2853/2 321/2852/13
f 322/2853/2 318/2855/13 317/2854/11
f 319/2856/2 318/2855/13 321/2852/13
f 310/59/9 320/60/10 317/2854/11
f 318/2855/13 319/2856/2 315/2857/11
f 317/2854/11 318/2855/13 316/2858/10
f 318/2855/13 315/2857/11 316/2858/10
f 310/59/9 317/2854/11 316/2858/10
f 315/2857/11 314/2859/157 316/2858/10
f 310/59/9 316/2858/10 314/2859/157
f 313/2860/19 314/2859/157 315/2857/11
f 313/2860/19 311/2861/15 314/2859/157
f 310/59/9 314/2859/157 311/2861/15
f 313/2860/19 312/2862/9 311/2861/15
f 312/2862/9 308/2863/12 311/2861/15
f 309/2864/9 310/59/9 311/2861/15
f 309/2864/9 311/2861/15 308/2863/12
f 309/2864/9 305/48/19 310/59/9
f 308/2863/12 305/48/19 309/2864/9
f 307/2865/12 305/48/19 308/2863/12
f 306/2866/42 305/48/19 307/2865/12
f 306/2866/42 301/2867/59 305/48/19
f 303/2868/79 301/2867/59 306/2866/42
f 300/2869/158 305/48/19 301/2867/59
f 304/46/3 305/48/19 300/2869/158
f 300/2869/158 299/50/12 304/46/3
f 302/2870/75 301/2867/59 303/2868/79
f 295/54/23 302/2870/75 303/2868/79
f 302/2870/75 297/2871/75 301/2867/59
f 297/2871/75 302/2870/75 295/54/23
f 300/2869/158 301/2867/59 298/2872/2
f 298/2872/2 301/2867/59 297/2871/75
f 300/2869/158 296/2873/8 299/50/12
f 298/2872/2 296/2873/8 300/2869/158
f 296/2873/8 294/52/21 299/50/12
f 293/2874/2 298/2872/2 297/2871/75
f 298/2872/2 293/2874/2 296/2873/8
f 293/2874/2 297/2871/75 295/54/23
f 296/2873/8 293/2874/2 294/52/21
f 295/54/23 294/52/21 293/2874/2
f 291/2875/69 292/2294/15 289/2876/26
f 292/2294/15 290/2297/27 289/2876/26
f 291/2875/69 289/2876/26 261/2877/27
f 287/2878/27 289/2876/26 290/2297/27
f 288/2262/26 287/2878/27 290/2297/27
f 289/2876/26 262/2879/3 261/2877/27
f 289/2876/26 287/2878/27 262/2879/3
f 288/2262/26 286/2880/24 287/2878/27
f 286/2880/24 288/2262/26 285/2257/24
f 287/2878/27 278/2881/11 262/2879/3
f 286/2880/24 278/2881/11 287/2878/27
f 282/2882/10 286/2880/24 285/2257/24
f 278/2881/11 286/2880/24 282/2882/10
f 282/2882/10 285/2257/24 283/2883/13
f 285/2257/24 284/2238/10 283/2883/13
f 283/2883/13 284/2238/10 279/2239/13
f 281/2884/4 282/2882/10 283/2883/13
f 279/2239/13 281/2884/4 283/2883/13
f 281/2884/4 278/2881/11 282/2882/10
f 279/2239/13 280/2885/10 281/2884/4
f 277/2886/19 278/2881/11 281/2884/4
f 281/2884/4 280/2885/10 277/2886/19
f 276/2887/11 280/2885/10 279/2239/13
f 276/2887/11 277/2886/19 280/2885/10
f 279/2239/13 275/2234/4 276/2887/11
f 263/2888/8 278/2881/11 277/2886/19
f 278/2881/11 263/2888/8 262/2879/3
f 276/2887/11 272/2889/2 277/2886/19
f 263/2888/8 277/2886/19 272/2889/2
f 276/2887/11 275/2234/4 274/2890/4
f 276/2887/11 274/2890/4 272/2889/2
f 275/2234/4 273/2230/13 274/2890/4
f 271/2891/2 274/2890/4 273/2230/13
f 271/2891/2 272/2889/2 274/2890/4
f 271/2891/2 273/2230/13 270/2231/10
f 272/2889/2 271/2891/2 265/2892/13
f 272/2889/2 265/2892/13 263/2888/8
f 267/2893/11 271/2891/2 270/2231/10
f 267/2893/11 265/2892/13 271/2891/2
f 270/2231/10 268/2894/13 267/2893/11
f 269/2227/141 268/2894/13 270/2231/10
f 265/2892/13 267/2893/11 266/2895/9
f 268/2894/13 269/2227/141 245/2896/42
f 243/2224/10 245/2896/42 269/2227/141
f 264/2897/15 267/2893/11 268/2894/13
f 245/2896/42 264/2897/15 268/2894/13
f 266/2895/9 267/2893/11 250/2898/9
f 267/2893/11 264/2897/15 250/2898/9
f 266/2895/9 260/2899/8 265/2892/13
f 260/2899/8 266/2895/9 250/2898/9
f 265/2892/13 260/2899/8 263/2888/8
f 246/2900/42 264/2897/15 245/2896/42
f 264/2897/15 246/2900/42 250/2898/9
f 263/2888/8 260/2899/8 255/2901/3
f 263/2888/8 255/2901/3 262/2879/3
f 255/2901/3 261/2877/27 262/2879/3
f 255/2901/3 259/2902/5 261/2877/27
f 260/2899/8 250/2898/9 252/2903/8
f 260/2899/8 252/2903/8 255/2901/3
f 259/2902/5 255/2901/3 256/2904/51
f 258/2905/5 259/2902/5 256/2904/51
f 257/2906/11 258/2905/5 256/2904/51
f 254/2907/159 258/2905/5 257/2906/11
f 257/2906/11 256/2904/51 254/2907/159
f 256/2904/51 255/2901/3 254/2907/159
f 255/2901/3 252/2903/8 254/2907/159
f 251/2908/18 254/2907/159 252/2903/8
f 254/2907/159 251/2908/18 253/2909/3
f 249/2910/18 253/2909/3 251/2908/18
f 252/2903/8 248/2911/8 251/2908/18
f 250/2898/9 248/2911/8 252/2903/8
f 249/2910/18 251/2908/18 221/2912/15
f 251/2908/18 248/2911/8 221/2912/15
f 247/2913/31 248/2911/8 250/2898/9
f 246/2900/42 247/2913/31 250/2898/9
f 249/2910/18 221/2912/15 220/2914/8
f 220/2914/8 217/2915/12 249/2910/18
f 234/2916/18 248/2911/8 247/2913/31
f 234/2916/18 221/2912/15 248/2911/8
f 246/2900/42 239/2917/160 247/2913/31
f 239/2917/160 234/2916/18 247/2913/31
f 244/2918/23 246/2900/42 245/2896/42
f 246/2900/42 244/2918/23 239/2917/160
f 245/2896/42 243/2224/10 244/2918/23
f 243/2224/10 242/2919/3 244/2918/23
f 239/2917/160 244/2918/23 242/2919/3
f 242/2919/3 243/2224/10 236/2223/24
f 241/2920/145 239/2917/160 242/2919/3
f 242/2919/3 236/2223/24 235/2921/15
f 242/2919/3 235/2921/15 241/2920/145
f 239/2917/160 241/2920/145 240/2922/62
f 241/2920/145 235/2921/15 240/2922/62
f 238/2923/4 239/2917/160 240/2922/62
f 234/2916/18 240/2922/62 235/2921/15
f 234/2916/18 238/2923/4 240/2922/62
f 237/2924/161 239/2917/160 238/2923/4
f 238/2923/4 234/2916/18 237/2924/161
f 237/2924/161 234/2916/18 239/2917/160
f 232/2925/15 235/2921/15 236/2223/24
f 232/2925/15 236/2223/24 231/2219/11
f 233/2926/8 234/2916/18 235/2921/15
f 235/2921/15 232/2925/15 233/2926/8
f 234/2916/18 233/2926/8 222/2927/12
f 222/2927/12 221/2912/15 234/2916/18
f 230/2928/47 233/2926/8 232/2925/15
f 222/2927/12 233/2926/8 230/2928/47
f 227/2929/21 232/2925/15 231/2219/11
f 232/2925/15 227/2929/21 230/2928/47
f 229/2930/21 227/2929/21 231/2219/11
f 190/2216/42 229/2930/21 231/2219/11
f 230/2928/47 227/2929/21 228/2931/66
f 230/2928/47 228/2931/66 222/2927/12
f 191/2932/16 229/2930/21 190/2216/42
f 229/2930/21 191/2932/16 227/2929/21
f 228/2931/66 227/2929/21 226/2933/43
f 228/2931/66 226/2933/43 225/2934/30
f 228/2931/66 225/2934/30 222/2927/12
f 226/2933/43 227/2929/21 223/2935/9
f 223/2935/9 227/2929/21 191/2932/16
f 225/2934/30 226/2933/43 224/2936/30
f 224/2936/30 226/2933/43 223/2935/9
f 225/2934/30 224/2936/30 222/2927/12
f 224/2936/30 223/2935/9 222/2927/12
f 223/2935/9 218/2937/69 222/2927/12
f 223/2935/9 191/2932/16 218/2937/69
f 221/2912/15 222/2927/12 219/2938/47
f 219/2938/47 222/2927/12 218/2937/69
f 219/2938/47 220/2914/8 221/2912/15
f 191/2932/16 194/2939/69 218/2937/69
f 219/2938/47 214/2940/21 220/2914/8
f 220/2914/8 214/2940/21 217/2915/12
f 195/2941/31 219/2938/47 218/2937/69
f 214/2940/21 219/2938/47 195/2941/31
f 218/2937/69 194/2939/69 195/2941/31
f 214/2940/21 213/2942/21 217/2915/12
f 213/2942/21 216/1751/33 217/2915/12
f 215/1750/29 216/1751/33 213/2942/21
f 212/1809/31 215/1750/29 213/2942/21
f 214/2940/21 211/2943/29 213/2942/21
f 211/2943/29 214/2940/21 195/2941/31
f 212/1809/31 213/2942/21 210/2944/29
f 211/2943/29 210/2944/29 213/2942/21
f 210/2944/29 209/1807/31 212/1809/31
f 211/2943/29 197/2945/43 210/2944/29
f 197/2945/43 211/2943/29 195/2941/31
f 207/2946/22 209/1807/31 210/2944/29
f 210/2944/29 197/2945/43 207/2946/22
f 207/2946/22 206/2947/38 209/1807/31
f 208/1810/119 209/1807/31 206/2947/38
f 208/1810/119 206/2947/38 205/1812/39
f 207/2946/22 200/2948/4 206/2947/38
f 197/2945/43 200/2948/4 207/2946/22
f 204/2949/22 205/1812/39 206/2947/38
f 204/2949/22 206/2947/38 200/2948/4
f 205/1812/39 204/2949/22 203/1825/23
f 201/2950/22 203/1825/23 204/2949/22
f 201/2950/22 204/2949/22 200/2948/4
f 201/2950/22 202/1829/38 203/1825/23
f 201/2950/22 199/875/19 202/1829/38
f 199/875/19 201/2950/22 200/2948/4
f 199/875/19 200/2948/4 197/2945/43
f 198/867/42 199/875/19 197/2945/43
f 197/2945/43 196/869/45 198/867/42
f 195/2941/31 196/869/45 197/2945/43
f 196/869/45 195/2941/31 178/2951/162
f 196/869/45 178/2951/162 174/866/51
f 181/2952/21 178/2951/162 195/2941/31
f 181/2952/21 195/2941/31 193/2953/16
f 194/2939/69 193/2953/16 195/2941/31
f 194/2939/69 192/2954/163 193/2953/16
f 191/2932/16 192/2954/163 194/2939/69
f 192/2954/163 187/2955/69 193/2953/16
f 187/2955/69 181/2952/21 193/2953/16
f 191/2932/16 188/2956/42 192/2954/163
f 192/2954/163 188/2956/42 187/2955/69
f 188/2956/42 191/2932/16 190/2216/42
f 188/2956/42 190/2216/42 189/2181/23
f 186/2179/39 188/2956/42 189/2181/23
f 187/2955/69 188/2956/42 185/2957/21
f 188/2956/42 186/2179/39 185/2957/21
f 181/2952/21 187/2955/69 185/2957/21
f 186/2179/39 184/810/91 185/2957/21
f 185/2957/21 184/810/91 181/2952/21
f 184/810/91 182/2958/31 181/2952/21
f 182/2958/31 184/810/91 183/811/42
f 182/2958/31 183/811/42 180/817/49
f 182/2958/31 179/2959/66 181/2952/21
f 182/2958/31 180/817/49 179/2959/66
f 181/2952/21 179/2959/66 178/2951/162
f 175/829/51 179/2959/66 180/817/49
f 179/2959/66 175/829/51 178/2951/162
f 174/866/51 178/2951/162 175/829/51
f 175/829/51 177/2960/25 174/866/51
f 175/829/51 176/2961/45 177/2960/25
f 174/866/51 177/2960/25 173/2962/7
f 177/2960/25 176/2961/45 173/2962/7
f 176/2961/45 175/829/51 172/2963/59
f 176/2961/45 172/2963/59 173/2962/7
f 172/2963/59 175/829/51 169/827/50
f 174/866/51 173/2962/7 171/2964/15
f 174/866/51 171/2964/15 168/868/31
f 173/2962/7 172/2963/59 170/2965/2
f 170/2965/2 171/2964/15 173/2962/7
f 169/827/50 170/2965/2 172/2963/59
f 170/2965/2 168/868/31 171/2964/15
f 170/2965/2 169/827/50 168/868/31
f 167/2966/18 165/2967/21 166/1351/9
f 167/2966/18 73/2968/21 165/2967/21
f 166/1351/9 165/2967/21 161/2969/16
f 166/1351/9 161/2969/16 163/1350/39
f 165/2967/21 73/2968/21 164/2970/47
f 165/2967/21 164/2970/47 161/2969/16
f 73/2968/21 74/2971/47 164/2970/47
f 162/2972/43 163/1350/39 161/2969/16
f 164/2970/47 74/2971/47 158/2973/47
f 164/2970/47 158/2973/47 161/2969/16
f 154/2974/22 163/1350/39 162/2972/43
f 163/1350/39 154/2974/22 160/1353/45
f 162/2972/43 161/2969/16 155/2975/45
f 162/2972/43 155/2975/45 154/2974/22
f 158/2973/47 157/2976/47 161/2969/16
f 161/2969/16 157/2976/47 155/2975/45
f 154/2974/22 149/2977/21 160/1353/45
f 158/2973/47 152/2978/46 157/2976/47
f 145/2979/52 160/1353/45 149/2977/21
f 160/1353/45 145/2979/52 159/1362/66
f 145/2979/52 143/1365/66 159/1362/66
f 152/2978/46 158/2973/47 156/2980/143
f 74/2971/47 156/2980/143 158/2973/47
f 152/2978/46 151/2981/53 157/2976/47
f 157/2976/47 151/2981/53 155/2975/45
f 152/2978/46 156/2980/143 90/2982/68
f 153/2983/46 155/2975/45 151/2981/53
f 75/2984/66 156/2980/143 74/2971/47
f 75/2984/66 90/2982/68 156/2980/143
f 147/2985/75 155/2975/45 153/2983/46
f 155/2975/45 147/2985/75 154/2974/22
f 149/2977/21 154/2974/22 147/2985/75
f 153/2983/46 151/2981/53 150/2986/79
f 147/2985/75 153/2983/46 150/2986/79
f 151/2981/53 152/2978/46 91/2987/75
f 90/2982/68 91/2987/75 152/2978/46
f 150/2986/79 151/2981/53 93/2988/53
f 93/2988/53 151/2981/53 91/2987/75
f 147/2985/75 150/2986/79 96/2989/68
f 150/2986/79 93/2988/53 96/2989/68
f 147/2985/75 148/2990/45 149/2977/21
f 149/2977/21 148/2990/45 146/2991/52
f 149/2977/21 146/2991/52 145/2979/52
f 147/2985/75 144/2992/51 148/2990/45
f 148/2990/45 144/2992/51 146/2991/52
f 147/2985/75 96/2989/68 144/2992/51
f 146/2991/52 138/2993/66 145/2979/52
f 146/2991/52 144/2992/51 138/2993/66
f 138/2993/66 142/2994/51 145/2979/52
f 143/1365/66 145/2979/52 142/2994/51
f 144/2992/51 98/2995/53 138/2993/66
f 96/2989/68 98/2995/53 144/2992/51
f 143/1365/66 142/2994/51 140/2996/47
f 140/2996/47 141/1381/29 143/1365/66
f 138/2993/66 137/2997/151 142/2994/51
f 142/2994/51 137/2997/151 140/2996/47
f 140/2996/47 139/2998/47 141/1381/29
f 141/1381/29 139/2998/47 28/1383/106
f 140/2996/47 134/2999/8 139/2998/47
f 140/2996/47 137/2997/151 134/2999/8
f 31/3000/12 28/1383/106 139/2998/47
f 139/2998/47 134/2999/8 31/3000/12
f 138/2993/66 135/3001/24 137/2997/151
f 135/3001/24 138/2993/66 98/2995/53
f 137/2997/151 135/3001/24 136/3002/24
f 135/3001/24 98/2995/53 99/3003/25
f 136/3002/24 133/3004/25 137/2997/151
f 137/2997/151 133/3004/25 134/2999/8
f 135/3001/24 129/3005/26 136/3002/24
f 136/3002/24 129/3005/26 133/3004/25
f 135/3001/24 99/3003/25 129/3005/26
f 133/3004/25 132/3006/18 134/2999/8
f 133/3004/25 129/3005/26 130/3007/24
f 32/3008/15 134/2999/8 132/3006/18
f 31/3000/12 134/2999/8 32/3008/15
f 133/3004/25 131/3009/5 132/3006/18
f 133/3004/25 130/3007/24 131/3009/5
f 131/3009/5 128/3010/15 132/3006/18
f 32/3008/15 132/3006/18 128/3010/15
f 127/3011/5 131/3009/5 130/3007/24
f 131/3009/5 127/3011/5 128/3010/15
f 130/3007/24 129/3005/26 118/3012/24
f 118/3012/24 127/3011/5 130/3007/24
f 118/3012/24 129/3005/26 99/3003/25
f 128/3010/15 127/3011/5 37/3013/8
f 37/3013/8 127/3011/5 126/3014/5
f 37/3013/8 34/3015/15 128/3010/15
f 128/3010/15 34/3015/15 32/3008/15
f 124/3016/3 126/3014/5 127/3011/5
f 124/3016/3 127/3011/5 118/3012/24
f 126/3014/5 124/3016/3 125/3017/30
f 125/3017/30 124/3016/3 123/3018/62
f 118/3012/24 122/3019/59 124/3016/3
f 120/3020/2 123/3018/62 124/3016/3
f 120/3020/2 124/3016/3 122/3019/59
f 120/3020/2 121/3021/4 123/3018/62
f 118/3012/24 115/3022/30 122/3019/59
f 115/3022/30 120/3020/2 122/3019/59
f 120/3020/2 117/3023/19 121/3021/4
f 121/3021/4 117/3023/19 112/3024/8
f 115/3022/30 119/3025/11 120/3020/2
f 119/3025/11 117/3023/19 120/3020/2
f 119/3025/11 115/3022/30 116/3026/11
f 119/3025/11 116/3026/11 117/3023/19
f 100/3027/65 115/3022/30 118/3012/24
f 100/3027/65 118/3012/24 99/3003/25
f 117/3023/19 116/3026/11 114/3028/10
f 114/3028/10 112/3024/8 117/3023/19
f 115/3022/30 109/3029/3 116/3026/11
f 109/3029/3 114/3028/10 116/3026/11
f 109/3029/3 115/3022/30 100/3027/65
f 112/3024/8 114/3028/10 113/3030/12
f 109/3029/3 113/3030/12 114/3028/10
f 113/3030/12 110/3031/18 112/3024/8
f 109/3029/3 110/3031/18 113/3030/12
f 111/3032/9 112/3024/8 110/3031/18
f 100/3027/65 101/3033/26 109/3029/3
f 111/3032/9 110/3031/18 108/3034/15
f 111/3032/9 108/3034/15 107/3035/21
f 109/3029/3 104/3036/30 110/3031/18
f 104/3036/30 108/3034/15 110/3031/18
f 101/3033/26 104/3036/30 109/3029/3
f 105/3037/27 107/3035/21 108/3034/15
f 104/3036/30 106/3038/10 108/3034/15
f 108/3034/15 106/3038/10 105/3037/27
f 106/3038/10 104/3036/30 103/3039/65
f 45/3040/24 107/3035/21 105/3037/27
f 45/3040/24 41/3041/49 107/3035/21
f 106/3038/10 83/3042/40 105/3037/27
f 103/3039/65 83/3042/40 106/3038/10
f 83/3042/40 49/3043/26 105/3037/27
f 49/3043/26 45/3040/24 105/3037/27
f 103/3039/65 104/3036/30 102/3044/40
f 101/3033/26 102/3044/40 104/3036/30
f 84/3045/36 83/3042/40 103/3039/65
f 95/3046/26 102/3044/40 101/3033/26
f 89/3047/62 103/3039/65 102/3044/40
f 84/3045/36 103/3039/65 89/3047/62
f 95/3046/26 94/3048/40 102/3044/40
f 89/3047/62 102/3044/40 94/3048/40
f 97/3049/65 95/3046/26 101/3033/26
f 97/3049/65 101/3033/26 100/3027/65
f 99/3003/25 97/3049/65 100/3027/65
f 98/2995/53 97/3049/65 99/3003/25
f 96/2989/68 97/3049/65 98/2995/53
f 96/2989/68 95/3046/26 97/3049/65
f 96/2989/68 93/2988/53 95/3046/26
f 93/2988/53 94/3048/40 95/3046/26
f 93/2988/53 92/3050/56 94/3048/40
f 89/3047/62 94/3048/40 92/3050/56
f 91/2987/75 92/3050/56 93/2988/53
f 91/2987/75 89/3047/62 92/3050/56
f 90/2982/68 89/3047/62 91/2987/75
f 87/3051/46 89/3047/62 90/2982/68
f 90/2982/68 75/2984/66 87/3051/46
f 87/3051/46 88/3052/79 89/3047/62
f 89/3047/62 88/3052/79 84/3045/36
f 86/3053/56 88/3052/79 87/3051/46
f 85/3054/30 84/3045/36 88/3052/79
f 86/3053/56 85/3054/30 88/3052/79
f 77/3055/56 87/3051/46 75/2984/66
f 87/3051/46 80/3056/79 86/3053/56
f 77/3055/56 80/3056/79 87/3051/46
f 86/3053/56 82/3057/23 85/3054/30
f 80/3056/79 82/3057/23 86/3053/56
f 56/3058/40 84/3045/36 85/3054/30
f 85/3054/30 82/3057/23 60/3059/13
f 60/3059/13 56/3058/40 85/3054/30
f 80/3056/79 81/3060/75 82/3057/23
f 84/3045/36 56/3058/40 55/3061/40
f 83/3042/40 84/3045/36 55/3061/40
f 55/3061/40 49/3043/26 83/3042/40
f 81/3060/75 58/3062/39 82/3057/23
f 82/3057/23 58/3062/39 60/3059/13
f 78/3063/38 81/3060/75 80/3056/79
f 78/3063/38 58/3062/39 81/3060/75
f 79/3064/46 78/3063/38 80/3056/79
f 79/3064/46 80/3056/79 77/3055/56
f 58/3062/39 78/3063/38 62/3065/21
f 76/3066/50 79/3064/46 77/3055/56
f 68/3067/21 78/3063/38 79/3064/46
f 76/3066/50 68/3067/21 79/3064/46
f 68/3067/21 62/3065/21 78/3063/38
f 77/3055/56 71/3068/52 76/3066/50
f 71/3068/52 77/3055/56 75/2984/66
f 68/3067/21 76/3066/50 69/3069/51
f 71/3068/52 69/3069/51 76/3066/50
f 65/3070/69 62/3065/21 68/3067/21
f 71/3068/52 75/2984/66 72/3071/16
f 74/2971/47 72/3071/16 75/2984/66
f 72/3071/16 74/2971/47 73/2968/21
f 73/2968/21 64/3072/51 72/3071/16
f 72/3071/16 70/3073/51 71/3068/52
f 70/3073/51 72/3071/16 64/3072/51
f 69/3069/51 71/3068/52 70/3073/51
f 64/3072/51 67/3074/164 70/3073/51
f 67/3074/164 69/3069/51 70/3073/51
f 66/3075/21 68/3067/21 69/3069/51
f 69/3069/51 67/3074/164 66/3075/21
f 68/3067/21 66/3075/21 65/3070/69
f 61/3076/5 67/3074/164 64/3072/51
f 67/3074/164 61/3076/5 66/3075/21
f 65/3070/69 66/3075/21 61/3076/5
f 61/3076/5 62/3065/21 65/3070/69
f 63/3077/9 61/3076/5 64/3072/51
f 63/3077/9 62/3065/21 61/3076/5
f 60/3059/13 58/3062/39 59/3078/19
f 60/3059/13 59/3078/19 57/3079/13
f 60/3059/13 57/3079/13 56/3058/40
f 59/3078/19 58/3062/39 52/3080/15
f 57/3079/13 59/3078/19 52/3080/15
f 52/3080/15 58/3062/39 53/3081/29
f 54/3082/59 56/3058/40 57/3079/13
f 52/3080/15 54/3082/59 57/3079/13
f 56/3058/40 54/3082/59 50/3083/36
f 55/3061/40 56/3058/40 50/3083/36
f 55/3061/40 50/3083/36 49/3043/26
f 52/3080/15 51/3084/9 54/3082/59
f 54/3082/59 51/3084/9 50/3083/36
f 53/3081/29 43/3085/21 52/3080/15
f 43/3085/21 53/3081/29 38/3086/5
f 51/3084/9 52/3080/15 44/3087/12
f 52/3080/15 43/3085/21 44/3087/12
f 51/3084/9 46/3088/9 50/3083/36
f 44/3087/12 46/3088/9 51/3084/9
f 50/3083/36 48/3089/25 49/3043/26
f 50/3083/36 46/3088/9 48/3089/25
f 49/3043/26 48/3089/25 45/3040/24
f 46/3088/9 47/3090/25 48/3089/25
f 48/3089/25 47/3090/25 45/3040/24
f 46/3088/9 42/3091/12 47/3090/25
f 47/3090/25 42/3091/12 45/3040/24
f 46/3088/9 44/3087/12 42/3091/12
f 41/3041/49 45/3040/24 42/3091/12
f 43/3085/21 39/3092/47 44/3087/12
f 44/3087/12 39/3092/47 42/3091/12
f 43/3085/21 38/3086/5 39/3092/47
f 41/3041/49 42/3091/12 40/3093/29
f 40/3093/29 42/3091/12 39/3092/47
f 40/3093/29 38/3086/5 41/3041/49
f 40/3093/29 39/3092/47 38/3086/5
f 35/3094/18 37/3013/8 36/3095/5
f 35/3094/18 34/3015/15 37/3013/8
f 35/3094/18 36/3095/5 25/3096/18
f 36/3095/5 23/3097/27 25/3096/18
f 34/3015/15 35/3094/18 29/3098/15
f 25/3096/18 29/3098/15 35/3094/18
f 33/3099/9 34/3015/15 29/3098/15
f 34/3015/15 33/3099/9 32/3008/15
f 30/3100/9 32/3008/15 33/3099/9
f 33/3099/9 29/3098/15 30/3100/9
f 30/3100/9 31/3000/12 32/3008/15
f 31/3000/12 30/3100/9 28/1383/106
f 27/3101/9 30/3100/9 29/3098/15
f 28/1383/106 30/3100/9 27/3101/9
f 27/3101/9 29/3098/15 25/3096/18
f 28/1383/106 27/3101/9 26/1382/21
f 27/3101/9 24/3102/8 26/1382/21
f 25/3096/18 24/3102/8 27/3101/9
f 18/1704/49 26/1382/21 24/3102/8
f 24/3102/8 25/3096/18 22/3103/38
f 22/3103/38 25/3096/18 23/3097/27
f 22/3103/38 18/1704/49 24/3102/8
f 22/3103/38 23/3097/27 21/3104/75
f 21/3104/75 18/1704/49 22/3103/38
f 18/1704/49 21/3104/75 20/3105/165
f 20/3105/165 21/3104/75 19/3106/51
f 15/3107/49 20/3105/165 19/3106/51
f 15/3107/49 18/1704/49 20/3105/165
f 15/3107/49 19/3106/51 17/3108/66
f 14/3109/51 18/1704/49 15/3107/49
f 14/3109/51 13/1702/51 18/1704/49
f 15/3107/49 17/3108/66 6/3110/66
f 17/3108/66 16/2687/66 6/3110/66
f 6/3110/66 16/2687/66 1/2686/51
f 14/3109/51 15/3107/49 12/3111/52
f 6/3110/66 12/3111/52 15/3107/49
f 11/3112/50 13/1702/51 14/3109/51
f 12/3111/52 11/3112/50 14/3109/51
f 13/1702/51 11/3112/50 10/1700/51
f 8/3113/53 12/3111/52 6/3110/66
f 8/3113/53 11/3112/50 12/3111/52
f 7/3114/66 10/1700/51 11/3112/50
f 8/3113/53 7/3114/66 11/3112/50
f 7/3114/66 9/1698/66 10/1700/51
f 9/1698/66 7/3114/66 4/2675/49
f 6/3110/66 5/3115/51 8/3113/53
f 8/3113/53 5/3115/51 7/3114/66
f 4/2675/49 7/3114/66 5/3115/51
f 6/3110/66 1/2686/51 5/3115/51
f 2/3116/53 4/2675/49 5/3115/51
f 1/2686/51 2/3116/53 5/3115/51
f 4/2675/49 2/3116/53 3/2677/53
f 3/2677/53 2/3116/53 1/2686/51
